Date,log_return,rolling_volatility_20,daily_range,volume_change,current_close,next_log_return,state_viterbi_past_only,state_posterior_argmax,posterior_confidence,posterior_entropy,p_state_0,p_state_1,p_state_2,p_state_3
2023-05-10,-0.0014294640409970906,0.009005928961049629,0.009642342068501656,0.27994315471024006,188.75,-0.008619799546280105,0,0,0.9988427376522415,0.0069584315772409965,0.9988427376522415,0.00024160285589602766,0.0009017866789788249,1.38728128891683e-05
2023-05-11,-0.008619799546280105,0.008672677214049074,0.010420546664674585,-0.13020131340182503,187.1300048828125,-0.0017115440993108683,0,0,0.9979753262707077,0.011315933530220484,0.9979753262707077,0.0004657842503080396,0.0015569558344431477,1.9336445462540993e-06
2023-05-12,-0.0017115440993108683,0.007684143924995772,0.007173044030849203,-0.15133492793281725,186.80999755859372,0.0021389727993926496,0,0,0.9576695047294294,0.14190877535961516,0.9576695047294294,0.00506364421889453,0.0013933319408540971,0.03587351911081938
2023-05-15,0.0021389727993926496,0.007618376958955225,0.0045403881899047155,-0.25029907091483167,187.2100067138672,-0.01257816833072297,0,0,0.7022783602640931,0.47173730352740467,0.7022783602640931,0.008033785563536459,0.0012581709666016085,0.28842968320577117
2023-05-16,-0.01257816833072297,0.008102174251784148,0.012765730906497717,0.5453087282765553,184.8699951171875,-0.003467895133703437,0,0,0.7918984343320943,0.3871674801978516,0.7918984343320943,0.20263266197595872,0.005468894373148592,9.318794151412213e-09
2023-05-17,-0.003467895133703437,0.008069558157185732,0.005265164431408364,-0.24187185700880598,184.22999572753903,-0.0130577944134065,0,0,0.7777128496678457,0.4134785151645653,0.7777128496678457,0.008627054457765739,0.0011066428657211507,0.21255345300866788
2023-05-18,-0.0130577944134065,0.008483656713195703,0.005169393204669516,0.16471204618494692,181.83999633789065,0.009850156652287684,0,0,0.9784843972400649,0.08310551094835963,0.9784843972400649,0.017896552403015173,0.003046048837147404,0.000573001519754412
2023-05-19,0.009850156652287684,0.008559077659978457,0.013776948310312098,-0.04379279959380328,183.63999938964844,-0.002344243508491738,0,0,0.9898700293619691,0.045419167710259827,0.9898700293619691,0.0032632904081885887,0.006866680159207037,7.064945015860121e-11
2023-05-22,-0.002344243508491738,0.008537699263043782,0.005076101968784632,-0.5566533752368463,183.2100067138672,0.0012000108481294142,0,0,0.9887185123240471,0.0473973672270675,0.9887185123240471,0.00012386864214507625,0.0009355523097649032,0.01022206672406968
2023-05-23,0.0012000108481294142,0.008449652939158496,0.006978132423302078,0.2719307604052657,183.42999267578125,-0.008101176111367243,0,0,0.9939746500646612,0.03041478109103645,0.9939746500646612,0.0012513940536329874,0.0008777975131033616,0.0038961583685809807
2023-05-24,-0.008101176111367243,0.008549417252328028,0.009727887020385044,0.059338856066090545,181.9499969482422,-0.00966457904681634,0,0,0.9976462201773058,0.013186600801470558,0.9976462201773058,0.001022634429250847,0.001317992411727474,1.3152981739546283e-05
2023-05-25,-0.00966457904681634,0.008773906432971714,0.0067147140708644715,0.027294198777723433,180.1999969482422,0.003987606250000357,0,0,0.9982122792847973,0.010376580208466435,0.9982122792847973,0.00029530674243195056,0.0013422907850681623,0.00015012318767533163
2023-05-26,0.003987606250000357,0.008846804331775154,0.006688076089505972,-0.17236435743152775,180.9199981689453,0.006171471778321201,0,0,0.9977056635730119,0.013018587475904373,0.9977056635730119,9.85002053881567e-05,0.0007442382766084532,0.0014515979450190914
2023-05-30,0.006171471778321201,0.008949649874942144,0.006756733536051981,-0.1714564697458347,182.0399932861328,0.001537018842589403,0,0,0.9984361067607482,0.009372313642420214,0.9984361067607482,7.41391739867633e-05,0.0008031182754556338,0.0006866357898308497
2023-05-31,0.001537018842589403,0.007694528079667275,0.007404512892136457,0.54933974531588,182.32000732421875,0.007867103377943474,0,0,0.9676066346512044,0.12359305176129945,0.9676066346512044,0.015604209397713918,0.0019052692532890733,0.0148838866978146
2023-06-01,0.007867103377943474,0.007656692631232792,0.00810843239935248,-0.15187623518920101,183.75999450683597,-0.014857275420164814,0,0,0.9712531949863115,0.1120398205738928,0.9712531949863115,0.017073749949529527,0.0021300391827378915,0.00954301588139477
2023-06-02,-0.014857275420164814,0.007943351488456143,0.014360623037290198,0.17837569568085496,181.0500030517578,0.0060023657211361265,0,0,0.9537805224433257,0.15807224738327394,0.9537805224433257,0.02485401982292455,0.021365457730379657,3.375310487221322e-12
2023-06-05,0.0060023657211361265,0.0075131998486717404,0.010102099176767791,-0.4173273972632193,182.13999938964844,0.0010974372841259582,0,0,0.9678949639795486,0.11600356140987331,0.9678949639795486,0.024861244111929866,0.006793123320477388,0.00045066858805509246
2023-06-06,0.0010974372841259582,0.007510851035044719,0.0061971572157407135,-0.1461348363085713,182.33999633789065,-0.012083252758880945,0,0,0.7473001749253692,0.4494255053466102,0.7473001749253692,0.011949026592674872,0.0016024976543436867,0.2391483008275931
2023-06-07,-0.012083252758880945,0.00758912349025045,0.015820184291281365,0.6017300010433972,180.1499938964844,0.013124733073092816,0,1,0.5421315249693396,0.5628739137132636,0.4350353996152195,0.5421315249693396,0.022833075415311137,1.407488308792508e-13
2023-06-08,0.013124733073092816,0.008347319262287448,0.005916762063705883,-0.34921061193440844,182.52999877929688,-0.002688130119841765,0,0,0.9597033013841418,0.15014251789728497,0.9597033013841418,0.014975229529623461,0.005061790088505098,0.020259678997713765
2023-06-09,-0.002688130119841765,0.008191520795174826,0.005877785678380355,-0.3785096308732571,182.0399932861328,-0.0008792504640156504,0,0,0.9557607312372981,0.1387897884482434,0.9557607312372981,0.0015111698885734188,0.0009685840158052524,0.041759514858344414
2023-06-12,-0.0008792504640156504,0.008191855839120568,0.004948367776069306,0.10696682441442806,181.8800048828125,-0.00739483312084137,0,0,0.956686687663295,0.14198780237167097,0.956686687663295,0.00394515058666153,0.0011768410690034534,0.03819132068105302
2023-06-13,-0.00739483312084137,0.008256063677106617,0.01251797159011818,0.05062929362013025,180.5399932861328,0.0005537743402144653,0,0,0.9868630933102452,0.05576814663614878,0.9868630933102452,0.009889427953954163,0.003247418072441136,6.066341220264762e-08
2023-06-14,0.0005537743402144653,0.007868003447286626,0.010075328445351209,0.2834893171269785,180.63999938964844,0.007005982383036088,0,0,0.9863649077378918,0.05664153920418106,0.9863649077378918,0.011629490378971067,0.00177209245005694,0.00023350943311880803
2023-06-15,0.007005982383036088,0.008052525259775827,0.010279865528726133,-0.010039948501734468,181.91000366210935,-0.001540401760914932,0,0,0.9928944090119015,0.03358799680349052,0.9928944090119015,0.005197719282513204,0.0018667866446710761,4.108506093154234e-05
2023-06-16,-0.001540401760914932,0.00751087026690351,0.00666184783653361,0.26446235073411667,181.6300048828125,-0.010404681043488588,0,0,0.9068777761477205,0.2650091915552304,0.9068777761477205,0.01988845115198943,0.0020580523539741003,0.0711757203462642
2023-06-20,-0.010404681043488588,0.007470041008289502,0.0048400284683588314,-0.1463067607851759,179.75,-0.0014474699268161662,0,0,0.8839735014881352,0.32627818092434147,0.8839735014881352,0.06026037574790182,0.003489440516192189,0.05227668224782667
2023-06-21,-0.0014474699268161662,0.007464682610203656,0.009805529293958195,-0.12361638484233857,179.49000549316406,-0.009966480697039254,0,0,0.8818326890936514,0.28870485915663846,0.8818326890936514,0.10933202842065604,0.002860093442825146,0.005975189042887402
2023-06-22,-0.009966480697039254,0.007703239216380625,0.007652920820273865,0.17009204891799717,177.7100067138672,0.0027534519339434175,0,0,0.9211536012133538,0.22376744773852006,0.9211536012133538,0.06953732612039709,0.002737809883009763,0.006571262783191182
2023-06-23,0.0027534519339434175,0.00760161614395676,0.010437714041554084,-0.38248388558696356,178.1999969482422,0.0017380933759117798,0,0,0.9548283620486214,0.14404351886875363,0.9548283620486214,0.04101493801936724,0.0035283683732904706,0.0006283315587553295
2023-06-26,0.0017380933759117798,0.00734406010478074,0.0036972924901641883,-0.5200255935053438,178.50999450683594,-0.00460411859047838,0,3,0.49837102734527855,0.5302692013001467,0.4942809212184625,0.005905318917355548,0.0014427325188733858,0.49837102734527855
2023-06-27,-0.00460411859047838,0.007320768650037694,0.010467671702378993,0.44675749258291125,177.69000244140625,-0.002310076023493695,1,1,0.8078821635058103,0.36247663415755604,0.18998083181138037,0.8078821635058103,0.0010782639349220498,0.001058740747906558
2023-06-28,-0.002310076023493695,0.007132774324448333,0.00558441730584938,0.1525014816987535,177.27999877929688,-0.0010723394318449203,3,3,0.878560858469249,0.29952845146626206,0.014343109723420976,0.10691247874213065,0.00018355306518490252,0.878560858469249
2023-06-29,-0.0010723394318449203,0.007101468383828205,0.010390262774464771,0.15677951165761234,177.08999633789062,0.006641221688667137,1,1,0.9905446545504673,0.04370662492450387,0.003422562360392398,0.9905446545504673,0.00021190944297714423,0.005820873646192362
2023-06-30,0.006641221688667137,0.007021611780157683,0.006787409132659363,-0.06651351204315883,178.27000427246094,0.001121247777740352,3,3,0.8219091184913562,0.3500631217049482,0.0029473945448773237,0.17490788171650773,0.0002356052473098483,0.8219091184913562
2023-07-03,0.001121247777740352,0.006295258737171685,0.004930742522577827,-0.45206522253160586,178.47000122070312,-0.003536277643963551,3,3,0.9791075589599244,0.07334383414129242,1.4177878413326486e-05,0.020870858188602556,7.40497304076225e-06,0.9791075589599244
2023-07-05,-0.003536277643963551,0.006118188562531367,0.008940600374674323,0.32426866194947374,177.83999633789062,-0.002984649764026069,1,1,0.9431011145476408,0.15779843474702557,3.891205595094672e-06,0.9431011145476408,4.4924049547493663e-05,0.05685007019726474
2023-07-06,-0.002984649764026069,0.006105779502127137,0.006429414050788163,-0.09607145063219201,177.30999755859375,0.007473004815488796,3,3,0.906298422463237,0.22501644866973727,6.264721454963983e-05,0.09359257489212278,4.635543005668578e-05,0.906298422463237
2023-07-07,0.007473004815488796,0.005865843947243216,0.007277137244796026,0.013179858099648544,178.63999938964844,0.0007833887164984092,3,3,0.5197533434495722,0.49983974671820935,6.602785546666103e-06,0.4801933765163433,4.66772485678387e-05,0.5197533434495722
2023-07-10,0.0007833887164984092,0.0049423309240132895,0.003691708617383685,-0.44875476767918326,178.77999877929688,0.003740607755698653,3,3,0.9864408928166084,0.05184086638393473,1.6593623307436948e-07,0.013548640293719253,1.030095343425624e-05,0.9864408928166084
2023-07-11,0.003740607755698653,0.00503749549882705,0.003232108336128723,-0.16380411152790095,179.4499969482422,0.013450555215707776,3,3,0.9586513423774745,0.12426930604308463,8.997933649085307e-09,0.04134175415794166,6.8944665964107315e-06,0.9586513423774745
2023-07-12,0.013450555215707776,0.00594962350815321,0.004673360577894477,0.9184170350354643,181.8800048828125,0.0007144446386035077,1,1,0.9119051677404095,0.2156471494375387,2.1180095307910224e-06,0.9119051677404095,0.00010593763755682351,0.08798677661246453
2023-07-13,0.0007144446386035077,0.005689793414315452,0.003626110780941343,-0.44447004165483944,182.00999450683597,-0.003191736429074845,3,3,0.9871497963450159,0.049692149023147496,5.395890635064608e-06,0.01282948727878252,1.5320485529579065e-05,0.9871497963450159
2023-07-14,-0.003191736429074845,0.005746017588587304,0.005842460460702089,0.1742871290695506,181.42999267578125,0.0007163001287564502,3,3,0.8053022543415945,0.3556803078872806,2.1173586695939028e-07,0.19468730802678136,1.0225895735209671e-05,0.8053022543415945
2023-07-17,0.0007163001287564502,0.005522745345143464,0.005452773223598244,-0.2608589045839525,181.55999755859372,0.011391151915954767,3,3,0.9658323409040738,0.1074895189904723,6.898026326449234e-07,0.0341606640110832,6.305282180350096e-06,0.9658323409040738
2023-07-18,0.011391151915954767,0.006074226677323784,0.010400721028470814,0.6850711156769357,183.63999938964844,0.00016334311378929522,1,1,0.9997493704709277,0.0017878573629715791,2.4780027941625825e-06,0.9997493704709277,5.8814041808731746e-05,0.0001893374845026272
2023-07-19,0.00016334311378929522,0.00550398284588515,0.005281217566142275,-0.744811098557906,183.6699981689453,-0.005076251540707413,3,3,0.9904717223523638,0.038942735012396756,3.63786107664809e-06,0.009506565936550422,1.8073850044475738e-05,0.9904717223523638
2023-07-20,-0.005076251540707413,0.005649527623063686,0.0071139488490735234,0.24005667348807183,182.7400054931641,-0.0030692385170081175,1,1,0.5679170392481616,0.49353260159586765,2.639471316620903e-07,0.5679170392481616,2.6576542336426244e-05,0.4320561202623767
2023-07-21,-0.0030692385170081175,0.005138912213546117,0.00428155708335162,-0.2571255421879557,182.17999267578125,-0.004290665079151833,3,3,0.9709250864609942,0.09496159641841251,5.562099090842724e-07,0.02905962603720876,1.4731291896418623e-05,0.9709250864609942
2023-07-24,-0.004290665079151833,0.005269606837920087,0.0066151983937052135,0.12788538035139974,181.3999938964844,0.0055524167407638,3,3,0.702225386334007,0.43942496804088216,1.417075648336832e-07,0.29775540062675143,1.9071331621490235e-05,0.702225386334007
2023-07-25,0.0055524167407638,0.005369987470247421,0.007510526230377502,-0.0661935894739312,182.41000366210935,0.004867250719561796,3,3,0.6165768125122705,0.48070806021543205,3.367889587063178e-06,0.38335299276466306,6.682683344466006e-05,0.6165768125122705
2023-07-26,0.004867250719561796,0.00525875504328465,0.0072558745712577415,0.4092475839137771,183.3000030517578,-0.015836715414990758,1,3,0.5453524818238707,0.49741626202444306,1.6160280119366223e-06,0.4545948168804852,5.108526762166262e-05,0.5453524818238707
2023-07-27,-0.015836715414990758,0.0065042414954812385,0.007316218151125613,0.2093834262868007,180.4199981689453,0.007949707574281263,1,1,0.9973499420045481,0.014816769623783858,0.0003760444521659077,0.9973499420045481,0.0004202352653809307,0.0018537782779491502
2023-07-28,0.007949707574281263,0.006672551795165941,0.0056087334710085215,-0.6846489916621736,181.8600006103516,0.002690787072191872,3,3,0.9463918948601123,0.15464820533978194,0.000815549909728004,0.05261997966310788,0.00017257556708643478,0.9463918948601123
2023-07-31,0.002690787072191872,0.006564618547445723,0.004277481509126716,0.36125075229694126,182.3500061035156,-0.010418766955581723,3,3,0.834717868694288,0.3236727518027392,1.6839100015648232e-05,0.16524443278949943,2.0859416162544876e-05,0.834717868694288
2023-08-01,-0.010418766955581723,0.0070544444694612485,0.006594272399053424,0.127129913833614,180.4600067138672,-0.004776993918500052,1,1,0.8657127869113103,0.2900679061256363,0.0009839596830501544,0.8657127869113103,0.000254204084176612,0.13304904932147185
2023-08-02,-0.004776993918500052,0.007097634071658136,0.007683683614287052,0.015899344415059316,179.60000610351562,-0.00033420291832367705,3,3,0.5309536079453262,0.5233521700363536,0.005733725209185588,0.4628960367280526,0.0004166301174117763,0.5309536079453262
2023-08-03,-0.00033420291832367705,0.007053905034506242,0.0037317488804710862,-0.3129148143760226,179.5399932861328,0.003613876354074006,3,3,0.9719612619047925,0.09457265302228963,0.0006051861716702213,0.027389343756756085,4.4208166823119996e-05,0.9719612619047925
2023-08-04,0.003613876354074006,0.006907992680225563,0.0051057115071877915,0.13872140397862784,180.19000244140625,-0.002277988932518744,3,3,0.9002255176887917,0.2344574443146038,2.955426096860017e-05,0.09972727161200107,1.7656438197137242e-05,0.9002255176887917
2023-08-07,-0.002277988932518744,0.0069336655152291635,0.004894813828004119,-0.16625219694248056,179.77999877929688,-0.006361270240024672,3,3,0.9438569634809315,0.15646976562719475,6.875281704536068e-05,0.056056243966912715,1.8039735122408782e-05,0.9438569634809315
2023-08-08,-0.006361270240024672,0.0070354162546946665,0.0048701025535153085,0.3121616046067271,178.63999938964844,-0.00476956334967285,1,1,0.5387285235366098,0.4995621893717933,0.0001630173114357825,0.5387285235366098,9.924489069533693e-05,0.46100921426129154
2023-08-09,-0.00476956334967285,0.006313871292876749,0.006412055980078349,-0.28297138214879297,177.7899932861328,-0.0010691758408616784,3,3,0.8929283131587713,0.24641994874897985,0.00010554474947973768,0.10691715191004189,4.8990181759617235e-05,0.8929283131587713
2023-08-10,-0.0010691758408616784,0.006298919694998376,0.006531551927049244,0.24522356515606789,177.60000610351562,0.0,3,3,0.7470343542080417,0.40822793472669083,1.4386040318972796e-05,0.25293228103332377,1.8978718325133886e-05,0.7470343542080417
2023-08-11,0.0,0.006286926549551514,0.004898620986985868,-0.11503809550466906,177.60000610351562,-0.003045220530389694,3,3,0.9570671312508959,0.127945873565798,1.3677309981715663e-05,0.042909465099766606,9.726339408404442e-06,0.9570671312508959
2023-08-14,-0.003045220530389694,0.006287040612223303,0.005647803082506392,0.591250714212245,177.05999755859375,-0.0026580037072091345,1,1,0.5226489477922626,0.49950291136206326,5.333761515138476e-06,0.5226489477922626,2.496076911618408e-05,0.4773207576770768
2023-08-15,-0.0026580037072091345,0.005540228574592424,0.006229066580996011,-0.23114291094165149,176.58999633789062,-0.005792775189194925,3,3,0.9337677932256668,0.1760217428753896,3.868234639968241e-06,0.06620681001417673,2.152852546500507e-05,0.9337677932256668
2023-08-16,-0.005792775189194925,0.005580172104996598,0.007917066307809488,-0.14497020139930722,175.57000732421875,-0.0015390561619561794,1,1,0.6065136551562028,0.4840304620221934,3.2953988747004825e-06,0.6065136551562028,7.120953671947191e-05,0.39341183990818795
2023-08-17,-0.0015390561619561794,0.005541976702495202,0.009298373385260218,0.19072442539343815,175.3000030517578,0.0001711135895520659,1,1,0.9272597550523873,0.18916503372133994,2.1806823411655558e-05,0.9272597550523873,0.00019841604039427777,0.07252002208376182
2023-08-18,0.0001711135895520659,0.005558821286198211,0.005475340472551629,-0.23856221216660764,175.3300018310547,0.00273392964256731,3,3,0.9748720736609447,0.08478530905251193,3.4827148601413412e-06,0.025109248861062316,1.5194763159325916e-05,0.9748720736609447
2023-08-21,0.00273392964256731,0.005622457965361105,0.005574175195653766,-0.39645417359168106,175.80999755859375,0.0016481975934526548,3,3,0.9649348093602959,0.10963188861540586,1.5580075389573727e-07,0.03506002618254186,5.008656421693057e-06,0.9649348093602959
2023-08-22,0.0016481975934526548,0.005426704218765887,0.00533788988544211,0.337022267362105,176.10000610351562,0.010113328144583607,3,3,0.8647241202094833,0.2859209226877165,9.446360965970899e-08,0.1352689091846996,6.876142259610756e-06,0.8647241202094833
2023-08-23,0.010113328144583607,0.0058723939920283215,0.006464634889145399,0.299429272355028,177.88999938964844,-0.0002248455933195227,1,1,0.5750754019907991,0.4923140819116358,7.812546550132442e-06,0.5750754019907991,5.724555193654246e-05,0.42485953991070025
2023-08-24,-0.0002248455933195227,0.004807061511441934,0.0060725431205556684,-0.36352210574039023,177.85000610351562,-0.0012941233726573686,3,3,0.967102205296158,0.10449364294098885,1.9971100959309643e-07,0.03287582308204449,2.177191077932486e-05,0.967102205296158
2023-08-25,-0.0012941233726573686,0.004352805495539939,0.009852494359350764,0.10411480667393111,177.6199951171875,0.002867238875764686,1,1,0.978484451190073,0.07589203622415992,1.616603805907334e-08,0.978484451190073,0.00024237232613446327,0.021273160317732
2023-08-28,0.002867238875764686,0.004361233698064627,0.006848937221473355,-0.25746661151579203,178.1300048828125,0.00972069237763269,3,3,0.9279606675556118,0.18736726409850346,1.1203379614641251e-07,0.0719231864668841,0.00011603394369241946,0.9279606675556118
2023-08-29,0.00972069237763269,0.004437894425167346,0.011008011564341922,0.46887974608514293,179.8699951171875,0.002498750315822613,1,1,0.9996878073670242,0.0021762353208013424,1.5363045185455125e-08,0.9996878073670242,0.00022529478403489654,8.688248589234196e-05
2023-08-30,0.002498750315822613,0.004336886970611329,0.0032720251370600023,-0.13894990250430383,180.32000732421875,-0.001665111347163996,3,3,0.9808016418755913,0.06863883677661023,2.9589769431346133e-08,0.019164146763973065,3.418177064989956e-05,0.9808016418755913
2023-08-31,-0.001665111347163996,0.00435568596906366,0.003055232966917439,-0.31841581685783915,180.02000427246094,0.0004997991755412262,3,3,0.972056245456279,0.09205454989081877,1.0369616209443523e-09,0.02793309661181995,1.0656894953355514e-05,0.972056245456279
2023-09-01,0.0004997991755412262,0.004279721365448349,0.008938985091864077,0.03586184440986266,180.11000061035156,-0.008195174622491511,1,1,0.8344105600357304,0.3248552061676056,1.0020143641071479e-08,0.8344105600357304,0.00019669943656256658,0.16539273050755493
2023-09-05,-0.008195174622491511,0.004633757770678397,0.00447829743893388,0.3504310157011959,178.63999938964844,-0.004544556063018457,3,1,0.5015485246930548,0.5015272573039725,5.010242458210042e-07,0.5015485246930548,0.0002454271384709177,0.49820554714423565
2023-09-06,-0.004544556063018457,0.004525601906319991,0.007366572260614932,-0.09345270633953949,177.8300018310547,0.0010678794784509471,3,3,0.7160873629536832,0.431381541811246,2.968984855061423e-07,0.28374568249767707,0.00016665765014957476,0.7160873629536832
2023-09-07,0.0010678794784509471,0.004403832561652446,0.002640159585569859,-0.6796710540120415,178.02000427246094,0.0003369702787594387,3,3,0.9875626942347807,0.0483889912468882,2.2192729016336488e-08,0.012415774445304187,2.1509127192550888e-05,0.9875626942347807
2023-09-08,0.0003369702787594387,0.00439599599075621,0.006457823132574181,0.010839966295024622,178.0800018310547,0.0018513951035425602,3,3,0.8970232602518712,0.2392872811535871,1.0537974897805616e-09,0.10296170055606642,1.503813831952246e-05,0.8970232602518712
2023-09-11,0.0018513951035425602,0.004412466891334805,0.004540176003341692,0.11367462895851037,178.41000366210938,-0.005169992663578624,3,3,0.9526510322166614,0.13757393977760837,3.727250262084364e-09,0.047340242380428145,8.721675614042662e-06,0.9526510322166614
2023-09-12,-0.005169992663578624,0.004519687941985176,0.0036621436496006485,0.18648732780415497,177.49000549316406,-0.002312682045193072,3,3,0.7901523694090502,0.37081282214409467,9.300918562655388e-09,0.2098170277094162,3.0593580664812196e-05,0.7901523694090502
2023-09-13,-0.002312682045193072,0.004509159052164187,0.0040095251102638795,-0.13737580509843644,177.0800018310547,0.0005080950731221542,3,3,0.9648716976304871,0.10982499068961638,1.626073458135194e-08,0.03511604207619882,1.2244032613911837e-05,0.9648716976304871
2023-09-14,0.0005080950731221542,0.004287611914885656,0.005813618501675952,0.4675359436762097,177.1699981689453,0.00658210689497754,3,3,0.82488293797373,0.3347653178359748,1.2733373820334961e-09,0.17509992435924898,1.713639365786881e-05,0.82488293797373
2023-09-15,0.00658210689497754,0.004469658411849247,0.004317619649391796,-0.09553819881336538,178.33999633789062,0.00587038313631886,3,3,0.9494259668240141,0.1445287524788056,1.2723436125902406e-08,0.05055649017549383,1.7530277053032785e-05,0.9494259668240141
2023-09-18,0.00587038313631886,0.004603135969865429,0.005741673353037038,-0.1072421736148438,179.38999938964844,-0.0009480950413542692,3,3,0.9172549000440027,0.2059906536480235,8.717741212364394e-09,0.08273054187198671,1.45493662871997e-05,0.9172549000440027
2023-09-19,-0.0009480950413542692,0.004609852127761856,0.003459408062518635,-0.1783013674471553,179.22000122070312,0.0007251297423292754,3,3,0.9672545460243838,0.10404568950634208,9.405990270406141e-09,0.032737025186121746,8.419383508169214e-06,0.9672545460243838
2023-09-20,0.0007251297423292754,0.004607224808155674,0.007471403915744444,0.7920723772371986,179.35000610351562,-0.0072748111459232075,1,1,0.7343739696947806,0.41781227745572525,8.645284242746443e-09,0.7343739696947806,3.536396214666612e-05,0.26559065769777435
2023-09-21,-0.0072748111459232075,0.004416643205134315,0.0044931369730179535,-0.20857660289871635,178.0500030517578,0.0031961900557462815,3,3,0.9208046785605685,0.20022537159162868,1.3396938226406579e-07,0.07909483564640288,0.00010035182364954734,0.9208046785605685
2023-09-22,0.0031961900557462815,0.004471549479455548,0.0024633437097430046,-0.7338899378703653,178.6199951171875,-0.005163898932470834,3,3,0.9834402874529161,0.06093722647576694,1.0962117092649145e-08,0.016540771681232844,1.89299037361926e-05,0.9834402874529161
2023-09-25,-0.005163898932470834,0.0046215425458676265,0.006021425675828266,0.42901096084051343,177.6999969482422,-0.008023084937964609,3,3,0.5576415792931215,0.49542750193115487,5.719400268796344e-09,0.4423281018514341,3.031313602660121e-05,0.5576415792931215
2023-09-26,-0.008023084937964609,0.004901791996557161,0.0055593132194539,0.2518875249887492,176.27999877929688,-0.012443751217319037,1,3,0.5126175600320366,0.5005090393770025,7.91074965296612e-07,0.4872741231581489,0.00010752573485217538,0.5126175600320366
2023-09-27,-0.012443751217319037,0.004969252692451245,0.009305056399672633,0.41910676494091514,174.10000610351562,-0.005009715204337903,1,1,0.9988778242472901,0.006820962431992589,1.6441901322287358e-06,0.9988778242472901,0.00035483165288517946,0.0007656999096647912
2023-09-28,-0.005009715204337903,0.004924320253544628,0.010506217804751444,-0.08180332597152348,173.22999572753906,-0.010328505518099336,1,1,0.9934389244652516,0.031030374890048628,8.372411498028413e-06,0.9934389244652516,0.0014266536958142035,0.005126049427411252
2023-09-29,-0.010328505518099336,0.005262233727732492,0.016097955998617675,0.0356809433788968,171.4499969482422,-0.0105542058560987,1,1,0.9764009253364908,0.0806965370232512,1.6406024629687902e-05,0.9764009253364908,0.023582668638587222,3.399235028400363e-13
2023-10-02,-0.0105542058560987,0.005511927335167135,0.005658748885384319,0.1976373658277354,169.64999389648438,-0.002892421000056923,1,1,0.7274288402244404,0.42681799013109384,3.3837643360841464e-05,0.7274288402244404,0.0008161917927756016,0.2717211303394162
2023-10-03,-0.002892421000056923,0.005374262812719728,0.007862389467142098,-0.10322906371701682,169.16000366210938,-0.00011826350756014561,3,3,0.6350015312874401,0.4744223785552108,1.1948918744537533e-05,0.36483726553214413,0.00014925426166971287,0.6350015312874401
2023-10-04,-0.00011826350756014561,0.00538657300309738,0.00538018011938735,-0.1328061381617646,169.13999938964844,-0.0018344684108627424,3,3,0.9601633574335215,0.12083855402968988,7.58239975586036e-07,0.03982693094396793,8.953382582457145e-06,0.9601633574335215
2023-10-05,-0.0018344684108627424,0.005323981486969941,0.00414616442960572,-0.364395202200213,168.8300018310547,0.005139851922273756,3,3,0.9750555344054455,0.08421530080546485,7.093198118600821e-08,0.024939941421685898,4.453240853487607e-06,0.9750555344054455
2023-10-06,0.005139851922273756,0.005568515618413553,0.010194435819976498,0.3557678154547012,169.6999969482422,0.018218478536943455,1,1,0.9960815642586257,0.018696454454873796,5.24373045733436e-07,0.9960815642586257,5.438501942366424e-05,0.0038635263488937498
2023-10-09,0.018218478536943455,0.007193347592526531,0.010299726327157888,0.02512303408161782,172.82000732421875,-0.0016795054754092334,1,1,0.9886416655627719,0.04993665374041061,0.007860114853974278,0.9886416655627719,0.0034897662456369345,8.453337574945133e-06
2023-10-10,-0.0016795054754092334,0.007144136277546637,0.00521653719145239,-0.557119274413213,172.52999877929688,0.007276507826110017,3,3,0.9849578697382342,0.05979188681336373,0.0012968657917551136,0.013680306950340325,6.495751963436624e-05,0.9849578697382342
2023-10-11,0.007276507826110017,0.0073981335709967806,0.00500610167205745,0.1986151962800551,173.7899932861328,-0.0030543103873241243,3,3,0.8159782982467876,0.3467429772900016,0.00034409722280861604,0.1835916222048767,8.598232550217821e-05,0.8159782982467876
2023-10-12,-0.0030543103873241243,0.0074043742828559765,0.005713899721588298,-0.18692811028408685,173.25999450683594,0.03164231938177581,3,3,0.9238121573427106,0.19794022658918967,0.0008307844926398407,0.07530033514778547,5.672301690991626e-05,0.9238121573427106
2023-10-13,0.03164231938177581,0.010321432193318348,0.013308756128409326,1.156568102406891,178.8300018310547,-0.004876800474351656,2,2,0.9159083036139922,0.23157287211163835,0.0732198827609866,0.010871813625027479,0.9159083036139922,5.700530982880864e-18
2023-10-16,-0.004876800474351656,0.010286943213357642,0.004439247668674735,-0.8071785839202001,177.9600067138672,0.0018525567250013085,2,0,0.5486581350076443,0.4973080436612754,0.5486581350076443,5.943049001611064e-07,0.4512340174902806,0.0001072531971570988
2023-10-17,0.0018525567250013085,0.0102981479552355,0.006450217054121589,-0.018475247629377068,178.2899932861328,0.014367113783494704,0,0,0.930697076419929,0.18183850425480164,0.930697076419929,1.1619063155005768e-06,0.06927517957430128,2.6582099433862674e-05
2023-10-18,0.014367113783494704,0.010806103683445,0.012550474560416448,0.5253672737774965,180.8699951171875,0.012199301049654077,0,0,0.9324519465946581,0.1783648898532268,0.9324519465946581,1.391047361367981e-06,0.06754666235710806,9.263894198784072e-13
2023-10-19,0.012199301049654077,0.010952454507516082,0.014255204564785722,-0.03763700150562158,183.08999633789065,0.0027271753020748097,0,0,0.8179019041967875,0.3423353408815008,0.8179019041967875,1.3664409929129158e-06,0.18209672936226456,6.277624172226297e-15
2023-10-20,0.0027271753020748097,0.010948897973036649,0.011656405209082255,-0.04741976410717356,183.58999633789065,-0.003382778876821057,0,0,0.8926711832826459,0.24590889184160045,0.8926711832826459,6.289338476327467e-07,0.1073281865902926,1.193185167813878e-09
2023-10-23,-0.003382778876821057,0.010900071266167486,0.004645520244060408,-0.2991641399084653,182.97000122070312,-0.00010933686369138149,0,0,0.9259001132985176,0.19056985019122558,0.9259001132985176,1.2018091106022704e-07,0.07409329594798011,6.4705726049798465e-06
2023-10-24,-0.00010933686369138149,0.010679054490286966,0.009401482642220287,-0.3630030743484319,182.9499969482422,0.004199991317574014,0,0,0.9782515089869523,0.07558440043870654,0.9782515089869523,6.313010096906879e-07,0.021747256568281637,6.031437108993134e-07
2023-10-25,0.004199991317574014,0.01014092949133444,0.012301381181192388,0.425087321423159,183.72000122070312,0.001577208003792872,0,0,0.9941908404805336,0.025812305073633444,0.9941908404805336,1.1613475911836653e-05,0.005797545399955719,6.436312337869741e-10
2023-10-26,0.001577208003792872,0.009983473422764953,0.00880392600585838,-0.2737483380149141,184.00999450683597,0.011562693424814757,0,0,0.9980222323907731,0.010366489350801755,0.9980222323907731,4.408368570313237e-06,0.0019656009111480954,7.758329544019954e-06
2023-10-27,0.011562693424814757,0.00963716694568597,0.015525111385475292,0.608874231171914,186.1499938964844,-0.005656514976963794,0,0,0.9886648039568716,0.04526223303928797,0.9886648039568716,0.00012688186486151424,0.01120831417826569,8.517113922255695e-16
2023-10-30,-0.005656514976963794,0.009301220442311579,0.005240417010903223,-0.47658849765226047,185.1000061035156,-0.005471503988170932,0,0,0.9980109445515404,0.01120767059390979,0.9980109445515404,1.4037066967493008e-05,0.00149575473937158,0.0004792636421640506
2023-10-31,-0.005471503988170932,0.009424098401520416,0.014721097114332417,0.14320590413048886,184.08999633789065,-0.0031556165767174377,0,0,0.9933654312339557,0.029301282722542725,0.9933654312339557,0.00015414745408727493,0.006480421311224236,7.054403903743778e-13
2023-11-01,-0.0031556165767174377,0.00952180733196299,0.012696866115201655,-0.11038071609536933,183.50999450683597,0.003318560440596095,0,0,0.9965879089828042,0.016649707920883428,0.9965879089828042,5.7785641231877136e-05,0.003354303708637983,1.6673092913404016e-09
2023-11-02,0.003318560440596095,0.00942262772656017,0.004236361068771626,-0.2087672468019411,184.1199951171875,0.0036323164276059108,0,0,0.998120648312264,0.010629424472303015,0.998120648312264,8.650596539793064e-06,0.001442459283292811,0.000428241807855562
2023-11-03,0.0036323164276059108,0.009421878239548341,0.0060609078298590755,0.1497934509112167,184.7899932861328,-0.00782308105070582,0,0,0.9985732389986706,0.008348692603949099,0.9985732389986706,2.23794214783148e-05,0.0011366269981352916,0.00026775458168630685
2023-11-06,-0.00782308105070582,0.009187766341186537,0.004854100681872383,-0.03043358689232517,183.3500061035156,-0.004153745714031754,0,0,0.9981070938080249,0.010469874078551435,0.9981070938080249,5.2273433869198434e-05,0.0016921171703996333,0.00014851558770707753
2023-11-07,-0.004153745714031754,0.009269778122451272,0.004929042743496889,-0.1968978925287927,182.58999633789065,-0.010017653470627337,0,0,0.9982537701552393,0.010101038860901069,0.9982537701552393,2.348360517792339e-05,0.0012148166046481402,0.0005079296349166517
2023-11-08,-0.010017653470627337,0.009633024125218305,0.008297836834363094,-0.008497106709992996,180.7700042724609,0.0039750574137909995,0,0,0.9979191732461997,0.010884788636868157,0.9979191732461997,2.614725026624623e-05,0.002051867334086664,2.8121694593895964e-06
2023-11-09,0.0039750574137909995,0.009568119821387364,0.007658820582827039,-0.03811540730624421,181.4900054931641,-0.01096969995324551,0,0,0.9988533502606162,0.006667590769384937,0.9988533502606162,1.4750003367191445e-05,0.0010648496792365879,6.705005675697193e-05
2023-11-10,-0.01096969995324551,0.007128478336608219,0.007464745021980516,0.15932403120104288,179.50999450683594,0.005555261386916068,0,0,0.9197003566089293,0.23125059953624388,0.9197003566089293,0.06872132805752772,0.006415466031602921,0.0051628493019387
2023-11-13,0.005555261386916068,0.007119897970580159,0.00897454526888328,-0.34523186392276484,180.50999450683597,0.008879636186604513,0,0,0.8242596160412352,0.41507948799037475,0.8242596160412352,0.13585513298853955,0.0057374147382441435,0.03414783623197858
2023-11-14,0.008879636186604513,0.007348882248633516,0.006204727174989125,0.23777447920014363,182.1199951171875,-0.0026390807860946154,0,0,0.5641224095998931,0.699532402413145,0.5641224095998931,0.13448464657379458,0.002720834119705024,0.2986721097066595
2023-11-15,-0.0026390807860946154,0.00668207031323682,0.004789667034303618,-0.33040717201611686,181.63999938964844,0.011222864579353571,3,3,0.9565415162223004,0.1467904978630294,0.01040392130550633,0.032934897663381535,0.00011966480875879454,0.9565415162223004
2023-11-16,0.011222864579353571,0.006592851352810105,0.008274833971684393,0.5194613856211339,183.69000244140625,-0.00010890827769753537,1,1,0.973434374363892,0.08996833300176198,0.0002711425045967695,0.973434374363892,9.275582119412116e-05,0.02620172731035785
2023-11-17,-0.00010890827769753537,0.006565252205451066,0.003702335391460179,-0.5272933360888751,183.6699981689453,-0.0016347162383040547,3,3,0.9881557089020772,0.047098048163565505,0.00014353434766399447,0.011671983456581153,2.877329366507683e-05,0.9881557089020772
2023-11-20,-0.0016347162383040547,0.006529078094006144,0.00681681863601051,0.10109572207813881,183.3699951171875,0.010740019593541818,3,3,0.7496025923355668,0.4061464358071842,5.7997754895643936e-06,0.25037258124007045,1.902664882469471e-05,0.7496025923355668
2023-11-21,0.010740019593541818,0.006947281884330253,0.005664892141316388,0.30652263673125235,185.3500061035156,-0.004271361889171939,1,3,0.5106221248847824,0.505066678542289,0.000722719145382454,0.48844787937640033,0.00020727659347935263,0.5106221248847824
2023-11-22,-0.004271361889171939,0.006977735226958258,0.007856507192366396,-0.5235938893683794,184.55999755859372,0.005188115339681599,3,3,0.7299655778456513,0.4340854920305908,0.0029032929911978083,0.26681746898747727,0.0003136601757297405,0.7299655778456513
2023-11-24,0.005188115339681599,0.007060702261496591,0.0031802302948644016,-0.5732582318340906,185.5200042724609,0.006715220224108336,3,3,0.9724534121178267,0.0934674996317164,0.0006277653799006126,0.02685135464224999,6.746785999977823e-05,0.9724534121178267
2023-11-27,0.006715220224108336,0.006733271207534107,0.004658191123170868,0.9496964754092444,186.7700042724609,0.013243765854618507,1,1,0.6877919320393516,0.4486009810342005,2.7246543492536335e-05,0.6877919320393516,8.16431346995211e-05,0.31209917828251166
2023-11-28,0.013243765854618507,0.007184256769650952,0.009933370382485086,0.5451545886759379,189.25999450683597,0.001478346564492718,1,1,0.9947426355650354,0.026375155875201506,0.003995562823591653,0.9947426355650354,0.0007946285973315316,0.00046717301399461556
2023-11-29,0.001478346564492718,0.007015187050061616,0.005117659887424663,-0.259836709906073,189.5399932861328,-0.004176660491012712,3,3,0.9774322866265607,0.08026259009745676,0.0006855320183142419,0.021836651940871567,4.552941429707096e-05,0.9774322866265607
2023-11-30,-0.004176660491012712,0.007054142173222686,0.005086128285389223,-0.10648054021180813,188.75,0.017124037266951418,3,3,0.8946195816497213,0.24350345410305196,6.736555305426996e-05,0.10528511369271176,2.793910450369287e-05,0.8946195816497213
2023-12-01,0.017124037266951418,0.007878282842999336,0.019321866367461773,0.7944402139833462,192.00999450683597,-0.021850417580745678,1,1,0.9835405406385308,0.062106002380442796,0.00048218864269939385,0.9835405406385308,0.01597727071882522,1.1690758200661837e-23
2023-12-04,-0.021850417580745678,0.009508951132465488,0.016608167602681318,0.09857326446175407,187.8600006103516,-0.003786606077863042,2,2,0.82220090131027,0.40175045685768457,0.14228714805893658,0.03551195063081537,0.82220090131027,1.9320536560939414e-18
2023-12-05,-0.003786606077863042,0.009357392556614408,0.008442435920829425,-0.9657738312818714,187.1499938964844,0.003680115406357525,0,0,0.8509244357617747,0.3062051358561831,0.8509244357617747,6.783189734992465e-05,0.14860250883851678,0.00040522350237248727
2023-12-06,0.003680115406357525,0.009292912749623659,0.005110768380448149,-0.1956980442037559,187.83999633789065,0.001648967455985853,0,0,0.9927870047692049,0.03262486339021715,0.9927870047692049,1.6070267691818504e-05,0.006471121909522562,0.0007258030536184985
2023-12-07,0.001648967455985853,0.008894986078089074,0.0070688380239141676,0.004041246886475777,188.1499938964844,-0.01343017351466841,0,0,0.9980200253147822,0.011581460740126115,0.9980200253147822,0.0001278369418852435,0.0008573955669007682,0.0009947421764651989
2023-12-08,-0.01343017351466841,0.009521060753824655,0.010127154110071084,0.30653122710834935,185.63999938964844,-0.011104320560253251,0,0,0.9964135633137168,0.017467071129057172,0.9964135633137168,9.55101283995566e-05,0.0034909106420392454,1.5915821735707563e-08
2023-12-11,-0.011104320560253251,0.0095301086082523,0.007516776024509654,0.07762374086559516,183.58999633789065,-0.0005447904909059331,0,0,0.9975627321934708,0.012498820666809766,0.9975627321934708,3.860619827334327e-05,0.002394646733520396,4.0148747589557365e-06
2023-12-12,-0.0005447904909059331,0.009478288452740959,0.0039239260948732806,-0.5216040063407333,183.4900054931641,0.022311764488914056,0,0,0.9981024419585792,0.010746311821429131,0.9981024419585792,4.5553446172005145e-06,0.0014078162358249662,0.00048518646093593994
2023-12-13,0.022311764488914056,0.010500308373044547,0.0228108440436805,0.7434438147891447,187.6300048828125,0.005845435089187632,2,2,0.9737632413046221,0.08760980621943222,0.026231962935246322,4.795760075342107e-06,0.9737632413046221,4.4087656401649976e-41
2023-12-14,0.005845435089187632,0.01049608687654853,0.009219549263785444,-0.1551321526482266,188.72999572753903,-0.009208782757507555,2,2,0.5410990649936046,0.4975652485557647,0.45890049482659717,1.209601480884291e-07,0.5410990649936046,3.192196248187776e-07
2023-12-15,-0.009208782757507555,0.010536651659694932,0.01144384700346758,-0.08982629791943945,187.0,0.0045351876568232455,0,0,0.7296290525074796,0.4210165052670984,0.7296290525074796,1.9758167174084407e-06,0.2703689706798162,9.95933983039007e-10
2023-12-18,0.0045351876568232455,0.010564546734991423,0.00665424519236471,-0.440648240431485,187.8500061035156,0.006790830606181726,0,0,0.9443851794092821,0.15498652734966636,0.9443851794092821,2.951788036098419e-07,0.055601004933563264,1.3520478305372481e-05
2023-12-19,0.006790830606181726,0.010616562946740469,0.008406896298003102,0.11742628835827931,189.1300048828125,-0.005460866362358663,0,0,0.985427577887908,0.054897025316199395,0.985427577887908,7.577360016033273e-07,0.014570911995728946,7.523804123185462e-07
2023-12-20,-0.005460866362358663,0.010495546910337982,0.004625254373983104,-0.0038576702313143107,188.1000061035156,0.007045755720440373,0,0,0.9870170865278718,0.050034437477449484,0.9870170865278718,8.414961063083237e-07,0.01297557338376336,6.498592274961364e-06
2023-12-21,0.007045755720440373,0.010516403843537529,0.0045926999462885445,-0.2617646841557345,189.42999267578125,0.004424614031362715,0,0,0.9908789804478972,0.03751519840464626,0.9908789804478972,2.3482684822782777e-07,0.009110205477689813,1.0579247522726186e-05
2023-12-22,0.004424614031362715,0.01050293267662824,0.009512784558526041,0.44038922480906717,190.2700042724609,0.007591842151508473,0,0,0.994709316409874,0.023826128290852906,0.994709316409874,2.097692635163548e-06,0.005288400306204839,1.8559134894267898e-07
2023-12-26,0.007591842151508473,0.010528676474393038,0.006989419925660759,-0.4661067130544728,191.72000122070312,0.004527577262521436,0,0,0.9943152045300775,0.02532312373057385,0.9943152045300775,3.565190940205451e-07,0.0056790750971506595,5.363853737178759e-06
2023-12-27,0.004527577262521436,0.010183346589027788,0.008515496239852099,0.25547117900308886,192.58999633789065,-0.005832413160524756,0,0,0.997351702170215,0.01327931463747091,0.997351702170215,3.6924769250761612e-06,0.0026418446468246324,2.7607059528367725e-06
2023-12-28,-0.005832413160524756,0.010291081737817875,0.00757297194859684,0.0597935243505156,191.47000122070312,-0.001568069797763166,0,0,0.9961709904979745,0.018169934133486214,0.9961709904979745,2.909924036961173e-06,0.003821667987726974,4.431590158585294e-06
2023-12-29,-0.001568069797763166,0.010245030188769894,0.004707819768293257,-0.2912152722088959,191.1699981689453,-0.0023566846852945507,0,0,0.9960167893914376,0.018950381029693784,0.9960167893914376,8.272048378802619e-07,0.0039302569847504435,5.2126418915703804e-05
2024-01-02,-0.0023566846852945507,0.009493533648311245,0.007288167894042304,0.2672904114877458,190.72000122070312,-0.008371755159892112,0,0,0.9985992725998579,0.0079689090312479,0.9985992725998579,3.437329235819106e-05,0.0012942531748325735,7.210093303966792e-05
2024-01-03,-0.008371755159892112,0.008287797860473357,0.008988510042579364,0.3628824035338553,189.1300048828125,0.0010041086074332737,0,0,0.9956410087403921,0.02245377619291297,0.9956410087403921,0.002746721180068462,0.001565225853156562,4.704422635521403e-05
2024-01-04,0.0010041086074332737,0.008231386563143185,0.0055989727318067235,-0.6735066521090984,189.32000732421875,0.00015844285681911228,0,0,0.9723096848859994,0.09516109001080506,0.9723096848859994,0.0002741999994969885,0.0008425395604509711,0.026573575554036864
2024-01-05,0.00015844285681911228,0.008199102713087355,0.011513031980519188,0.5270939595208652,189.3500061035156,-0.007846978293015706,0,0,0.9859684259759645,0.0569614303189787,0.9859684259759645,0.012347837500638437,0.0016811610931167598,2.5754303474850327e-06
2024-01-08,-0.007846978293015706,0.008395584164915709,0.008676238490322808,-0.18552104546364398,187.8699951171875,0.0003193058065587502,0,0,0.9974617631311716,0.014488395366511904,0.9974617631311716,0.0010993796588185398,0.001201495989963966,0.0002373612201250023
2024-01-09,0.0003193058065587502,0.007785135971504325,0.005587203175010585,-0.33691964159937754,187.92999267578125,-0.0022906686849215973,0,0,0.9074651647483708,0.23353260447438545,0.9074651647483708,0.001916257315216266,0.0011249636312260364,0.08949361430521938
2024-01-10,-0.0022906686849215973,0.007322675627716571,0.006559977213541667,0.01507521280480795,187.5,0.001971362878362661,0,0,0.5394650585316614,0.6585409215485418,0.5394650585316614,0.0805727684909988,0.0014232941105766287,0.3785388788667988
2024-01-11,0.001971362878362661,0.00731537820391246,0.0105924604507643,0.4163644186195301,187.8699951171875,0.009746417465784744,1,1,0.7582559954438135,0.4123439375161228,0.23867212503780358,0.7582559954438135,0.0012768435435813394,0.0017950359749117145
2024-01-12,0.009746417465784744,0.005784304955641538,0.01012070054818566,0.0003805397856354347,189.7100067138672,-0.009533481464917285,1,1,0.9956918094195326,0.02315194659047873,0.0009201670247637268,0.9956918094195326,0.0010462133237881443,0.0023418102320014993
2024-01-16,-0.009533481464917285,0.006059150673634936,0.009153324395629176,-0.04269132334226593,187.91000366210935,-0.011077075533253301,1,1,0.9754561649900259,0.08722350655346184,0.00044863294265142,0.9754561649900259,0.0007809246128036411,0.023314277454591963
2024-01-17,-0.011077075533253301,0.006217398021739097,0.01060052335085773,0.2775979533851548,185.83999633789065,0.0081991767942437,1,1,0.9987541812949293,0.007773739550675302,0.0003698139829659555,0.9987541812949293,0.0006981600566857188,0.0001778446653866483
2024-01-18,0.0081991767942437,0.006418443786293377,0.0058706883353368275,-0.6123642804025768,187.3699951171875,0.0029842685447011067,3,3,0.9244181966784917,0.19583995710654045,0.0003941356037036188,0.07502129020380237,0.0001663775138909286,0.9244181966784917
2024-01-19,0.0029842685447011067,0.006256886914936636,0.004576175405036301,0.1995077522502554,187.92999267578125,-0.003785111631635069,3,3,0.9032922453725628,0.22935283829365427,5.0130787377077305e-06,0.0966920917562233,1.0649792511148186e-05,0.9032922453725628
2024-01-22,-0.003785111631635069,0.0061953135198130165,0.004860529843964883,-0.26288015883426175,187.22000122070312,0.0038915513093621982,3,3,0.9467791163825474,0.1500745946529847,6.018854537580964e-06,0.053204961860024956,9.902902899747069e-06,0.9467791163825474
2024-01-23,0.0038915513093621982,0.00603839124719814,0.0046288647582532726,0.13652860201613254,187.9499969482422,-0.008281084265806291,3,3,0.916181602361102,0.2078167382950948,1.358056698243152e-06,0.08380912592933937,7.913652778287039e-06,0.916181602361102
2024-01-24,-0.008281084265806291,0.006171849559720149,0.01099778894900175,0.18832766004825882,186.3999938964844,0.003962127078988696,1,1,0.9996556947129536,0.0024464614535892218,2.217202014987367e-05,0.9996556947129536,0.00013652633959349218,0.000185606927394312
2024-01-25,0.003962127078988696,0.00595459864654834,0.00630540066062713,-0.2688102094520076,187.13999938964844,-0.0006949345993062643,3,3,0.9468150695793294,0.15029471626366425,3.018392185188701e-05,0.05311739128107149,3.735521766040837e-05,0.9468150695793294
2024-01-26,-0.0006949345993062643,0.0058023606783767015,0.003315386311900406,0.08523240000581982,187.00999450683597,0.007033690942251831,3,3,0.8949898097279301,0.24243440901054225,8.447219928477124e-07,0.10499737549998969,1.1970050102722553e-05,0.8949898097279301
2024-01-29,0.007033690942251831,0.0060030150468474795,0.007168219782303192,0.10574150451604335,188.3300018310547,0.001379574176667031,3,3,0.5537771263509755,0.4962012629765342,9.835988178843596e-06,0.4461729403672311,4.009729367424854e-05,0.5537771263509755
2024-01-30,0.001379574176667031,0.006020017485456223,0.009809672514129841,-0.1233293220598418,188.58999633789065,-0.0007426235867569977,1,1,0.9621529144910874,0.11788978728675074,0.00012045164744641086,0.9621529144910874,0.0002646751649890381,0.03746195869655323
2024-01-31,-0.0007426235867569977,0.006007153686827945,0.012364032203697105,0.46037488337102955,188.4499969482422,0.010346957700093572,1,1,0.9994158263510909,0.0038068816474467375,0.00010989527931532291,0.9994158263510909,0.0004606915584686775,1.358681116396022e-05
2024-02-01,0.010346957700093572,0.006187844416742089,0.012446799388718868,0.2649137019670574,190.41000366210935,-0.00949826692011521,1,1,0.9990303737125511,0.005887606173569958,0.00017398037615689037,0.9990303737125511,0.0007944891723730843,1.156739003661681e-06
2024-02-02,-0.00949826692011521,0.006562559984691221,0.005407926463979465,-0.3370036043606199,188.6100006103516,-0.0055292461789592075,3,3,0.7957114044750672,0.3724014385563675,0.0012197866037530944,0.20273007626572243,0.0003387326554757005,0.7957114044750672
2024-02-05,-0.0055292461789592075,0.006669133861650631,0.005971159205856407,-0.29994992168243,187.57000732421875,0.0052110917695982265,3,3,0.8900225255955556,0.2510222409283684,0.00015388097345604094,0.10978350259901787,4.009083188245385e-05,0.8900225255955556
2024-02-06,0.0052110917695982265,0.006547228138434473,0.005887035759139211,-0.11076909708847316,188.5500030517578,-0.0002652330017039186,3,3,0.9057976136706309,0.22547959373452076,2.830464186258866e-05,0.09415645076827799,1.763091911956564e-05,0.9057976136706309
2024-02-07,-0.0002652330017039186,0.006547881270112252,0.005888597402395557,0.25458343312063314,188.5,-0.0009022539588233346,3,3,0.8240731145083833,0.33582093269007873,2.1406160484759635e-05,0.1758887547302149,1.6724600834928324e-05,0.8240731145083833
2024-02-08,-0.0009022539588233346,0.0065279571537901334,0.003769932820980045,-0.48276937116453256,188.3300018310547,-0.0038836838223869725,3,3,0.9795493814155648,0.07219614899036782,2.611601822779665e-05,0.020413034740835855,1.1467825327918272e-05,0.9795493814155648
2024-02-09,-0.0038836838223869725,0.006576429351350948,0.003358234873749641,0.1303572280254887,187.6000061035156,-0.0026153866387207837,3,3,0.7408174000972542,0.41313533286442683,1.0468402175459612e-05,0.259129896947104,4.223455348455825e-05,0.7408174000972542
2024-02-12,-0.0026153866387207837,0.0061736627428446555,0.0048634688639885215,0.06443795178748303,187.1100006103516,-0.013884637194949295,3,3,0.9032073525465482,0.2295838911699518,1.3965259699676666e-05,0.09676267447805968,1.6007715770904e-05,0.9032073525465482
2024-02-13,-0.013884637194949295,0.006565911989161848,0.005690148261549852,0.705101870307539,184.52999877929688,-0.0005962900909107332,1,1,0.9984242736073394,0.008836802679650566,2.6890532670854482e-05,0.9984242736073394,0.00010032561001992349,0.001448510250069397
2024-02-14,-0.0005962900909107332,0.006114255123118952,0.0059646790718863385,-0.3035896310435575,184.4199981689453,0.006701308514327959,3,3,0.9687541350875831,0.1006508858230986,3.726091428747136e-05,0.031184463210842388,2.414078718068456e-05,0.9687541350875831
2024-02-15,0.006701308514327959,0.006011909854144813,0.0049552846644323936,-0.12121452374169886,185.66000366210935,0.003655878672840905,3,3,0.9199918707576898,0.20118803426322004,1.1201664612959822e-06,0.0799966634978132,1.0345577983758148e-05,0.9199918707576898
2024-02-16,0.003655878672840905,0.006033986738673734,0.009820767774065603,0.04544453591879642,186.33999633789065,0.006045896751115192,1,1,0.9801940076025906,0.07067275685617376,1.4827996345657248e-05,0.9801940076025906,8.877912270775449e-05,0.019702385278368626
2024-02-20,0.006045896751115192,0.006145247505801704,0.003360563709981442,-0.1642394979354734,187.47000122070312,5.331114505738622e-05,3,3,0.957799429940563,0.1267591657107865,5.640767075952944e-05,0.04208917538245529,5.498700616656152e-05,0.957799429940563
2024-02-21,5.331114505738622e-05,0.006079090679005292,0.005013799893527205,0.04558932259608935,187.47999572753903,0.0004266309391015458,3,3,0.9290005106209349,0.1848781699042987,1.2373546276171036e-06,0.07099205754117437,6.194483199506004e-06,0.9290005106209349
2024-02-22,0.0004266309391015458,0.005768089207972149,0.003145640571392683,-0.24069107109788807,187.55999755859372,0.005635602023986369,3,3,0.9603771459257788,0.12034227755545843,8.263161729841475e-07,0.03961398922848012,8.038529620537301e-06,0.9603771459257788
2024-02-23,0.005635602023986369,0.005835596453057636,0.009118789133916871,0.4056262389540838,188.6199951171875,-0.002229172292928307,1,1,0.9622068395512462,0.11630775882374807,2.1925448331308006e-06,0.9622068395512462,4.486846450038743e-05,0.03774609943933371
2024-02-26,-0.002229172292928307,0.0058606928474750535,0.004410211713674888,-0.4186535058078622,188.1999969482422,-0.0010632481058260926,3,3,0.9841060031933674,0.059023274112314734,1.1515208980043542e-05,0.01586568453433346,1.679706323277424e-05,0.9841060031933674
2024-02-27,-0.0010632481058260926,0.005648112719743285,0.004468065627077793,0.13970676908018106,188.0,0.0018068578078276945,3,3,0.907482326422512,0.22245761360778768,1.0443441679907333e-07,0.0925113700154321,6.199127626308301e-06,0.907482326422512
2024-02-28,0.0018068578078276945,0.005654758996435017,0.0026017070335126354,-0.6037928141409051,188.33999633789065,0.005137049487700812,3,3,0.9778062577093241,0.076869077531454,1.0128517597070278e-06,0.02218183939068916,1.089004829205044e-05,0.9778062577093241
2024-02-29,0.005137049487700812,0.005769424349457841,0.0036448283255231377,0.8858545220548195,189.30999755859372,0.018734204946424346,1,1,0.6041770271831335,0.4845083461580573,3.3496681148852134e-07,0.6041770271831335,3.745905082173022e-05,0.3957851787992154
2024-03-01,0.018734204946424346,0.006762954980350384,0.020529791423135175,0.6720310139050618,192.88999938964844,0.016045575240364,1,1,0.9585405648676544,0.12472006864877216,4.378568299620129e-05,0.9585405648676544,0.04141564944923822,2.9943453222476903e-28
2024-03-04,0.016045575240364,0.0071472404282933045,0.012499347058329427,-0.09330414015723551,196.00999450683597,0.006002093012312388,1,1,0.9811404194061866,0.07520365477037244,0.004789873369066603,0.9811404194061866,0.014069676958284302,3.026648579816273e-08
2024-03-05,0.006002093012312388,0.00697742350328378,0.007556191869345808,-0.23351533422638338,197.19000244140625,0.008181839163568495,3,3,0.7178248743789204,0.4505920322284731,0.0048641508442937124,0.27657783890842225,0.0007331358682885712,0.7178248743789204
2024-03-06,0.008181839163568495,0.007069175913751096,0.009355669398886135,0.07823574344612351,198.80999755859372,0.005667751261581818,1,1,0.9742435779449105,0.09417710707671832,0.002838488909842723,0.9742435779449105,0.00038492865604508,0.022533004489122824
2024-03-07,0.005667751261581818,0.007064917181753348,0.006001785203508294,-0.21881944973272327,199.94000244140625,0.008417025116951235,3,3,0.9383860055218831,0.17305290339556006,0.0016731307971478138,0.059826104455678514,0.00011475922522067068,0.9383860055218831
2024-03-08,0.008417025116951235,0.007104962229634576,0.014134831297415534,0.4769835679226439,201.6300048828125,0.0018333385345244608,1,1,0.9994643809394024,0.0035574374635381338,0.00021766420613713325,0.9994643809394024,0.00031795230269964197,2.551830487288459e-09
2024-03-11,0.0018333385345244608,0.006908275078901638,0.004702955189317619,-0.6137347088308878,202.0,-0.011000916093968595,3,3,0.9896703479913663,0.04291024355433472,0.0004143707660066858,0.009879535447522486,3.5745795210915716e-05,0.9896703479913663
2024-03-12,-0.011000916093968595,0.007537418199323448,0.007357731969077475,0.25267480163893385,199.7899932861328,0.006982966028737541,1,1,0.968814201658378,0.1032468760527363,0.0004974930487379065,0.968814201658378,0.00031113518823592135,0.030377170104741044
2024-03-13,0.006982966028737541,0.006394148352143611,0.007505315813472187,-0.4645715327796403,201.19000244140625,-0.004183879789555221,3,3,0.6976354705277357,0.448142136480498,0.0007959927620583298,0.30119413264725364,0.0003744040630498495,0.6976354705277357
2024-03-14,-0.004183879789555221,0.0065868033098618415,0.005640153972486668,0.1464118262103003,200.3500061035156,-0.003199519647615038,3,3,0.7914209593388561,0.37043486472982684,0.00012487079082608337,0.20841064215708818,4.3527713313531735e-05,0.7914209593388561
2024-03-15,-0.003199519647615038,0.006754297352685884,0.0053076837562398786,-0.4098373618899885,199.7100067138672,0.0016010012977577042,3,3,0.9630939251073305,0.11450448862748877,8.45559186710984e-05,0.036803569310117856,1.794966386892934e-05,0.9630939251073305
2024-03-18,0.0016010012977577042,0.006769773903705742,0.0031995170402144574,0.4584263474294622,200.02999877929688,-0.0011504677080451668,3,3,0.6574652856265428,0.4642916962318864,3.0356195577405076e-05,0.34243855407004753,6.580410778772808e-05,0.6574652856265428
2024-03-19,-0.0011504677080451668,0.0068208907419303,0.004354329849344902,-0.4365462012658015,199.8000030517578,0.011841472011166752,3,3,0.97936964069235,0.07313124512275321,0.00012279047413734092,0.020489167297029674,1.8401536392371304e-05,0.97936964069235
2024-03-20,0.011841472011166752,0.007041784175856363,0.017509193160367035,0.7226382330066675,202.17999267578125,-0.0010391759354036452,1,1,0.9989146705507306,0.006182369923007403,1.4627375977434125e-05,0.9989146705507306,0.001070702073388803,2.0112809139558018e-17
2024-03-21,-0.0010391759354036452,0.007085949871130883,0.01643804547885202,-0.26011014115012054,201.97000122070312,-0.008053310017860795,1,1,0.9781390034882035,0.08333464403731439,0.003951641191725335,0.9781390034882035,0.01790935531945133,5.389134222832959e-13
2024-03-22,-0.008053310017860795,0.0075360724514648885,0.01068130433968035,-0.06680793222285149,200.3500061035156,0.003189315361775875,1,1,0.9401700743757271,0.18322321273441933,0.05181783742035552,0.9401700743757271,0.006456605743601801,0.001555482460405526
2024-03-25,0.003189315361775875,0.007434271119641479,0.00487584308052767,-0.5392422489287587,200.9900054931641,0.003228743279298674,3,3,0.9799280774615168,0.08091502056576899,0.007192068986532304,0.01274315114034485,0.00013670241156321937,0.9799280774615168
2024-03-26,0.003228743279298674,0.0073636831113568675,0.008381210016527973,0.35471257561686004,201.63999938964844,0.007214572450620787,1,1,0.8009582845222818,0.37120263010310994,0.0027263384323417635,0.8009582845222818,0.00013525964262326562,0.19618011740280977
2024-03-27,0.007214572450620787,0.007397365131421931,0.004431284438394689,0.04890025134120086,203.1000061035156,0.012817528202410179,3,3,0.9086272728178164,0.23575166362583092,0.004947105144793991,0.08614612910205127,0.00027949293526546224,0.9086272728178164
2024-03-28,0.012817528202410179,0.007666401428477842,0.010596966369991068,0.42003591804216656,205.72000122070312,0.01015632882706488,1,1,0.9932959331708445,0.030892038858245048,0.005977658375959192,0.9932959331708445,0.0006270473487122976,9.93611045029034e-05
2024-04-01,0.01015632882706488,0.007020684129695174,0.011740940984568383,0.3971174222188434,207.82000732421875,0.014664311961913869,1,1,0.9950694520540108,0.024348049396613083,0.00387802817570823,0.9950694520540108,0.0010357520442066147,1.6767726023579296e-05
2024-04-02,0.014664311961913869,0.0068988706405705555,0.012660620117941643,-0.01889480602009224,210.88999938964844,0.008734121015037044,1,1,0.9952443692495602,0.02412130953666251,0.0020812031394986342,0.9952443692495602,0.002674382934216569,4.467677448659242e-08
2024-04-03,0.008734121015037044,0.006974351242750397,0.011892444833927443,-0.16179469610524908,212.7400054931641,-0.005751211782367894,1,1,0.992857304834577,0.03389855647599624,0.004885070281099396,0.992857304834577,0.002235728698414565,2.18961858560236e-05
2024-04-04,-0.005751211782367894,0.0072051643725044474,0.011488240481742719,0.07515918297199871,211.5200042724609,0.01696939930469014,1,1,0.984189205754166,0.0636329457193539,0.013707798819917327,0.984189205754166,0.0018556563684433438,0.00024733905752316593
2024-04-05,0.01696939930469014,0.007833087441544696,0.016361458968333215,0.0837702458001694,215.13999938964844,0.006209168519561451,1,1,0.9491623456464339,0.16766546013920525,0.015741866329388347,0.9491623456464339,0.03509578802415128,4.2528276900624596e-16
2024-04-08,0.006209168519561451,0.007777934297300136,0.010162587729404055,-0.25877502652638285,216.47999572753903,0.005482001328254696,1,1,0.8119469469183872,0.4158349000454877,0.1622155654756764,0.8119469469183872,0.01397853010559151,0.011858957500363405
2024-04-09,0.005482001328254696,0.007778261776362184,0.011071822862050428,0.2351240749593917,217.6699981689453,-0.00950892303540449,1,1,0.6928437878803705,0.4649566334461542,0.30208239652087265,0.6928437878803705,0.004440687884544299,0.0006331277142117559
2024-04-10,-0.00950892303540449,0.007635329530410206,0.014377840057233372,0.01876708331156722,215.6100006103516,0.019246832874495322,1,1,0.6612028118448962,0.5082934402710851,0.32281424133813025,0.6612028118448962,0.015982944894446894,1.9225484989907984e-09
2024-04-11,0.019246832874495322,0.008361469937468934,0.01797086848680381,-0.1541331591747888,219.8000030517578,-0.013327746093360097,1,2,0.4452110424173973,0.7409747827160543,0.16783564187030076,0.38695331571230335,0.4452110424173973,1.4557294115422517e-21
2024-04-12,-0.013327746093360097,0.009076305475468354,0.04181839684150338,0.9957715475639188,216.88999938964844,0.01854610800435578,2,2,1.0,7.474338213496566e-14,4.3764019910344154e-18,3.4668822247436765e-17,1.0,2.100150853045502e-146
2024-04-15,0.01854610800435578,0.009466808227259892,0.02656707489596654,-0.8475503292426273,220.9499969482422,0.0012212692273934644,2,2,0.9999999905141976,1.3324831145158825e-07,9.485792599108565e-09,2.3156083981666863e-23,0.9999999905141976,4.948491738023305e-61
2024-04-16,0.0012212692273934644,0.009474474684670817,0.014510472363051427,-0.2086241209039884,221.22000122070312,-0.007395532411290185,2,2,0.7194186791395955,0.4281208462379158,0.2805813208562642,3.1136923096727814e-12,0.7194186791395955,1.0662548477004652e-12
2024-04-17,-0.007395532411290185,0.009786805806404564,0.014754726027635489,0.06963723876881635,219.58999633789065,0.0034096367107846366,0,0,0.5953432984076149,0.487001683026096,0.5953432984076149,2.5590071859371624e-05,0.40463111152050135,1.147660941745408e-13
2024-04-18,0.0034096367107846366,0.00964456448907959,0.009757688985237314,-0.5728549967596627,220.33999633789065,0.0031266420969038923,0,0,0.965027041300066,0.10946271177290086,0.965027041300066,1.039139727860182e-05,0.03495989746178554,2.6698407859389384e-06
2024-04-19,0.0031266420969038923,0.009567850577137908,0.010315336342979988,0.2907327177963837,221.02999877929688,-0.025012716627157542,0,0,0.9973331567357917,0.013474030096772059,0.9973331567357917,3.8981079032684976e-05,0.002627185446486832,6.767387130076355e-07
2024-04-22,-0.025012716627157542,0.011329210760328296,0.008442766908113738,0.4335176931462286,215.57000732421875,-0.0024616906480957905,2,2,0.6213685205766587,0.478543542924912,0.3786306204982922,8.589251188385395e-07,0.6213685205766587,1.6526634965438606e-14
2024-04-23,-0.0024616906480957905,0.01141176075787903,0.009254118095679923,-0.22250403575805963,215.0399932861328,-0.0018618228395408355,2,2,0.6595930044161227,0.4626047211375704,0.34040692219803703,3.046425270281263e-08,0.6595930044161227,4.292148379609085e-08
2024-04-24,-0.0018618228395408355,0.011471887062336126,0.009271363673233307,-0.625420685643246,214.63999938964844,0.005945756955740473,2,2,0.7624136449955852,0.3955023278475777,0.23758630250481175,1.1223431297228471e-08,0.7624136449955852,4.1276260911521644e-08
2024-04-25,0.005945756955740473,0.011451565001638837,0.01255097599503836,0.1404031832701426,215.9199981689453,0.0032366836371748075,2,2,0.846628277582212,0.30910739333725135,0.1533716942060046,2.820939607547792e-08,0.846628277582212,2.498408163336509e-12
2024-04-26,0.0032366836371748075,0.011219976956327142,0.0071092631319133685,-0.052516921298191785,216.6199951171875,-0.002033283758808563,2,2,0.7264348317324407,0.42327247728252215,0.2735646389243309,1.645480283739051e-08,0.7264348317324407,5.128883288319003e-07
2024-04-29,-0.002033283758808563,0.011117451795191519,0.009112782345485874,0.02230657861291992,216.17999267578125,-0.020138504117937363,2,2,0.5432642840838213,0.4972986262419867,0.4567355083370848,1.0645239121985007e-07,0.5432642840838213,1.0112660453764107e-07
2024-04-30,-0.020138504117937363,0.011732930037826146,0.010997318566821786,0.5624000062752695,211.8699951171875,0.009021337418355644,2,2,0.9828633359800999,0.06252351089089593,0.017136653506346404,1.051350662644302e-08,0.9828633359800999,5.99928950592913e-16
2024-05-01,0.009021337418355644,0.011744054875577043,0.014453418938813736,-0.08095064006270777,213.7899932861328,-0.0030918623251211677,2,2,0.9932267147387508,0.02927321583113204,0.006773285047744004,2.135889342224335e-10,0.9932267147387508,3.753569525664631e-17
2024-05-02,-0.0030918623251211677,0.011687496550648912,0.010416183408449426,-0.5008090269985006,213.1300048828125,-0.0007979449099420573,2,2,0.9788011519621164,0.07405992368980065,0.02119884764814345,8.123928672768142e-11,0.9788011519621164,3.085088664815776e-10
2024-05-03,-0.0007979449099420573,0.011016061848946157,0.011833156152449323,0.3225259984676434,212.9600067138672,0.010463427933373832,2,2,0.8316193049254839,0.3269938905012319,0.168380664693251,3.026158063622149e-08,0.8316193049254839,1.1964952771715653e-10
2024-05-06,0.010463427933373832,0.011192281545254285,0.006691461253842661,-0.2381491794905357,215.1999969482422,-0.00461094049941965,2,2,0.7587475485362476,0.3985596769076933,0.24125234296487832,8.643369210808091e-09,0.7587475485362476,9.985539689461665e-08
2024-05-07,-0.00461094049941965,0.01114546348451812,0.004901674805375829,-0.18931326889839073,214.2100067138672,-0.0029453952906236033,2,2,0.7357181536047902,0.4165771094885957,0.2642810991302253,1.877358368272407e-08,0.7357181536047902,7.284914481194711e-07
2024-05-08,-0.0029453952906236033,0.010970833173783173,0.00608672647538479,-0.23779359545100598,213.5800018310547,0.01565541986116323,2,2,0.5127058428911092,0.4997982655883465,0.4872908268918957,6.238732101655304e-08,0.5127058428911092,3.2678297632675103e-06
2024-05-09,0.01565541986116323,0.01065594404907453,0.011569460899484352,0.5496782615484526,216.9499969482422,0.008079783894319735,2,0,0.6780089468314886,0.45327738245248644,0.6780089468314886,1.082161352703721e-06,0.321989970999474,7.690393046438027e-12
2024-05-10,0.008079783894319735,0.010387525432831474,0.006949861578347864,0.11799424300890857,218.7100067138672,-0.0112653199553874,0,0,0.9429088291327263,0.15793293898477706,0.9429088291327263,9.192504237900955e-07,0.05708618757287922,4.064043985878455e-06
2024-05-13,-0.0112653199553874,0.009769818714560235,0.006982310853560011,-0.5749466507433734,216.25999450683597,0.008426442720749588,0,0,0.9926223090053617,0.031512503518312085,0.9926223090053617,5.231713281194429e-06,0.007362949876255942,9.509405050813997e-06
2024-05-14,0.008426442720749588,0.009989242236063416,0.006419410237892834,-0.04888513835031278,218.08999633789065,0.012757032448187737,0,0,0.997391509339588,0.013169108370888132,0.997391509339588,2.5098332764669177e-06,0.002586790863671048,1.9189963521053205e-05
2024-05-15,0.012757032448187737,0.01029147091864648,0.016026115055925622,0.6901723782523301,220.88999938964844,-0.003900942141432421,0,0,0.9709006015412336,0.09504611032293976,0.9709006015412336,1.9824860459827964e-05,0.02907957359826707,9.184359081633612e-18
2024-05-16,-0.003900942141432421,0.010304847610881657,0.005362871800789807,-0.7707567643376739,220.02999877929688,0.016363162829441707,0,0,0.9928789362626107,0.03077741919036026,0.9928789362626107,3.9425130814482083e-07,0.007058814986392889,6.185449972140928e-05
2024-05-17,0.016363162829441707,0.010927243353839308,0.009746972632012003,0.8906396667634099,223.66000366210935,0.004015863208074463,0,0,0.9684735168745731,0.1009992598452229,0.9684735168745731,4.7263973692476714e-07,0.03152601035451347,1.31237714701995e-10
2024-05-20,0.004015863208074463,0.009126911403353616,0.011756320886847136,-0.5594083089121192,224.55999755859372,-0.0014706294501547247,0,0,0.9947830463837689,0.023896847300690645,0.9947830463837689,0.00010257884418060012,0.0051143217792768035,5.299285477199687e-08
2024-05-21,-0.0014706294501547247,0.00910382870454071,0.006734200572611199,-0.40329750129686914,224.22999572753903,-0.018544867564565436,0,0,0.9981723557471515,0.010647837211628946,0.9981723557471515,3.443785770961588e-05,0.0008590075938545851,0.0009341988013175387
2024-05-22,-0.018544867564565436,0.01018528201011192,0.01590114029482856,0.7994553807359979,220.1100006103516,-0.020146148039186556,0,0,0.910218653428225,0.21823294117177455,0.910218653428225,6.066009240641617e-05,0.08972068647938466,2.2605778250107075e-19
2024-05-23,-0.020146148039186556,0.01117609327722559,0.016549193608511197,0.06887380474540916,215.72000122070312,0.0009266841017383871,2,2,0.8814487176043306,0.26259464617366096,0.1185509229393391,3.594563380335948e-07,0.8814487176043306,4.1122459680578254e-22
2024-05-24,0.0009266841017383871,0.011152290091616578,0.006808082776811173,-0.8172407789184897,215.9199981689453,0.01045829379441463,2,2,0.7582881514058353,0.3989544300232304,0.24171004350356465,6.271054916542995e-09,0.7582881514058353,1.79881946902668e-06
2024-05-28,0.01045829379441463,0.011389239452193844,0.006324715195848878,-0.10048211064334467,218.19000244140625,-0.009347362870368874,2,2,0.8077410979930145,0.35308716777009524,0.19225884812472474,4.333883771129714e-09,0.8077410979930145,4.9548266299260684e-08
2024-05-29,-0.009347362870368874,0.010589431305220645,0.004811290374270795,0.09395625806047828,216.16000366210935,0.0018949634848047382,2,2,0.6253670919052436,0.47708917476226365,0.37463219440286577,3.091648535347127e-07,0.6253670919052436,4.0452711991883234e-07
2024-05-30,0.0018949634848047382,0.010424004947485237,0.005079146730968452,-0.3102200982344566,216.57000732421875,-0.005881436093592545,0,0,0.8304628305718686,0.32855715059563123,0.8304628305718686,3.076536819139018e-07,0.16950315695951787,3.3704814895649014e-05
2024-05-31,-0.005881436093592545,0.010495072353403342,0.015373956202810929,0.6045467134049062,215.3000030517578,0.008878251926791354,0,0,0.8561411769249861,0.2972046855341082,0.8561411769249861,1.0046051414289752e-05,0.14384877702369828,1.7368318599811532e-15
2024-06-03,0.008878251926791354,0.010653606901618843,0.010496335628731368,0.0942868238851253,217.22000122070312,-0.009017596418210323,0,0,0.9561492400160342,0.12984797024451664,0.9561492400160342,1.096602453327422e-06,0.04384965533858626,8.042951718986817e-09
2024-06-04,-0.009017596418210323,0.010632448686867819,0.009476510913893626,-0.11366441868341515,215.2700042724609,0.011775993219294973,0,0,0.9782385385716829,0.07562155971968551,0.9782385385716829,1.4380845225069727e-06,0.02175994750709864,7.583668475808782e-08
2024-06-05,0.011775993219294973,0.010885490099346438,0.009870577003852595,-0.005496619412040019,217.82000732421875,0.0073641743967564136,0,0,0.9765457269533848,0.08021314675613979,0.9765457269533848,4.1833183400910756e-07,0.023453849577209637,5.1374788913184834e-09
2024-06-06,0.0073641743967564136,0.010940979934474697,0.008522057966572233,-0.03629464347733588,219.42999267578125,-0.03633551284065831,0,0,0.9811965414478321,0.06733899776087686,0.9811965414478321,2.5218462356283064e-07,0.018802920142337497,2.862251936171377e-07
2024-06-07,-0.03633551284065831,0.013288120798599447,0.01724957017953883,0.8363697702920413,211.6000061035156,0.009126408480626166,2,2,0.999999144874575,9.235380646920785e-06,8.551250732738004e-07,2.7749162099790354e-13,0.999999144874575,8.16091893815446e-40
2024-06-10,0.009126408480626166,0.013328789419275434,0.0059005797754081305,-1.0623134684179967,213.5399932861328,0.002852538250894446,2,2,0.9999879721640657,0.00010696324549070745,1.2027835616811352e-05,5.2331544079430986e-21,0.9999879721640657,2.4328272852075156e-13
2024-06-11,0.002852538250894446,0.013139961696917274,0.005323368770206273,-0.05140192713218876,214.1499938964844,0.002658183908153708,2,2,0.9999609081084104,0.00031440512051780117,3.9091889942292116e-05,1.3219344416408753e-18,0.9999609081084104,1.7242872141523326e-12
2024-06-12,0.002658183908153708,0.012996467216023466,0.010944514205270223,0.38964843258710447,214.72000122070312,-0.008183543017197694,2,2,0.9998360145411669,0.0011492692312095433,0.0001639854587617778,2.0389743645410697e-16,0.9998360145411669,1.3726482948954725e-14
2024-06-13,-0.008183543017197694,0.012688468682157308,0.012677899194981784,-0.008629969469620488,212.97000122070312,0.012876289526632455,2,2,0.9997550246724458,0.0016459395245374089,0.0002449753274598473,7.288859732790242e-15,0.9997550246724458,3.0902053597118943e-16
2024-06-14,0.012876289526632455,0.013092213032200354,0.004913538124445734,0.1884421359081941,215.72999572753903,-0.00520517570045054,2,2,0.999972130689232,0.00023094793526934272,2.7869310671795544e-05,1.0256375371354683e-17,0.999972130689232,3.0698656192705845e-14
2024-06-17,-0.00520517570045054,0.01246094530051534,0.007641765924161644,-0.6015372408273352,214.6100006103516,0.003999264104052163,2,2,0.9989014841416766,0.0061913095637120275,0.00109851566818724,1.0160108212165994e-15,0.9989014841416766,1.9020605650257848e-10
2024-06-18,0.003999264104052163,0.012460519500398847,0.00830746059674633,0.2383508485078413,215.47000122070312,0.012407060942233218,2,2,0.9982924812703762,0.009080026354412782,0.001707518690041497,9.752439838601254e-14,0.9982924812703762,3.9459249928632174e-11
2024-06-20,0.012407060942233218,0.012874931973466836,0.011872073492862378,0.3929790879019402,218.16000366210935,-0.015614512577113587,2,2,0.99980338624703,0.0013522013880034696,0.00019661375301580465,1.1447186647581155e-14,0.99980338624703,8.939083691251007e-17
2024-06-21,-0.015614512577113587,0.012684485062056425,0.016947571516604858,0.19560648835674524,214.77999877929688,0.0039497558204108826,2,2,0.9999813549908299,0.00015991388595839904,1.8645009158258223e-05,3.602927134174113e-15,0.9999813549908299,3.239459068073231e-26
2024-06-24,0.0039497558204108826,0.011913717109336105,0.0034318298771371363,-0.6502915217154068,215.6300048828125,-0.004974590412272902,2,2,0.9941769999983684,0.02580323656194703,0.005822995969957555,2.158152873009445e-15,0.9941769999983684,4.031560103296098e-09
2024-06-25,-0.004974590412272902,0.011961994111223506,0.005546245595389916,-0.19140110045263153,214.55999755859372,-0.00927101143578294,2,2,0.9936718738872198,0.027660676267308195,0.006328122830286142,4.3104250099441785e-12,0.9936718738872198,3.2781960371798773e-09
2024-06-26,-0.00927101143578294,0.011839594953689395,0.004657096079766174,0.20501054933440974,212.5800018310547,0.011273144249924162,2,2,0.9965324982494265,0.01666495129334255,0.0034675016220776025,9.209378686805401e-12,0.9965324982494265,1.1931148653140393e-10
2024-06-27,0.011273144249924162,0.01199891769316162,0.00488396216070239,0.05949148006315001,214.9900054931641,9.297215668029186e-05,2,2,0.9957761686090189,0.0196975781222366,0.004223831201387564,5.297102697331011e-13,0.9957761686090189,1.891215136888933e-10
2024-06-28,9.297215668029186e-05,0.011988555694400613,0.004604391701165762,-0.22998214101043538,215.00999450683597,0.0026012036358740546,2,2,0.9942691658560215,0.025460978281953876,0.005730829504571029,1.3023675624544566e-12,0.9942691658560215,4.6381973736181166e-09
2024-07-01,0.0026012036358740546,0.011932912218036426,0.007004659533015959,-0.04055760295375391,215.57000732421875,-4.643502198153371e-05,2,2,0.9873558096089025,0.04892623885117623,0.012644184265824343,9.183601458676014e-12,0.9873558096089025,6.115993925902057e-09
2024-07-02,-4.643502198153371e-05,0.011751390315431225,0.0067730874485203455,0.25920571688201177,215.55999755859372,0.011209933637062129,2,2,0.979734381586003,0.07146476617789997,0.020265609351791017,8.356871136363506e-11,0.979734381586003,8.978536013856652e-09
2024-07-03,0.011209933637062129,0.011839304646099407,0.006468203250509205,0.026783198614177522,217.9900054931641,0.013396660734694534,2,2,0.9861593858317709,0.052647029117370486,0.01384061330455951,2.2362681202277924e-11,0.9861593858317709,8.412701119190342e-10
2024-07-05,0.013396660734694534,0.011924860800034088,0.007694731383696571,0.16305485691715849,220.92999267578125,-0.012479622087256387,2,2,0.9904607677545739,0.038861416962810084,0.00953923217839822,1.2812839684381077e-11,0.9904607677545739,5.430307040251217e-11
2024-07-08,-0.012479622087256387,0.012165086059340434,0.012053666962718585,-0.02722160351187649,218.19000244140625,0.0016943111880903482,2,2,0.9984387105263585,0.008403339764369213,0.001561289463773809,9.943661747541379e-12,0.9984387105263585,4.484552144846217e-15
2024-07-09,0.0016943111880903482,0.008716700043475644,0.009242263159937878,-0.39490935672307254,218.55999755859372,0.003653653384415535,0,0,0.7543180190565194,0.4029442939077916,0.7543180190565194,2.654344875810213e-06,0.2455606234130991,0.00011870318553779518
2024-07-10,0.003653653384415535,0.00855295584476079,0.007066024103961898,0.35355332678976803,219.3600006103516,0.017578001160184497,0,0,0.9880319475341288,0.051716013668838205,0.9880319475341288,0.0005668089265571769,0.009841342631185194,0.0015599009080578905
2024-07-11,0.017578001160184497,0.009291530716121826,0.011959678248355518,0.5174627765861023,223.25,-0.0006272936376367233,0,0,0.9936275311304666,0.02838341777631874,0.9936275311304666,0.00016837340682468934,0.006204095426824386,3.5992810240412565e-11
2024-07-12,-0.0006272936376367233,0.009309810470704732,0.007888460857967704,-0.5877072859458677,223.1100006103516,0.0032219172131206842,0,0,0.9987132321965125,0.007567032221312549,0.9987132321965125,1.8121417199598302e-05,0.0010734380319545691,0.00019520835427007575
2024-07-15,0.0032219172131206842,0.009002829356398529,0.011481892706097355,0.09917650827589514,223.8300018310547,0.01972987782004887,0,0,0.9984279642740673,0.008944884956207818,0.9984279642740673,0.0002444920418607761,0.001327344290912099,1.9939308912268359e-07
2024-07-16,0.01972987782004887,0.009533878022206777,0.013097333752283322,0.6604555584064589,228.2899932861328,-0.0046540195707981385,0,0,0.9895934704439557,0.04214830306460591,0.9895934704439557,0.00010099034614938938,0.010305539209927515,7.339073229524145e-14
2024-07-17,-0.0046540195707981385,0.009510198637509567,0.013114446963737418,-0.25015889105326666,227.22999572753903,-0.006401633154546521,0,0,0.9947088747650632,0.024043803253583733,0.9947088747650632,5.813445872444225e-05,0.005232990412057564,3.6414061064406394e-10
2024-07-18,-0.006401633154546521,0.009726368267893979,0.012179998294216326,-0.4520348403583604,225.77999877929688,-0.01810066223064627,0,0,0.9951672477455797,0.02216213268280225,0.9951672477455797,2.0466113907851467e-05,0.00481228270121044,3.43924188152267e-09
2024-07-19,-0.01810066223064627,0.010430715007384198,0.005727637388458984,0.4572990760423092,221.72999572753903,0.0003156824791686295,0,0,0.9394897824665649,0.16480216098065437,0.9394897824665649,9.782124329799715e-06,0.06050043408133807,1.3277476808193235e-09
2024-07-22,0.0003156824791686295,0.009692474715148293,0.006853039907786704,-0.4852871500770872,221.8000030517578,0.003510507096461622,0,0,0.9963477133026747,0.017981406493135864,0.9963477133026747,4.901463552169489e-06,0.003457338815781155,0.0001900464180271504
2024-07-23,0.003510507096461622,0.009687385729069365,0.00399855953961195,-0.18443473453355838,222.5800018310547,-0.0035105070964615765,0,0,0.9977829464241921,0.011815048212718785,0.9977829464241921,3.6886603039133663e-06,0.0020481758209792843,0.00016518909462910294
2024-07-24,-0.0035105070964615765,0.009640618247777505,0.014156895159806103,0.4329268389397452,221.8000030517578,-0.015768400613655725,0,0,0.995452831820594,0.02127846867834629,0.995452831820594,8.87889125162554e-05,0.004458379262955585,4.040186604637479e-12
2024-07-25,-0.015768400613655725,0.010125609957555855,0.007969542526370122,0.3574306389107355,218.3300018310547,0.010479424389843233,0,0,0.9875992576974236,0.04825449271696326,0.9875992576974236,1.7443004553192796e-05,0.012383287111236495,1.2186816492280717e-08
2024-07-26,0.010479424389843233,0.010086084734084674,0.006073500014661937,-0.4349322718325032,220.6300048828125,-0.0014060442276131696,0,0,0.9959675243402929,0.018995968091466697,0.9959675243402929,1.0178491172740514e-06,0.004021841941199769,9.615869291765366e-06
2024-07-29,-0.0014060442276131696,0.010101044116523081,0.011347131067951752,-0.30500137442827113,220.32000732421875,0.009935936183544556,0,0,0.9961440367407913,0.01827008760716049,0.9961440367407913,6.321901926153191e-06,0.003849611899158643,2.9458103009513935e-08
2024-07-30,0.009935936183544556,0.010285306802405976,0.01150457266511273,0.05715484120561308,222.5200042724609,0.017948680176280075,0,0,0.9942479294238233,0.025567036014931453,0.9942479294238233,4.630722118156892e-06,0.005747438799113095,1.0549053530595415e-09
2024-07-31,0.017948680176280075,0.010903461840467235,0.013065577903306907,0.3928816276918559,226.5500030517578,-0.0034488837098835684,0,0,0.9427074627766702,0.15831153009572244,0.9427074627766702,1.2308442239100047e-06,0.0572913063790066,1.1992639779703088e-14
2024-08-01,-0.0034488837098835684,0.010778158440695332,0.011161820546452123,-0.013678673142241209,225.7700042724609,-0.0019064443892983563,0,0,0.9710409071936537,0.09458202157825056,0.9710409071936537,1.2066465908584343e-06,0.028957879823679856,6.336159414067844e-09
2024-08-02,-0.0019064443892983563,0.010446163594102139,0.02613827764875165,0.4313245307406481,225.33999633789065,-0.012773165762624666,2,2,0.9987921014497894,0.0067268778724303546,0.0012076276720964679,2.7087806662536207e-07,0.9987921014497894,5.749987982111556e-49
2024-08-05,-0.012773165762624666,0.01046626913984431,0.012855091088072548,-0.2173678706869389,222.47999572753903,-0.008032891286850028,2,2,0.8930897266539433,0.24526283105950744,0.10691026632926018,7.015893134917106e-09,0.8930897266539433,9.875935590426882e-13
2024-08-06,-0.008032891286850028,0.010655313740926936,0.009198000939587303,0.4741829918198963,220.6999969482422,-0.0006798590470787476,2,2,0.6128881502876214,0.4814619840651848,0.38711119840967945,6.316357026583824e-07,0.6128881502876214,1.9666922364448394e-08
2024-08-07,-0.0006798590470787476,0.010631569239876229,0.008886834858116787,-0.9992044375740792,220.5500030517578,0.01556622880577821,0,0,0.7150147494255921,0.43109345505537505,0.7150147494255921,1.965344932457506e-07,0.2849836007629963,1.4532770186390281e-06
2024-08-08,0.01556622880577821,0.010467449375269097,0.007722850631498488,0.17943971496727557,224.00999450683597,0.0024522519879110324,0,0,0.9019707160807375,0.23136571107393572,0.9019707160807375,7.183992786352976e-07,0.0980285271842895,3.833577730454948e-08
2024-08-09,0.0024522519879110324,0.0104777501765564,0.006501565153861271,-0.3539624190088431,224.55999755859372,0.01699935451192235,0,0,0.9832808782282709,0.06143515898571238,0.9832808782282709,4.6804532265423775e-07,0.016694521050240187,2.4132676247387137e-05
2024-08-12,0.01699935451192235,0.01111202081146001,0.011251661591983155,0.2249523175721784,228.41000366210935,-0.0015335341694870399,0,0,0.9295796842573607,0.18374831133176828,0.9295796842573607,3.3404184170514323e-07,0.07041998169687047,3.838769114508236e-12
2024-08-13,-0.0015335341694870399,0.010207350545171015,0.005612552806276279,0.19225770419232427,228.05999755859372,-0.008189191333500994,0,0,0.9878576620288116,0.04748815328252367,0.9878576620288116,2.4512217732933424e-06,0.012114760355189028,2.5126394290547938e-05
2024-08-14,-0.008189191333500994,0.010321239838665707,0.009416399879575639,-0.21018303765275928,226.1999969482422,0.0031339290416113642,0,0,0.9937117691815243,0.027535342210468716,0.9937117691815243,2.8790266478946113e-06,0.0062850663989862995,2.853927774260181e-07
2024-08-15,0.0031339290416113642,0.010240935019698003,0.010488761378526768,-0.03525020788280452,226.91000366210935,0.022140811735288115,0,0,0.9965390616336224,0.016661359281429113,0.9965390616336224,3.9745488550443164e-06,0.00345684832696348,1.1549051898197465e-07
2024-08-16,0.022140811735288115,0.010397825719812978,0.012974738973027169,0.8159387546352934,231.9900054931641,-0.0016393656726291592,0,0,0.9640302084441957,0.11178970147054915,0.9640302084441957,5.768026505342787e-06,0.03596402352935794,1.205538204633707e-15
2024-08-19,-0.0016393656726291592,0.010426234649321965,0.008807880837428781,-0.8367287275207597,231.6100006103516,0.003663270802502215,0,0,0.9893711607012147,0.04249448238804747,0.9893711607012147,6.54042639459369e-07,0.010624717029790879,3.46822638380916e-06
2024-08-20,0.003663270802502215,0.01042732895304416,0.012389183260965908,0.5635027186241885,232.4600067138672,-0.0013345079227064104,0,0,0.9929930576897704,0.030143841814847024,0.9929930576897704,5.592237649374061e-06,0.007001349855646751,2.1686893369518897e-10
2024-08-21,-0.0013345079227064104,0.010376147705355629,0.01029506548561085,-0.5306304552613904,232.1499938964844,-0.012047289256478088,0,0,0.9942952245974702,0.02537694759487049,0.9942952245974702,1.701774874798447e-06,0.00570285072126666,2.229064659589142e-07
2024-08-22,-0.012047289256478088,0.010064151268230284,0.009242753721529265,0.07713589251290394,229.3699951171875,0.011487194343258775,0,0,0.9945767995070259,0.02436807427194573,0.9945767995070259,1.0932132279300653e-05,0.005412197304620997,7.10561481836726e-08
2024-08-23,0.011487194343258775,0.010108805419835496,0.009525003940965943,-0.06211087855713898,232.0200042724609,0.003184262926895566,0,0,0.9962243266347006,0.01793689154698371,0.9962243266347006,3.96295280581755e-06,0.003771626517355984,8.389507282831947e-08
2024-08-26,0.003184262926895566,0.010067075116268632,0.006186640640103584,-0.541916858426193,232.75999450683597,0.0027030152296240286,0,0,0.9977470848201816,0.011802550737451852,0.9977470848201816,1.136200651071931e-06,0.002164591778629623,8.718720047637295e-05
2024-08-27,0.0027030152296240286,0.009924106334702329,0.008140853941699121,0.34181609555111553,233.38999938964844,-0.007051666972008083,0,0,0.9982820321737886,0.009212190230941645,0.9982820321737886,9.085446132589312e-06,0.0016991524626997648,9.729917375880253e-06
2024-08-28,-0.007051666972008083,0.00942233121968298,0.005566379913362999,0.11204522027523534,231.75,0.005164620716356872,0,0,0.9980641432958183,0.010474038248656102,0.9980641432958183,3.447086330159522e-05,0.00182530517149128,7.608066941773521e-05
2024-08-29,0.005164620716356872,0.009398622515676023,0.007254786278369303,0.10743032616755889,232.9499969482422,-0.0071515197828322195,0,0,0.9988582165484524,0.006759978363883793,0.9988582165484524,2.681676437452864e-05,0.0010012450131878993,0.00011372167400809927
2024-08-30,-0.0071515197828322195,0.009572171653523523,0.009987451362567342,0.038843281342441346,231.2899932861328,-0.00433295027353233,0,0,0.9982792726136366,0.009274717530653781,0.9982792726136366,3.742631715338756e-05,0.0016826826327928836,6.184364603664415e-07
2024-09-03,-0.00433295027353233,0.009092984337997405,0.008771501465815273,0.11110923950618072,230.2899932861328,0.0006077417877377091,0,0,0.9988850927830054,0.006669658770997218,0.9988850927830054,0.00012694076657505287,0.0009514231787128102,3.6543271710344395e-05
2024-09-04,0.0006077417877377091,0.008805685500784555,0.007290685801240287,-0.312379878862545,230.42999267578125,0.008297784905919918,0,0,0.9978191079833605,0.012477955602449558,0.9978191079833605,0.00010905518013650957,0.0006954526116997164,0.0013763842249112067
2024-09-05,0.008297784905919918,0.00888194768717781,0.006713998354270524,0.029810999146647324,232.3500061035156,-0.007430165851405642,0,0,0.9985363947636603,0.00883858641847924,0.9985363947636603,0.0001148187744076991,0.0009304904837184342,0.0004182959782413283
2024-09-06,-0.007430165851405642,0.008599899940245513,0.013614878043487703,0.2665323486084407,230.6300048828125,0.004197056104325384,0,0,0.9945649778015421,0.026718776507774433,0.9945649778015421,0.0015807464335182639,0.0038542755742044608,1.9077952471885273e-10
2024-09-09,0.004197056104325384,0.00861936390392216,0.005310862241468618,-0.5764449121069726,231.6000061035156,0.004394427867848139,0,0,0.9927892613002836,0.033064024324723766,0.9927892613002836,8.213512168423204e-05,0.000866627713611791,0.006261975864418221
2024-09-10,0.004394427867848139,0.007856857352913135,0.006964192287771628,0.21005100301945187,232.6199951171875,-0.0015918222264343484,0,0,0.9717422961822603,0.1071787004738142,0.9717422961822603,0.006227426720182402,0.0013384592448097002,0.02069181785284193
2024-09-11,-0.0015918222264343484,0.007857823455702325,0.007664149749394388,0.057471779125572484,232.25,0.01741476344611925,0,0,0.9674379980023121,0.12197106954742332,0.9674379980023121,0.011015560460469153,0.0012290605839197033,0.020317380953255155
2024-09-12,0.01741476344611925,0.008366542948918332,0.008589678684757346,0.7614483185222274,236.3300018310547,0.009894570827460453,0,0,0.9916125850488985,0.03911883208544292,0.9916125850488985,0.004685836463319401,0.0036989309089285266,2.6475789597890517e-06
2024-09-13,0.009894570827460453,0.008541414245774172,0.005111451559160623,-0.28668225689819465,238.67999267578125,-8.375168155593023e-05,0,0,0.9967957922184897,0.017552211908557287,0.9967957922184897,0.00016924974082627883,0.0012863499032663983,0.0017486081373587997
2024-09-16,-8.375168155593023e-05,0.007195190032882851,0.00515375726416425,-0.45846763008890007,238.66000366210935,-0.005546263478781388,0,0,0.5546611958096435,0.5277228714759366,0.5546611958096435,0.00647906292764996,0.0016000235772053919,0.43725971768557403
2024-09-17,-0.005546263478781388,0.007334235231355053,0.008384619212393182,0.10914881205836173,237.33999633789065,-0.007740344731775493,1,1,0.5492014250601437,0.6684454975402908,0.3563133822126908,0.5492014250601437,0.001312332344888927,0.09317286038225445
2024-09-18,-0.007740344731775493,0.0075738102029829744,0.021188018983330916,0.745661410457315,235.50999450683597,0.015421236419487408,1,1,0.6468258386282282,0.5914807022474866,0.06631772304324263,0.6468258386282282,0.2868564383284404,2.40453986873251e-26
2024-09-19,0.015421236419487408,0.008239966522700972,0.008905819706148408,-0.5956088236070592,239.1699981689453,0.012630557682531525,0,0,0.6406739315032943,0.6481764815049137,0.6406739315032943,0.1452189867715341,0.2136750634193608,0.0004320183059165677
2024-09-20,0.012630557682531525,0.007948751614154244,0.008917896049856757,0.23643358309343004,242.2100067138672,0.00193852671610104,0,0,0.9276413994671999,0.22359162079713643,0.9276413994671999,0.04601120468831481,0.025759504987282616,0.0005878908573082485
2024-09-23,0.00193852671610104,0.007676773540629356,0.0035850107229023274,-0.3548266407336155,242.67999267578125,0.013872405171650835,0,0,0.7552616567813497,0.4276203940214812,0.7552616567813497,0.004374182167273699,0.002607423052026418,0.23775673799943522
2024-09-24,0.013872405171650835,0.008105570675189435,0.01235424251000395,0.43536034889509556,246.07000732421875,-0.0013827232563759936,0,0,0.8610654697523514,0.3068330179392146,0.8610654697523514,0.13368809481613964,0.005246400796619301,3.4634948005464814e-08
2024-09-25,-0.0013827232563759936,0.00815893529557011,0.006836804475563801,-0.1260117116715866,245.72999572753903,0.005073989582052931,0,0,0.9182716796462795,0.22582103701387093,0.9182716796462795,0.007347983594448129,0.0010170796756985914,0.0733632570836789
2024-09-26,0.005073989582052931,0.007850543628508034,0.008826596135284385,-0.04882330238181788,246.97999572753903,-0.00796748708764577,0,0,0.9650788882740639,0.12538765169671565,0.9650788882740639,0.027103683289334157,0.00148610867518532,0.00633131976134143
2024-09-27,-0.00796748708764577,0.008216664786646774,0.010448116537240145,0.16805102785391793,245.0200042724609,-0.008031540905021974,0,0,0.990982980263965,0.04046532277847586,0.990982980263965,0.0071603110185020115,0.0018436723278765143,1.3036389727977213e-05
2024-09-30,-0.008031540905021974,0.008273375922298322,0.006500460161791129,-0.18587665854401583,243.05999755859372,0.0104365981433154,0,0,0.9950621751895581,0.026018672510453058,0.9950621751895581,0.0010193556965696277,0.0011898333113702076,0.0027286358025620356
2024-10-01,0.0104365981433154,0.008292219662830176,0.007817263809185428,0.42743395720304067,245.6100006103516,0.000203566476664727,0,0,0.9964179491973423,0.01952703245778835,0.9964179491973423,0.0018012213740955275,0.0014610568815496456,0.0003197725469484836
2024-10-02,0.000203566476664727,0.008299411097826047,0.008466994219846945,-0.4446266084560747,245.66000366210935,-0.0006922454344500081,0,0,0.9969554285926228,0.017203372400601578,0.9969554285926228,0.0006253597230964478,0.0009518547459427544,0.001467356938355084
2024-10-03,-0.0006922454344500081,0.008252102259981632,0.009043142983533457,-0.18076367226200277,245.4900054931641,-0.001998025038998091,0,0,0.9971985743259953,0.01603533762814853,0.9971985743259953,0.0012204389065029002,0.0009841433418662092,0.0005968434255479607
2024-10-04,-0.001998025038998091,0.00798443562339228,0.010775507712850765,0.04703894952571321,245.0,-0.00339351403676491,0,0,0.9930095605749645,0.03303174033747817,0.9930095605749645,0.00518177961669706,0.0017831330780650645,2.5526730216640155e-05
2024-10-07,-0.00339351403676491,0.008105141028060005,0.004136502327063892,-0.4352080289831606,244.1699981689453,-0.007399232494344503,0,0,0.9707345217041475,0.10088172827753229,0.9707345217041475,0.0005769865224931623,0.0011530328003391515,0.027535458973101206
2024-10-08,-0.007399232494344503,0.008394826033777529,0.014069350464241915,0.6894771651182849,242.3699951171875,-0.0054610705017173605,0,0,0.9825072002056031,0.07103016371741705,0.9825072002056031,0.012613685375398366,0.004879114356412291,6.251505706405637e-11
2024-10-09,-0.0054610705017173605,0.008526789567380755,0.004978207562953463,-0.6213160241985929,241.0500030517578,0.007316064767089658,0,0,0.9906850417549055,0.04099826882436566,0.9906850417549055,0.00016196283741957585,0.0010153456217626435,0.008137649785931522
2024-10-10,0.007316064767089658,0.00782750001968204,0.006218638168512795,0.15111941171832874,242.82000732421875,0.01085428686886074,0,0,0.9683289024837037,0.11653528166823145,0.9683289024837037,0.005759375709021399,0.0016092760174092498,0.02430244578990286
2024-10-11,0.01085428686886074,0.007885337279667346,0.0059070230212713,0.1889520051305608,245.47000122070312,-0.0016308312397319176,0,0,0.9781465999341992,0.09061811508298691,0.9781465999341992,0.00835076380411708,0.0021513663155872964,0.01135126994618822
2024-10-14,-0.0016308312397319176,0.007908240131927603,0.006528771598716586,-0.38921475586356447,245.07000732421875,0.0034623584364339233,0,0,0.9379997511975503,0.17972841321327876,0.9379997511975503,0.0028188905394266866,0.0010449829816148162,0.05813637528133099
2024-10-15,0.0034623584364339233,0.007751256916350168,0.008214070785220195,0.3631947232160676,245.9199981689453,0.0049891427128232555,0,0,0.9358627391843255,0.20351162359163052,0.9358627391843255,0.045583269712787804,0.0015557933734800522,0.016998197729458014
2024-10-16,0.0049891427128232555,0.0074453398330107745,0.006999780579657424,-0.03773691876138023,247.1499938964844,0.0059704521617615375,0,0,0.7675758502929041,0.4756110533943277,0.7675758502929041,0.040146926093542784,0.0017976290804555058,0.19047959453314153
2024-10-17,0.0059704521617615375,0.006852533348086789,0.005791748433922696,-0.04821778433286245,248.6300048828125,0.010562207979593495,3,3,0.8307314250619994,0.41313015389060154,0.06932705467531397,0.0993835400707737,0.0005579801919215003,0.8307314250619994
2024-10-18,0.010562207979593495,0.006696526169104495,0.005850285333338564,0.4143509781273095,251.2700042724609,-0.00019902108052380224,1,1,0.5716011091993286,0.5049990858680946,0.0025834833603570044,0.5716011091993286,0.0001622221277307997,0.42565318531258195
2024-10-21,-0.00019902108052380224,0.006711846406758199,0.00959319978663703,0.1671306748673165,251.22000122070312,0.010729555523637746,1,1,0.9525167927915867,0.14344818032724677,0.001334507913000867,0.9525167927915867,0.00028663941918668617,0.04586205987623785
2024-10-22,0.010729555523637746,0.006444027378262192,0.0055920852593352366,-0.4752579421286814,253.92999267578125,-0.012123752431615111,3,3,0.8239957943867469,0.34100391358050497,0.0007600862283976234,0.17488936745335726,0.0003547519314652718,0.8239957943867469
2024-10-23,-0.012123752431615111,0.007115815473174385,0.011878645455974253,0.339220720056915,250.8699951171875,0.007663817134299539,1,1,0.9987037869704778,0.007774539473553062,0.000817739835006051,0.9987037869704778,0.0004767779679754129,1.6952265782951052e-06
2024-10-24,0.007663817134299539,0.007216041331423983,0.007594989733213122,-0.30407608676807496,252.8000030517578,0.0020548662166116312,3,3,0.6159398115091755,0.5272010932799844,0.013477254631473543,0.3696599986943077,0.0009229351650980354,0.6159398115091755
2024-10-25,0.0020548662166116312,0.006889082323945998,0.007026680593052099,-0.29828226275796776,253.32000732421875,3.945329776617785e-05,3,3,0.8852409472998091,0.2616391072576825,0.001008235857601388,0.11368178325797293,6.903358466586492e-05,0.8852409472998091
2024-10-28,3.945329776617785e-05,0.00651751105017442,0.002684277147022675,-0.09361425176946592,253.3300018310547,0.010835937036952448,3,3,0.9044163170407334,0.22792498870712546,4.46347946193582e-05,0.09550370064236598,3.534752217334737e-05,0.9044163170407334
2024-10-29,0.010835937036952448,0.006545047872644043,0.008044097180058591,0.7897516458469196,256.0899963378906,0.005490789207931537,1,1,0.9733807847902887,0.08922003074198043,4.5733164097055786e-05,0.9733807847902887,8.307411107328594e-05,0.026490407934436057
2024-10-30,0.005490789207931537,0.006571600910242994,0.006990243856189431,-0.3291552594913064,257.5,-0.015616471787270507,3,3,0.8697042514513719,0.2826450655588827,0.0005934215715770005,0.12956337656947853,0.00013895040762704322,0.8697042514513719
2024-10-31,-0.015616471787270507,0.007688136367698915,0.013411736140374247,0.4415016264481992,253.50999450683597,-0.004110813705942359,1,1,0.9956587918993406,0.022288922187920345,0.002519488439618294,0.9956587918993406,0.0018217188009706448,8.601219009721912e-10
2024-11-01,-0.004110813705942359,0.007754512612350976,0.00958528996413256,-0.42800135919624105,252.47000122070312,0.0014248987496042703,1,1,0.7353210589401139,0.56237320554868,0.15446772905368997,0.7353210589401139,0.005543857090415995,0.10466735491582783
2024-11-04,0.0014248987496042703,0.00766879756635272,0.0051813374564192,-0.34563505129103606,252.8300018310547,0.002251910440369921,3,3,0.9463972866186868,0.17669120982031022,0.034657162148844775,0.018739025851947595,0.00020652538060781622,0.9463972866186868
2024-11-05,0.002251910440369921,0.007360731940499039,0.006235208638955949,0.27472579858131807,253.3999938964844,-0.030857976694085635,3,3,0.7842489738712685,0.3935127252575979,0.004923600248405964,0.21076513377119033,6.229210913478365e-05,0.7842489738712685
2024-11-06,-0.030857976694085635,0.01034304811980654,0.009768047151335463,0.8843048003969473,245.6999969482422,0.015948645391861378,2,2,0.9207099678010728,0.23888984289478563,0.04533672344437669,0.033953308754608044,0.9207099678010728,7.574366045773658e-16
2024-11-07,0.015948645391861378,0.010792805827157392,0.008491930413808213,-0.503854639669471,249.6499938964844,-0.0067924425881974865,2,2,0.8319349803531056,0.32663451732575344,0.1680645254519924,4.830295468474141e-07,0.8319349803531056,1.1165253760802681e-08
2024-11-08,-0.0067924425881974865,0.010699018496737633,0.006331695764270677,-0.3417392172669535,247.9600067138672,-0.02375140115119195,2,2,0.5018283865178346,0.5000264790344437,0.4981682990408742,1.367433219485789e-07,0.5018283865178346,3.1776980699848907e-06
2024-11-11,-0.02375140115119195,0.011996139920603468,0.006896828996261679,0.6201909367698273,242.13999938964844,-0.008668821068980244,2,2,0.9984353766504716,0.008418882194121133,0.001564622642646051,7.069460497584443e-10,0.9984353766504716,6.315575675566067e-17
2024-11-12,-0.008668821068980244,0.01208620603266482,0.009456380935648092,-0.13860204965846323,240.0500030517578,-0.010132384997697268,2,2,0.9958035507828892,0.019589610465320182,0.00419644918910793,2.110568831407023e-12,0.9958035507828892,2.5855374139642428e-11
2024-11-13,-0.010132384997697268,0.012150935990927498,0.016327924938291778,-0.18503184500710207,237.6300048828125,-0.002612551531378182,2,2,0.9996744320367201,0.0021206217679994965,0.0003255679608841101,2.445957177402849e-12,0.9996744320367201,6.825501631787267e-22
2024-11-14,-0.002612551531378182,0.01200666674442796,0.007847772893382957,-0.020283310188308108,237.00999450683597,-0.0017736414154014316,2,2,0.9914148348150112,0.03563026988645136,0.008585163526541107,5.609850934196854e-13,0.9914148348150112,1.6579951291716002e-09
2024-11-15,-0.0017736414154014316,0.011616626073888508,0.0065514310653445595,-0.12390924957223405,236.58999633789065,0.01884162282592499,2,2,0.9674468769358432,0.10351966235378149,0.03255307494643347,9.06843688644056e-11,0.9674468769358432,4.8027053473166664e-08
2024-11-18,0.01884162282592499,0.012597905851532002,0.004355232766631346,-0.14354881447208862,241.08999633789065,0.00891942849470802,2,2,0.99980129326526,0.0013650778427609972,0.00019870673481762777,1.3229923472164133e-14,0.99980129326526,1.758119932501282e-14
2024-11-19,0.00891942849470802,0.012507379214111642,0.00526207103513606,0.03964091968093577,243.25,0.005616245032295766,2,2,0.9993220613959589,0.004057043796954606,0.0006779385781630594,1.4615535160887756e-15,0.9993220613959589,2.5699510484250382e-11
2024-11-20,0.005616245032295766,0.012391220190715289,0.006949604451659051,0.0078124214515932116,244.6199951171875,0.008304918886222052,2,2,0.9980650787654402,0.010114617228041464,0.0019349210414582377,4.059576967197501e-14,0.9980650787654402,1.931871855427204e-10
2024-11-21,0.008304918886222052,0.012416328131634673,0.004540643398034294,0.1425245695234188,246.66000366210935,0.012809813332372294,2,2,0.9992454141096899,0.004457406309312392,0.0007545858628617724,1.9202627411617624e-14,0.9992454141096899,2.7316757004973134e-11
2024-11-22,0.012809813332372294,0.012793230769004066,0.01012647621029903,-0.01893200827816497,249.83999633789065,-0.029901483187306007,2,2,0.9997220239073566,0.001842320755944091,0.0002779760926518782,4.3356639099796474e-15,0.9997220239073566,1.192379889115966e-14
2024-11-25,-0.029901483187306007,0.01435916294277257,0.012042222947852593,0.3580294839519281,242.47999572753903,0.0019364331609546426,2,2,0.999999999733518,4.4315902236763605e-09,2.6658422808695075e-10,4.3979024535290784e-21,0.999999999733518,6.2435556101337955e-31
2024-11-26,0.0019364331609546426,0.014069267253642832,0.006215248099622959,-0.7747734739789583,242.9499969482422,0.0022202481870022992,2,2,0.9999997426644189,3.0021450753567675e-06,2.5733542532589484e-07,1.1586586162106791e-26,0.9999997426644189,8.552543127274587e-15
2024-11-27,0.0022202481870022992,0.013988642462340732,0.008131733060372575,0.33738743900399115,243.4900054931641,0.008587567442534243,2,2,0.9999993793191714,6.846835976377943e-06,6.206808590747967e-07,1.6763383365096314e-22,0.9999993793191714,6.881609317451029e-16
2024-11-29,0.008587567442534243,0.013867696728959772,0.004397580712403228,-0.939551413424736,245.58999633789065,-0.0087929483026941,2,2,0.9999995243794041,5.337980944921883e-06,4.756206451093377e-07,2.0709441618440292e-23,0.9999995243794041,3.4146570677609003e-15
2024-12-02,-0.0087929483026941,0.013951810438660228,0.005915225217568116,0.564902560990349,243.44000244140625,0.0020107532444556663,2,2,0.9999998845874027,1.4131922291265473e-06,1.1541260407698584e-07,1.9152888339474512e-22,0.9999998845874027,1.4278111529919424e-17
2024-12-03,0.0020107532444556663,0.013959597153730158,0.007707086789127319,-0.292155160797133,243.92999267578125,0.0030290874860776605,2,2,0.9999992526693923,8.143827835536005e-06,7.47330598617891e-07,5.251883579568997e-23,0.9999992526693923,6.335920999393739e-15
2024-12-04,0.0030290874860776605,0.01397252165770692,0.003964528662943647,0.25878174694152184,244.6699981689453,-0.00742520820917337,2,2,0.9999998477092165,1.8342941416405032e-06,1.5229079407174035e-07,3.2459457420195407e-23,0.9999998477092165,1.8775275109209679e-16
2024-12-05,-0.00742520820917337,0.01228394931925293,0.009182290128978305,0.041982627846213726,242.8600006103516,0.0003705001517973534,2,2,0.9978440565313808,0.011101603857557294,0.0021559434550744955,6.811234671869127e-17,0.9978440565313808,1.3607408897279294e-11
2024-12-06,0.0003705001517973534,0.011658621205305223,0.005844816574530997,-0.30558230338608966,242.9499969482422,0.009870874002918592,2,2,0.9738768644533735,0.08728084594661872,0.026123068876200313,9.683175100707281e-12,0.9738768644533735,6.66609195620739e-08
2024-12-09,0.009870874002918592,0.011843920087529457,0.007539966167727399,0.28568188095399566,245.3600006103516,0.013078415980993926,2,2,0.9825446758629505,0.06345202182105557,0.017455323474783555,6.311718521660066e-11,0.9825446758629505,5.992783983706218e-10
2024-12-10,0.013078415980993926,0.01086570333784542,0.004143363749428193,-0.014861020812428629,248.58999633789065,0.009488652360594872,2,2,0.8948975795545989,0.2424825440471537,0.1051023861552962,1.2792825786406468e-09,0.8948975795545989,3.3011049059556127e-08
2024-12-11,0.009488652360594872,0.010745559913774475,0.009124933156157361,0.8658179810407162,250.9600067138672,-0.014772297747821581,2,2,0.6168750669840023,0.48011220477787525,0.38312469974563,2.2343694674924554e-07,0.6168750669840023,9.833534092849802e-09
2024-12-12,-0.014772297747821581,0.0110714805033257,0.005540320214896786,-0.08352899304870998,247.27999877929688,-0.01216527622337442,2,2,0.7987157022969059,0.36224546649449196,0.2012842259360115,6.67229262098718e-08,0.7987157022969059,5.044111334313471e-09
2024-12-13,-0.01216527622337442,0.011479060363324751,0.00683613007017156,-0.429970784991683,244.2899932861328,0.00241229791280552,2,2,0.9268372366514689,0.18880870016837764,0.07316275267940256,3.5325317574931923e-09,0.9268372366514689,7.136770186734718e-09
2024-12-16,0.00241229791280552,0.011454121218904958,0.005104540897890738,-0.6905153214635971,244.8800048828125,-0.003846011153453628,2,2,0.9205221200279335,0.20017226448745676,0.0794774733702406,4.349572725749687e-10,0.9205221200279335,4.0616670658827667e-07
2024-12-17,-0.003846011153453628,0.010772589448225024,0.005411196650847951,0.28948558110357797,243.94000244140625,-0.01937149963953233,2,2,0.7403760243843247,0.41309858556211254,0.259623034981286,8.047435345769868e-08,0.7403760243843247,8.601601580686269e-07
2024-12-18,-0.01937149963953233,0.01145667462845165,0.020438015137999695,0.5949808234389002,239.25999450683597,0.001420087931281009,2,2,0.9995554544515125,0.002795707380522972,0.00044454404118769925,1.5073498052308703e-09,0.9995554544515125,3.887003139442436e-34
2024-12-19,0.001420087931281009,0.011370568060917477,0.005509212398135286,0.011855885684827882,239.6000061035156,0.01037999743966833,2,2,0.9469557054141032,0.14959689822733843,0.05304414289958669,1.2517604730955195e-11,0.9469557054141032,1.516739848633214e-07
2024-12-20,0.01037999743966833,0.0114693334935464,0.007393674100761957,0.16094336145234844,242.1000061035156,-0.004719916680210686,2,2,0.9303835968906755,0.1822453493610252,0.0696163955856331,1.0782906919140256e-09,0.9303835968906755,6.445442995364351e-09
2024-12-23,-0.004719916680210686,0.011025038155289794,0.0042330853421337,-0.49025388919835466,240.9600067138672,0.001990032656870636,2,2,0.8389491734137214,0.3184175588205807,0.16104989661853877,4.821402424901748e-09,0.8389491734137214,9.251464145449249e-07
2024-12-24,0.001990032656870636,0.00883742185472548,0.0034791100455462045,-0.8797792739143498,241.44000244140625,0.0067284927019149185,0,0,0.8969935726904747,0.24898455263720773,0.8969935726904747,8.90530433735217e-06,0.1000343843703414,0.002963137634748258
2024-12-26,0.0067284927019149185,0.008962890900153479,0.005595098405281645,0.651632222603441,243.07000732421875,-0.006894214453703702,0,0,0.9920395546708659,0.03513496690982478,0.9920395546708659,0.0001932991893495947,0.007427821538106519,0.0003393246015373737
2024-12-27,-0.006894214453703702,0.009076377637216816,0.0037282266745636483,0.01771052991298049,241.3999938964844,-0.003194779040875952,0,0,0.99721936091984,0.01447571609517611,0.99721936091984,6.838398608053816e-05,0.002553119359817278,0.0001591357342934384
