Date,log_return,rolling_volatility_20,daily_range,volume_change,current_close,next_log_return,state_viterbi_past_only,state_posterior_argmax,posterior_confidence,posterior_entropy,p_state_0,p_state_1,p_state_2,p_state_3
2023-05-10,0.004661487332721122,0.00905356295749469,0.013733833944313201,0.6695335496992664,396.2671203613281,-0.0017453194512894838,0,0,0.9939658066465208,0.02679264192737814,0.9939658066465208,1.357925144424756e-09,5.009346035249379e-05,0.0059840985351833
2023-05-11,-0.0017453194512894838,0.008561295082493864,0.005968969562838965,-0.3150986132383956,395.57611083984375,-0.001311281211255423,0,0,0.9986405937921501,0.0075270075658065635,0.9986405937921501,2.9121576493103415e-08,1.965548191395896e-05,0.001339721604387388
2023-05-12,-0.001311281211255423,0.008549121008986723,0.011103300286401985,0.004613250918673317,395.0577392578125,0.0034442071764151836,0,0,0.9984570748236814,0.008426271402969511,0.9984570748236814,2.2851210918188865e-08,3.060212711642675e-05,0.0015123001979880817
2023-05-15,0.0034442071764151836,0.008546055189826035,0.007747951898960289,-0.2610212679376063,396.4207458496094,-0.006705229586373436,0,0,0.999109333767959,0.005213306093714151,0.999109333767959,4.9787967472862285e-08,1.6143828168128728e-05,0.0008744726159333025
2023-05-16,-0.006705229586373436,0.008668879216679125,0.006288889920399285,0.06102349349803179,393.77154541015625,0.012065928240365379,0,0,0.9986523318760456,0.007521582692636019,0.9986523318760456,2.446024187440959e-09,3.8005488209288066e-05,0.0013096601897108339
2023-05-17,0.012065928240365379,0.009112358949800777,0.012571275112619143,0.4138490503634488,398.5515441894531,0.009587167981102016,0,0,0.9843814381532624,0.059411703737523594,0.9843814381532624,3.9207094395089504e-10,0.0004119236298943842,0.015206637824744393
2023-05-18,0.009587167981102016,0.00924616032579328,0.011926627075758322,0.1073345760911082,402.3908996582031,-0.0014562138749975697,0,0,0.9740803678275944,0.08775523530321365,0.9740803678275944,2.0830598868515103e-10,0.00024711821937170966,0.02567251374471727
2023-05-19,-0.0014562138749975697,0.009260998220606389,0.008050248809171457,0.06586530539255621,401.8053588867188,0.0004059524253086426,0,0,0.9909977003222955,0.037266631264785244,0.9909977003222955,2.687067518315635e-10,4.770268867104322e-05,0.008954596720338869
2023-05-22,0.0004059524253086426,0.009261115846329222,0.007259028350471704,-0.5357100622532295,401.968505859375,-0.011286296892984564,0,0,0.9941075151473701,0.0262479930584806,0.9941075151473701,5.190782722895703e-10,4.411414038767917e-05,0.0058483701931407485
2023-05-23,-0.011286296892984564,0.00886399968036741,0.012171287858906048,0.35210532616113854,397.457275390625,-0.007271139621786107,0,0,0.9936790223930025,0.027976617451063487,0.9936790223930025,7.285847059156268e-11,9.05116704417828e-05,0.006230465863723056
2023-05-24,-0.007271139621786107,0.008982866424232452,0.007151724604336531,0.03223792988629508,394.5777893066406,0.008622894686180022,0,0,0.995963603435857,0.019198166089331416,0.995963603435857,3.07911927349861e-10,6.572558521702123e-05,0.00397067067101995
2023-05-25,0.008622894686180022,0.008049431900011186,0.009043771988903422,0.01940282420052616,397.9949035644531,0.012867366362077125,0,0,0.9990403220402939,0.0055853442650935356,0.9990403220402939,5.309513955430401e-07,2.352998535580949e-05,0.0009356170229767468
2023-05-26,0.012867366362077125,0.008338528825235158,0.013142205509395878,0.03104719486486631,403.1491394042969,0.00038083973956819315,0,0,0.9927999220813899,0.031719095120648154,0.9927999220813899,8.335026822928062e-09,0.00030895617673739565,0.006891113406824282
2023-05-30,0.00038083973956819315,0.008331160378467905,0.009138931897820364,-0.2618230063061045,403.3027038574219,-0.005560619245857435,0,0,0.998725053087377,0.007120234578180262,0.998725053087377,1.4482652097296682e-07,1.87718373240249e-05,0.0012560302487527578
2023-05-31,-0.005560619245857435,0.007992944974668011,0.007179609802989445,0.4281716388417453,401.0663146972656,0.009456113055990895,0,0,0.9997401596540247,0.001762466139264882,0.9997401596540247,1.9343366804399296e-07,8.318499818657442e-06,0.00025132841251699733
2023-06-01,0.009456113055990895,0.007996145084940023,0.014532276270387674,-0.220714902625644,404.8768310546875,0.014357723402253442,0,0,0.9952330376216878,0.022543927173934823,0.9952330376216878,2.352806286792037e-08,0.0002611108567485746,0.004505827993494045
2023-06-02,0.014357723402253442,0.008195015039818357,0.01119362936305527,0.028413725250066402,410.73187255859375,-0.0019181967222306948,0,0,0.9942640805161843,0.02611573349720961,0.9942640805161843,2.6519091360525648e-08,0.00020407049179535833,0.005531822472925413
2023-06-05,-0.0019181967222306948,0.007375538571773623,0.0076094590343140905,-0.3340897650927073,409.94476318359375,0.0021750948048645615,0,0,0.9996173252945912,0.0025451609158368463,0.9996173252945912,2.4265993419034777e-05,9.628457620675285e-06,0.00034878025437048136
2023-06-06,0.0021750948048645615,0.007368040302882259,0.006050969196731682,-0.02221242615686643,410.83740234375,-0.003463716715494956,0,0,0.9997903648652461,0.0015217551997048703,0.9997903648652461,3.443310085630634e-05,7.4176696508718425e-06,0.00016778436424014296
2023-06-07,-0.003463716715494956,0.007329546711229817,0.008228835695873061,0.28780350732798743,409.4168395996094,0.006030333789440723,0,0,0.9998412293304846,0.0011753508310880408,0.9998412293304846,1.863804495889168e-05,5.836535828734821e-06,0.00013429608870840396
2023-06-08,0.006030333789440723,0.00736334412155383,0.008808516618009654,-0.3206606007465579,411.8932189941406,0.0017927278018511129,0,0,0.9997376560038151,0.0018272875167593475,0.9997376560038151,1.8553411357882792e-05,9.634164214371001e-06,0.00023415642063157106
2023-06-09,0.0017927278018511129,0.007312628325375749,0.0072574904896108555,0.3249793127123355,412.6322937011719,0.009030896022152872,0,0,0.9998107984457346,0.0014026178692281715,0.9998107984457346,4.802114867656259e-05,6.419044659606384e-06,0.00013476136093074585
2023-06-12,0.009030896022152872,0.007422751687762634,0.008552308804694387,-0.11924734963568592,416.3756103515625,0.0065713214020925005,0,0,0.9996376767452227,0.002414348392057865,0.9996376767452227,1.1182670290554873e-05,1.5708801050275096e-05,0.00033543178342038317
2023-06-13,0.0065713214020925005,0.00747361520432542,0.006183258523357661,0.23119808575536982,419.1207580566406,0.001190153500713623,0,0,0.999708749724826,0.0020089527162998775,0.999708749724826,1.821847043189872e-05,1.3751466440312579e-05,0.0002592803382948277
2023-06-14,0.001190153500713623,0.007147392782753917,0.012512011785406093,0.04796967513690354,419.619873046875,0.012321430131831485,0,0,0.9996110262609987,0.002592743279433567,0.9996110262609987,2.0363743063770912e-05,1.77966575484787e-05,0.0003508133383854742
2023-06-15,0.012321430131831485,0.0071643215493925015,0.01732937822952128,0.09195950226943793,424.8221740722656,-0.003412067952681282,0,0,0.9863513136723673,0.05606732117895002,0.9863513136723673,5.803084446324959e-08,0.0019294499976666717,0.011719178299096834
2023-06-16,-0.003412067952681282,0.007143200953522497,0.010558376692030854,0.03441974673224247,423.3751220703125,-0.005201581687920595,0,0,0.9994509577686056,0.0034976366670551894,0.9994509577686056,2.9200411422619648e-05,1.386708970071332e-05,0.0005059747302716984
2023-06-20,-0.005201581687920595,0.007300883175091359,0.007639865487548997,-0.40481013519432285,421.1786193847656,-0.005137008730881751,0,0,0.9996176300180404,0.002551315555166533,0.9996176300180404,1.9791203269808365e-05,1.6725627369776944e-05,0.0003458531513006527
2023-06-21,-0.005137008730881751,0.007481711823285032,0.006115794470911472,0.010733882729467906,419.02056884765625,0.0036032831706697788,0,0,0.9997408545267948,0.001784636681302467,0.9997408545267948,5.667687993157049e-06,1.1760592908378125e-05,0.00024171719228213882
2023-06-22,0.0036032831706697788,0.006790867511352944,0.006918487425508055,-0.08601860738860574,420.53314208984375,-0.007588792810601641,0,0,0.9993200749689102,0.004325943968900833,0.9993200749689102,0.0005508999619764552,7.2529864288236245e-06,0.00012177208270085829
2023-06-23,-0.007588792810601641,0.006816040338426061,0.005978616349985999,0.26504111404967606,417.3538818359375,-0.0040941112354796,0,0,0.9997935892021583,0.0015290605509486683,0.9997935892021583,5.631290125065196e-05,1.1602298341682334e-05,0.00013849559825364826
2023-06-26,-0.0040941112354796,0.006837961279008302,0.007926902676625725,-0.23455795346750952,415.648681640625,0.010903574567530968,0,0,0.9996098073879719,0.0027169994232575413,0.9996098073879719,0.00019762101237094838,1.1459103368445514e-05,0.00018111249628417652
2023-06-27,0.010903574567530968,0.00668874019157438,0.011302915202807866,-0.00013595418227675958,420.2055358886719,0.0005043285523450842,0,0,0.9993645581450686,0.004111337696280366,0.9993645581450686,6.794526641942295e-05,5.060522808427663e-05,0.0005168913604307544
2023-06-28,0.0005043285523450842,0.006687153835909188,0.006943327476770855,0.03802823600806334,420.4175109863281,0.003933604134878199,0,0,0.9990391945344247,0.005780850679458893,0.9990391945344247,0.0008457223700975705,6.888204188993429e-06,0.00010819489128305676
2023-06-29,0.003933604134878199,0.006449110140921286,0.00625411500761912,-0.10815703720346255,422.0745239257813,0.011731684044421348,0,0,0.9973733649792982,0.013513105847518294,0.9973733649792982,0.0025114600255135996,8.210114850334505e-06,0.00010696488031983336
2023-06-30,0.011731684044421348,0.006595719837983027,0.007196359976066879,0.4358421111102074,427.0553283691406,0.0011499237490317574,0,0,0.99875324100437,0.007657567521436945,0.99875324100437,0.0007272669372211285,5.9817127535863496e-05,0.0004596749308751295
2023-07-03,0.0011499237490317574,0.005997634538855403,0.003267269793223281,-1.1633901585951774,427.5466918945313,-0.0014883463733587033,0,0,0.9834886791931512,0.060925258260514335,0.9834886791931512,0.016464807310039003,2.198483248476804e-06,4.431501357715078e-05
2023-07-05,-0.0014883463733587033,0.005983585245789022,0.004490828267156935,0.5774036330731366,426.9108276367188,-0.007861465319693046,0,0,0.9864434516137015,0.05222992659120538,0.9864434516137015,0.013455495711708142,1.4145141528830628e-05,8.690753306966024e-05
2023-07-06,-0.007861465319693046,0.006378411448565996,0.006914453258427856,0.32259080439744664,423.5678405761719,-0.0025279285137442473,0,0,0.999294034492741,0.0044549816587986365,0.999294034492741,0.0005912505884513281,1.0217876124558663e-05,0.00010449704269245255
2023-07-07,-0.0025279285137442473,0.00634321915805643,0.009896310514817614,0.06568483200809697,422.4984436035156,0.002527928513744244,0,0,0.9985643300313448,0.008156250372446282,0.9985643300313448,0.0013041748642798456,9.709397879310126e-06,0.00012178570651812093
2023-07-10,0.002527928513744244,0.006261494952343771,0.0051175908230424024,-0.32164439722128674,423.5678405761719,0.00634834895583935,0,0,0.9943113193773272,0.025689064212989186,0.9943113193773272,0.005587723047993614,7.4948857902095995e-06,9.346268887168298e-05
2023-07-11,0.00634834895583935,0.006358737385183576,0.007978119711316792,0.03184167804941885,426.2653503417969,0.008013844316344299,0,0,0.9968298044977822,0.01590928745997897,0.9968298044977822,0.0030194253509982162,1.2157806697579305e-05,0.0001386123445427389
2023-07-12,0.008013844316344299,0.006300192661526406,0.005762090012831177,0.3548637620184371,429.6950988769531,0.007905460796837828,0,0,0.9951373543296107,0.022925637018418793,0.9951373543296107,0.004625817347490836,2.7439475170166807e-05,0.00020938884774328572
2023-07-13,0.007905460796837828,0.006362638555873739,0.006517467505322936,-0.23841328282679877,433.1054992675781,-0.0006230801632776656,0,0,0.9977612623969611,0.011882555927897312,0.9977612623969611,0.002093704842240294,1.0992364684354511e-05,0.00013404039614125384
2023-07-14,-0.0006230801632776656,0.006382290605895427,0.006387987724771493,-0.03669395994493894,432.8357238769531,0.0034662018773387706,0,0,0.9968188359560584,0.015843670800077012,0.9968188359560584,0.003074785228145496,8.054467938804473e-06,9.832434785292446e-05
2023-07-17,0.0034662018773387706,0.005883403946655727,0.006321546727588229,-0.2816206718089658,434.338623046875,0.0074031757581716085,0,0,0.9789720078233438,0.07407488035161229,0.9789720078233438,0.020926230497332797,9.791620368426522e-06,9.197005896266678e-05
2023-07-18,0.0074031757581716085,0.0059428455538559945,0.010590276167988124,0.4261047721972978,437.5660400390625,0.0022212468759442226,0,0,0.9853873617672722,0.055887314120220764,0.9853873617672722,0.014392001682993436,2.3916565263287264e-05,0.00019671998446657538
2023-07-19,0.0022212468759442226,0.005720144748070626,0.005096676761870637,-0.20233196040276655,438.5390625,-0.006656600278340815,0,0,0.9382924716137778,0.16769743473380117,0.9382924716137778,0.06159857643819198,1.222482684403191e-05,9.672712119559329e-05
2023-07-20,-0.006656600278340815,0.005829259175792116,0.008094130039790563,0.0688986720809046,435.6295776367188,0.0,0,0,0.9818467699278988,0.06613338759334446,0.9818467699278988,0.018003922751161475,1.694876199950426e-05,0.00013235855891966796
2023-07-21,0.0,0.005830947109130176,0.0044230174541004625,0.009642895611693514,435.6295776367188,0.004457322501081792,0,0,0.9588902325432388,0.12431897551865335,0.9588902325432388,0.04098607805166071,1.5087631819327949e-05,0.00010860177327493866
2023-07-24,0.004457322501081792,0.0054218660675413215,0.00603263029130903,-0.27713676682638283,437.5756530761719,0.0027263465552375818,0,0,0.8230394935297459,0.33736025495508887,0.8230394935297459,0.17685529845517717,1.3787504145759558e-05,9.14205109281618e-05
2023-07-25,0.0027263465552375818,0.0052043009288158335,0.0063015876993737134,0.021386234248595884,438.770263671875,0.00015369925981304565,0,1,0.6677938016153713,0.4589849593060077,0.33215106863739036,0.6677938016153713,8.243330775497064e-06,4.6886416477804336e-05
2023-07-26,0.00015369925981304565,0.004856698968081979,0.007925150433949755,0.2526211497522472,438.8377075195313,-0.006652055119190005,1,1,0.9706480651743565,0.09562637608571928,0.029342991556842914,0.9706480651743565,8.439263380111049e-07,8.099342452883804e-06
2023-07-27,-0.006652055119190005,0.005234733387989798,0.01743688218241188,0.2604747211541582,435.92822265625,0.009742720115195813,0,0,0.9613439287246013,0.13759598722249383,0.9613439287246013,0.02310138190029451,0.00019468125045572537,0.015360008124673525
2023-07-28,0.009742720115195813,0.005512475202343044,0.011577537401430837,-0.14172526739400865,440.1961059570313,0.001902192818266033,0,0,0.9951456031803549,0.024292654960768014,0.9951456031803549,0.0037244474342148937,9.943045873266656e-05,0.0010305189266764342
2023-07-31,0.001902192818266033,0.00502539284592576,0.004609134821109835,-0.25438833805601685,441.03424072265625,-0.002865681421818393,0,0,0.6899058499437767,0.4474728053929151,0.6899058499437767,0.30996989033593064,2.123617171866898e-05,0.00010302354858890556
2023-08-01,-0.002865681421818393,0.005124010970681571,0.003855611906909355,-0.11516659607910104,439.7721862792969,-0.0140084649368161,1,1,0.7801269251813736,0.3803729013169514,0.2198151011337108,0.7801269251813736,9.478086086754725e-06,4.849559884284964e-05
2023-08-02,-0.0140084649368161,0.006157310210411778,0.009263952335818781,0.5299668308577179,433.6546020507813,-0.002869914210317547,0,0,0.9957416376985132,0.02092884939445089,0.9957416376985132,0.003800439936202931,1.4669046900484169e-05,0.0004432533183893618
2023-08-03,-0.002869914210317547,0.005883525343238107,0.007619671721857335,-0.379398153550477,432.4118347167969,-0.004533074480540938,0,0,0.987760834522148,0.048254843555361304,0.987760834522148,0.012093037360560898,1.517175327523086e-05,0.00013095636402268854
2023-08-04,-0.004533074480540938,0.005963937399257338,0.01483853297607347,0.44327048897185284,430.45611572265625,0.008690759280126475,0,0,0.9993975289735648,0.003993860003951275,0.9993975289735648,0.00036991302200773166,1.8907520467960353e-05,0.00021365048390782856
2023-08-07,0.008690759280126475,0.006205017834738331,0.0063899290839208025,-0.5398704707637443,434.2134094238281,-0.004358209219964037,0,0,0.998018225225013,0.010645699091002925,0.998018225225013,0.0018747256850234822,7.68489747708945e-06,9.936419248987157e-05
2023-08-08,-0.004358209219964037,0.0062030549048253366,0.012100330235898455,0.20116782041754894,432.32513427734375,-0.006707758478666694,0,0,0.9992033833176776,0.005014756858338081,0.9992033833176776,0.0006193372902848839,1.4162122830596405e-05,0.0001631172692622816
2023-08-09,-0.006707758478666694,0.00616354652511128,0.009512104883798502,0.09902530286370878,429.4349060058594,0.0003589534371777713,0,0,0.9987552950523999,0.007280492816993712,0.9987552950523999,0.0010859617912604182,1.4384933943332857e-05,0.00014435822234409702
2023-08-10,0.0003589534371777713,0.0058764684915360525,0.015698234940932806,0.16587762273119838,429.5890808105469,-0.0005833292432146331,0,0,0.9991723576295601,0.00532016663042895,0.9991723576295601,0.00016222721763149557,9.058777271794754e-05,0.0005748273800940937
2023-08-11,-0.0005833292432146331,0.005876398501595501,0.007517123638273451,-0.3030419007056951,429.3385620117188,0.005504927778221845,0,0,0.9852412437876006,0.05597808879540222,0.9852412437876006,0.014639582487659146,1.1625261675171807e-05,0.00010754846310316665
2023-08-14,0.005504927778221845,0.005964124729158972,0.00832380574118129,-0.3611820423208983,431.7085571289063,-0.011717425034555055,0,0,0.9910142868906798,0.037498527965733,0.9910142868906798,0.008860875700952398,1.186533537073502e-05,0.00011297207294020322
2023-08-15,-0.011717425034555055,0.006191856705528482,0.009799333269940104,0.4584425426700751,426.6795654296875,-0.007365071600158595,0,0,0.9997281448777882,0.0019717290252542112,0.9997281448777882,0.00013280417609119112,1.2149964808711261e-05,0.0001269009813419369
2023-08-16,-0.007365071600158595,0.0062786441141081985,0.010576821357361762,0.05648850684211516,423.548583984375,-0.007649052688063259,0,0,0.9994066618515604,0.0039409346114142735,0.9994066618515604,0.00036772992439918926,2.0064936350690136e-05,0.0002055432876696958
2023-08-17,-0.007649052688063259,0.006323318094588961,0.013018846557418874,0.17797063113819267,420.3211975097656,0.0004811126715948872,0,0,0.9995819582171842,0.0028663359669397776,0.9995819582171842,8.146806064142076e-05,2.82845148766779e-05,0.0003082892072620613
2023-08-18,0.0004811126715948872,0.006331390753482076,0.010446729802047668,0.03228741327441571,420.5234680175781,0.0064853734388281865,0,0,0.9984034226979926,0.008947914519711898,0.9984034226979926,0.0014503577360179495,1.0789894441733364e-05,0.0001354296715267258
2023-08-21,0.0064853734388281865,0.0064513881068661285,0.01090266779093744,-0.3635980563220219,423.2595825195313,-0.0027125947672329348,0,0,0.9994975281164291,0.003418975120829851,0.9994975281164291,0.00025389842456246425,2.115021968899001e-05,0.00022742323935272433
2023-08-22,-0.0027125947672329348,0.006370746442641779,0.00823915417516902,-0.05572769062059318,422.1130065917969,0.0110764594656845,0,0,0.9981259780301375,0.01019617849885872,0.9981259780301375,0.0017483035033657413,9.366941252325425e-06,0.00011635152522015807
2023-08-23,0.0110764594656845,0.006996672262004954,0.010315345093584461,0.05167402511054245,426.81451416015625,-0.0139562221609455,0,0,0.9994244825230374,0.0037114915809479568,0.9994244825230374,3.7315598585810826e-05,3.8330219914797954e-05,0.0004998716584133905
2023-08-24,-0.0139562221609455,0.007461066370745629,0.01913528711766936,0.2572259528804559,420.899169921875,0.0070252095558225895,0,0,0.9654673930689076,0.11552583924906026,0.9654673930689076,2.5729230202393684e-10,0.0029139477652313545,0.031618658908559326
2023-08-25,0.0070252095558225895,0.007262782748906237,0.014319130339544513,0.14495698652016642,423.8664855957031,0.006321354003628728,0,0,0.9954996173861516,0.02112254818126474,0.9954996173861516,3.2921770440843176e-06,9.139430388581639e-05,0.004405696132874115
2023-08-28,0.006321354003628728,0.007449062853807632,0.007746843888626971,-0.5075678072298112,426.5543823242188,0.01435121477556932,0,0,0.9996993738978706,0.0020369549003866057,0.9996993738978706,1.2767811767242877e-05,6.868202806698459e-06,0.0002809900875479339
2023-08-29,0.01435121477556932,0.008254762357453026,0.015562429189958732,0.299239675843301,432.7200927734375,0.004110341145775956,0,0,0.97713652345526,0.08256052136217673,0.97713652345526,3.307480236861695e-09,0.0014752812424089024,0.021388191994845655
2023-08-30,0.004110341145775956,0.007705823502065416,0.006407872521364537,-0.18493950919843233,434.50238037109375,-0.001464362194816645,0,0,0.9992386751190256,0.004554188314368788,0.9992386751190256,5.901960417818505e-06,9.541719472891258e-06,0.0007458812010829153
2023-08-31,-0.001464362194816645,0.007683712299890389,0.005928684076763482,-0.04395161969064896,433.8665771484375,0.0018635022373162632,0,0,0.9997425454884017,0.0017647917789766863,0.9997425454884017,4.377028303297576e-06,9.086066734050278e-06,0.00024399141653042654
2023-09-01,0.0018635022373162632,0.007610515468422213,0.008843327047059805,-0.11434620222375937,434.67584228515625,-0.00433135094187399,0,0,0.9997255391002834,0.0018771507361362483,0.9997255391002834,8.490550794369185e-06,8.969308846074596e-06,0.00025700104004346976
2023-09-05,-0.00433135094187399,0.007426605127368544,0.004207070100489814,-0.06623909025819125,432.7971801757813,-0.0067451403319415135,0,0,0.9997233157655385,0.0018985647352402104,0.9997233157655385,6.7491710888944505e-06,1.4611794921530062e-05,0.0002553232684552994
2023-09-06,-0.0067451403319415135,0.00751620381491612,0.010532948308398654,0.24892222375098297,429.8877258300781,-0.003074954094377756,0,0,0.9997046375622872,0.001986464862036119,0.9997046375622872,1.9790238406059654e-06,1.0759193904948184e-05,0.0002826242199644586
2023-09-07,-0.003074954094377756,0.007395690309053361,0.0062942289638122555,-0.0057131309733043385,428.56787109375,0.0015048509172980878,0,0,0.9997861743172066,0.001524165836151307,0.9997861743172066,1.571902453643363e-05,8.824431346810274e-06,0.00018928222687156682
2023-09-08,0.0015048509172980878,0.007403875708366664,0.005790955817666919,-0.1319289826210905,429.2132873535156,0.006555186182926071,0,0,0.9997942129043026,0.0014891187740628084,0.9997942129043026,2.7846652477469092e-05,7.206001366911146e-06,0.00017073444190525923
2023-09-11,0.006555186182926071,0.007547174931821881,0.005128749538102227,-0.024288824173174753,432.0361022949219,-0.005500529676925796,0,0,0.9997179715784956,0.0019329855421226201,0.9997179715784956,9.908535851080407e-06,1.2142845440245294e-05,0.00025997704017676875
2023-09-12,-0.005500529676925796,0.007549924517456917,0.007040481175842673,0.11575428481535313,429.6661987304688,0.0011650748502889776,0,0,0.9997539670021369,0.0016966103370776792,0.9997539670021369,3.506280990123613e-06,1.0445358312729602e-05,0.00023208135851298192
2023-09-13,0.0011650748502889776,0.007052048090244277,0.005890136447765193,-0.11543529335729953,430.1670837402344,0.008585517278458956,0,0,0.9996990952394293,0.0021466920194645653,0.9996990952394293,0.00016152061718090159,6.870933460695931e-06,0.00013251320998319087
2023-09-14,0.008585517278458956,0.007028729043723157,0.007460665824783722,0.32635682140471906,433.8761901855469,-0.01212141542956829,0,0,0.999568709780356,0.0029745656372898136,0.999568709780356,0.00015586563689966605,1.8688116041253708e-05,0.00025673646674506944
2023-09-15,-0.01212141542956829,0.007387231428754455,0.010284858264683637,0.293131307542955,428.6487426757813,0.0005861176967538595,0,0,0.999514048404157,0.0030967391757949487,0.999514048404157,3.5644116087774706e-07,2.4385690139444044e-05,0.0004612094645933307
2023-09-18,0.0005861176967538595,0.007386894808286452,0.0054324631688201334,-0.6962319818428315,428.9000549316406,-0.002075839665617225,0,0,0.999801959669985,0.0014430686808311777,0.999801959669985,3.48469720371943e-05,4.804015464817135e-06,0.00015838934255414612
2023-09-19,-0.002075839665617225,0.007298984168984841,0.007567044268653001,0.17650460099162557,428.0106506347656,-0.009235853737825568,0,0,0.9998217681210916,0.0013169312205145438,0.9998217681210916,3.1068748934291247e-05,6.4255788308976165e-06,0.00014073755108841052
2023-09-20,-0.009235853737825568,0.0075926728581448,0.013701462622925363,0.216135321048782,424.0758056640625,-0.01666654995691367,0,0,0.9988671610669897,0.006501053178250914,0.9988671610669897,1.43079178623604e-07,4.671213480528077e-05,0.0010859837189866881
2023-09-21,-0.01666654995691367,0.008028887226036573,0.010987714303581803,0.23175483550023876,417.0664978027344,-0.002251033204736742,0,0,0.9954771663939129,0.02152298169563088,0.9954771663939129,6.167453643423122e-10,0.00022944180626986374,0.004293391183054049
2023-09-22,-0.002251033204736742,0.0074525922907624,0.009548849358582807,-0.031878673889954044,416.1287231445313,0.004196246227111081,0,0,0.9996201324462451,0.0025024147963835586,0.9996201324462451,1.1094557511601787e-05,1.0421101753219978e-05,0.0003583518945083841
2023-09-25,0.004196246227111081,0.00732663356073718,0.008213191362783551,-0.3525222477464185,417.8785705566406,-0.014800164932359031,0,0,0.9997664901176253,0.00166623539919725,0.9997664901176253,3.1018742166871525e-05,7.5552194686980365e-06,0.00019493592069067453
2023-09-26,-0.014800164932359031,0.007768492917608856,0.011270823366942835,0.30519011403173046,411.7394409179688,0.000399049385933275,0,0,0.9985066548373429,0.008293667576393663,0.9985066548373429,7.871013094533994e-09,7.192651680754122e-05,0.00142141077485279
2023-09-27,0.000399049385933275,0.0068124853729736755,0.012627637687967298,0.08505369133171053,411.9037780761719,0.0057806573502168015,0,0,0.9996035791264787,0.0027136081277558213,0.9996035791264787,7.624648798604352e-05,1.6933123727972653e-05,0.0003032412617655662
2023-09-28,0.0057806573502168015,0.006906921230657475,0.012554851630598851,-0.12656226093970457,414.291748046875,-0.0024298932561456067,0,0,0.9994937927854345,0.003302647979859152,0.9994937927854345,2.9668418183704687e-05,3.226787970117001e-05,0.00044427091669453666
2023-09-29,-0.0024298932561456067,0.006903546566424544,0.01389539227273068,0.2213072346354565,413.2862854003906,-0.0003975664965335123,0,0,0.9996000519657001,0.0026596576391259897,0.9996000519657001,2.038208384835848e-05,1.9683347107273406e-05,0.00035988260332235275
2023-10-02,-0.0003975664965335123,0.006847826922865091,0.009688550869605647,-0.3174831855039345,413.12200927734375,-0.013476570976222672,0,0,0.9996180539161293,0.002665972196374205,0.9996180539161293,0.00017394764146833053,1.1588016300577304e-05,0.00019641042615444314
2023-10-03,-0.013476570976222672,0.007266097058440544,0.017054490153612756,0.21367002166207377,407.5918884277344,0.007255526482179502,0,0,0.99149461229876,0.03706104168315565,0.99149461229876,6.3955299658082914e-09,0.0006769982669048806,0.00782838303880943
2023-10-04,0.007255526482179502,0.00755499107720184,0.011467986330689343,-0.17098481637312157,410.5599365234375,-0.00037685789658293325,0,0,0.9989079195488447,0.006271912987066315,0.9989079195488447,2.651260440888025e-06,2.990027905005187e-05,0.0010595289116849286
2023-10-05,-0.00037685789658293325,0.007564510029212466,0.009893949798476149,-0.2205697677826892,410.4052429199219,0.011802849059819258,0,0,0.9996130993148262,0.002536944932713693,0.9996130993148262,6.7795638786359e-06,1.2796995496004824e-05,0.0003673241257598962
2023-10-06,0.011802849059819258,0.008154911856918485,0.02451459368119753,0.47927174430518854,415.2778930664063,0.006381864266304451,3,3,0.6770449651258699,0.6151601362070357,0.15673694887809375,7.466757151245779e-14,0.1662180859959739,0.6770449651258699
2023-10-09,0.006381864266304451,0.008145820099863414,0.013578835969273884,-0.3431077651938767,417.9366149902344,0.005191268419330417,3,3,0.5270354654559475,0.5230597040940874,0.4666725100798477,1.4630474513030492e-08,0.006292009833695688,0.5270354654559475
2023-10-10,0.005191268419330417,0.00823083338477385,0.010793027912690822,-0.022231147081562357,420.1118774414063,0.004088107243311102,0,0,0.9119272634963422,0.21550860481312734,0.9119272634963422,1.715594083100373e-07,8.858077694818825e-05,0.08798398416726501
2023-10-11,0.004088107243311102,0.008299292780075032,0.007792431791829031,-0.23007111246207898,421.8328552246094,-0.006115334464598853,0,0,0.9943195470920403,0.025348680462067504,0.9943195470920403,2.097007407246104e-07,1.4664877841907644e-05,0.0056655783294181725
2023-10-12,-0.006115334464598853,0.008055092751822155,0.014089344878397312,0.2619575906501952,419.2610778808594,-0.004993248545788567,0,0,0.9978511172724062,0.011213083312697386,0.9978511172724062,3.675317189371635e-08,3.961504922200468e-05,0.00210923092520597
2023-10-13,-0.004993248545788567,0.007721106039641155,0.015225972941410908,0.15903102540567254,417.1728210449219,0.010466602803316526,0,0,0.9978454242511082,0.011325004286269298,0.9978454242511082,1.1512544784271606e-07,7.240497741126204e-05,0.0020820556460847996
2023-10-16,0.010466602803316526,0.008155824617852477,0.008187338900693794,-0.2321345776297298,421.5621337890625,-4.596975386463686e-05,0,0,0.9990325660838025,0.00562562959349014,0.9990325660838025,1.6505365702577507e-07,2.4814186279113418e-05,0.0009424546762793241
2023-10-17,-4.596975386463686e-05,0.008152564682579171,0.01304986602627472,-0.0014393941376607989,421.5427551269531,-0.013414667551959036,0,0,0.9984831915436397,0.00833323207508325,0.9984831915436397,1.0876103041005206e-07,4.133576093418738e-05,0.0014753639344303468
2023-10-18,-0.013414667551959036,0.008430015508159003,0.014155869131009222,0.21679270178104432,415.9256591796875,-0.008825279650424974,0,0,0.9893520293679984,0.04360339801906368,0.9893520293679984,1.6696333761898232e-10,0.0003351265294635967,0.010312843935601836
2023-10-19,-0.008825279650424974,0.007822006702118654,0.016626401659512895,0.25985560645871125,412.2711486816406,-0.012364099918453409,0,0,0.991012403130897,0.03768258069289493,0.991012403130897,7.367372337502501e-09,0.0001958853303303218,0.008791704171418386
2023-10-20,-0.012364099918453409,0.00825095505783357,0.012963322825820916,0.021178978629311864,407.2051696777344,-0.0017348083951882892,0,0,0.987219164179424,0.05040423363979259,0.987219164179424,1.5462640904239394e-09,0.00030868324542551647,0.012472151028940625
2023-10-23,-0.0017348083951882892,0.008157244446311813,0.01581606942208433,-0.2974653631087894,406.4993591308594,0.007511188040751205,0,0,0.9776467146072766,0.07914589840248704,0.9776467146072766,7.512861285094102e-09,0.0005710456382743856,0.02178223224162317
2023-10-24,0.007511188040751205,0.007740371687621736,0.009631086190347754,-0.15825390108831433,409.5641479492188,-0.014456180942413608,0,0,0.9985171858570578,0.008120266134848465,0.9985171858570578,2.2694031831645133e-06,1.8535132553002447e-05,0.0014620096071721737
2023-10-25,-0.014456180942413608,0.008361165457622317,0.011735180355201083,0.18175031082138615,403.6860046386719,-0.012046887965106253,0,0,0.9939336051573883,0.027376707158818476,0.9939336051573883,3.4363570226436106e-10,0.00021684981155627376,0.0058495446874581225
2023-10-26,-0.012046887965106253,0.008547595236838755,0.01388917861664195,0.20062824217137798,398.8520202636719,-0.004543042350827308,0,0,0.9873640382160803,0.04981050936705023,0.9873640382160803,2.0578742166459356e-10,0.00025864553129152266,0.01237731604686366
2023-10-27,-0.004543042350827308,0.00856754018997866,0.01312460978027908,-0.07003528596871099,397.0441284179688,0.011884814507292039,0,0,0.990810428984515,0.03813767856122271,0.990810428984515,4.749684873566147e-09,0.00011694402424860238,0.009072622241603379
2023-10-30,0.011884814507292039,0.009111715851367422,0.010731710325991671,-0.21539038511469424,401.79107666015625,0.006260605321435704,0,0,0.9845716708060096,0.058238974822038006,0.9845716708060096,2.3445152230340777e-10,0.00019995163042017027,0.01522837732913444
2023-10-31,0.006260605321435704,0.008797230066476366,0.010330002864945198,-0.08303615379620947,404.3144226074219,0.010608302072619449,0,0,0.9947025525489026,0.02403030767656426,0.9947025525489026,7.0381310648261226e-09,4.685063682737095e-05,0.005250589776096187
2023-11-01,0.010608302072619449,0.00898089232965411,0.011474958741052078,0.207829282247869,408.6263427734375,0.01898316480812128,0,0,0.9903660114140816,0.039801004935672776,0.9903660114140816,1.2036924218311914e-09,0.00017205442238202442,0.009461932959801432
2023-11-02,0.01898316480812128,0.009955399345600505,0.010121682074231761,-0.03242860850892082,416.45745849609375,0.009082013057030571,0,0,0.6804309680176318,0.47359734642750584,0.6804309680176318,4.957279803815144e-14,0.006052266948944099,0.3135167650333422
2023-11-03,0.009082013057030571,0.009813734235670092,0.0075456043637419515,0.05361325292797661,420.2569580078125,0.0022979202449756367,0,0,0.6266319555345622,0.4788208442559127,0.6266319555345622,3.419342981359207e-12,0.0003894032572111149,0.37297864120479507
2023-11-06,0.0022979202449756367,0.009729131355325157,0.005669171215456673,-0.3898171424184513,421.2237854003906,0.0028418586034051913,0,0,0.7297795132160876,0.4215852073142406,0.7297795132160876,9.432982737908685e-12,0.00010929358574723347,0.27011119318869425
2023-11-07,0.0028418586034051913,0.0096822014819726,0.007049153465990356,-0.054152976397667904,422.4225463867188,0.0007322157891608546,0,0,0.8224345491135315,0.3380380720340029,0.8224345491135315,1.6029938138919615e-11,0.00011217783362388237,0.17745327303680405
2023-11-08,0.0007322157891608546,0.009641622023441453,0.007364210910698971,-0.03984746482088905,422.7319641113281,-0.007829398108978305,0,0,0.8922625798235052,0.2470968399814218,0.8922625798235052,2.1245599568807242e-11,9.88849935930139e-05,0.10763853516169528
2023-11-09,-0.007829398108978305,0.009707232356924117,0.01168635295734707,0.2979104120904703,419.4351501464844,0.015484285140177544,0,0,0.8414546539153137,0.31660366019939484,0.8414546539153137,1.1580018617493948e-12,0.00021825977561625124,0.15832708630792391
2023-11-10,0.015484285140177544,0.01021709326238235,0.016114038127961604,0.07287658152626689,425.9803466796875,-0.0009537789939187649,3,3,0.9753427142212632,0.08924969184355859,0.02216334656690651,1.5471440443681553e-16,0.0024939392117917882,0.9753427142212632
2023-11-13,-0.0009537789939187649,0.009979161845729626,0.006610720662422578,-0.5380423629538742,425.5742492675781,0.01921518898793931,3,3,0.9736648001102308,0.08864947167811557,0.02614409171336792,3.2327932778133223e-14,0.00019110817633414927,0.9736648001102308
2023-11-14,0.01921518898793931,0.010820343548970998,0.008847193464900842,0.62075920215627,433.830810546875,0.0021147776960580393,3,3,0.9989628657181481,0.006209057700617672,0.00015912858092139928,1.5809851639949988e-20,0.0008780057008742887,0.9989628657181481
2023-11-15,0.0021147776960580393,0.010240158961557732,0.0057374513695651165,-0.22848208658232905,434.7492370605469,0.0012222744473432906,3,3,0.9896784526696472,0.0421489587336149,0.010129112868138673,1.4836156288855196e-17,0.00019243446223132064,0.9896784526696472
2023-11-16,0.0012222744473432906,0.009911300398984841,0.005419457570278104,-0.1483588645233873,435.2809448242188,0.0012431198931453025,3,3,0.9668855958218592,0.10583167765631375,0.032897457796470506,2.0892252816120693e-14,0.00021694638169989444,0.9668855958218592
2023-11-17,0.0012431198931453025,0.009267824429980672,0.00472504900826843,0.22075206293187571,435.8223876953125,0.007667941112913508,3,3,0.7903793194165772,0.372117848622403,0.209298159056339,1.3514360029411811e-11,0.0003225215136042182,0.7903793194165772
2023-11-20,0.007667941112913508,0.009232279616739838,0.010148407894234754,-0.17286074285293992,439.1770935058594,-0.0021815939889125364,3,3,0.6427597230125416,0.47142464773370973,0.3570373340454337,1.2114525612710547e-10,0.00020294282085091042,0.6427597230125416
2023-11-21,-0.0021815939889125364,0.009285114338171155,0.004787463278688238,-0.3507836809377312,438.2200317382813,0.0038533301298543186,3,0,0.6414095659510932,0.47160019505291056,0.6414095659510932,9.267991144463864e-11,0.00013176032480740862,0.3584586736314461
2023-11-22,0.0038533301298543186,0.00828230792007199,0.005472265602600118,0.1874086471600504,439.9118957519531,0.0006152792644366337,0,0,0.9744805379657964,0.08586279494223457,0.9744805379657964,1.5063074512694654e-07,2.886899455466565e-05,0.025490442408941466
2023-11-24,0.0006152792644366337,0.007404676309927627,0.0016911685357259435,-0.6918028512307205,440.1826477050781,-0.0018026617485535597,0,0,0.9993140550737497,0.004179617390798389,0.9993140550737497,1.5909534373890762e-05,6.360651454371903e-06,0.0006636747403743003
2023-11-27,-0.0018026617485535597,0.007243764325065876,0.003102454735136396,0.5296866282389688,439.3898620605469,0.0009895138999863268,0,0,0.9997898272585294,0.0015052020011720175,0.9997898272585294,8.38911498273154e-06,1.8403266636492528e-05,0.00018338035980402479
2023-11-28,0.0009895138999863268,0.00711254583726228,0.006088824782423141,0.20689536456071062,439.8248596191406,-0.0007036108323725237,0,0,0.9997560796292396,0.0017810252900957945,0.9997560796292396,0.00011155505006547002,7.1631953253370126e-06,0.0001252021254140929
2023-11-29,-0.0007036108323725237,0.007192979534087815,0.009062702646096507,0.016461999873728473,439.5155029296875,0.0039297649987687505,0,0,0.9997696495143046,0.0016721884755267985,0.9997696495143046,5.5511581875012695e-05,7.587053980934448e-06,0.0001672518497980949
2023-11-30,0.0039297649987687505,0.00703176812444896,0.007493456339769507,0.23348109135186368,441.24609375,0.005898227000691857,0,0,0.9996488841613178,0.002461249697716807,0.9996488841613178,0.0002064803707919134,7.72550214281404e-06,0.000136909965697264
2023-12-01,0.005898227000691857,0.006095000857569706,0.009779982955091965,0.11176432672151942,443.8563537597656,-0.0052631733097086705,0,0,0.9953977104824483,0.021740257169543642,0.9953977104824483,0.004432345714883667,1.6201161301122188e-05,0.00015374264141873915
2023-12-04,-0.0052631733097086705,0.006207649071239196,0.010466615765056413,-0.20806191969229834,441.5263977050781,-0.00019700671517906406,0,0,0.9988417613547931,0.00699651324752575,0.9988417613547931,0.0008919032112663514,2.6568011600865065e-05,0.00023976742230005104
2023-12-05,-0.00019700671517906406,0.006236261522301278,0.0059570766192378775,-0.03709212169753102,441.4394226074219,-0.004037982643854668,0,0,0.9942212186245416,0.02604268227017104,0.9942212186245416,0.0056727621243818785,8.881017492107736e-06,9.713823354363359e-05
2023-12-06,-0.004037982643854668,0.006395068226936077,0.00996129536902674,-0.009628762353674904,439.6604919433594,0.007601531594118685,0,0,0.9989594813541183,0.006263823738812217,0.9989594813541183,0.0008765818646076062,1.241389744046673e-05,0.00015152288382596588
2023-12-07,0.007601531594118685,0.006506894392013065,0.005695797501225585,-0.031288159551679705,443.0153198242188,0.00428989509610384,0,0,0.9984125182345085,0.008954890260405404,0.9984125182345085,0.0014141427978013035,1.3822864391478031e-05,0.00015951610329166435
2023-12-08,0.00428989509610384,0.00605855361620842,0.0076923260561091045,0.216556077552023,444.9198913574219,0.003882054825247759,0,0,0.987133296541709,0.050138091394624835,0.987133296541709,0.012747884397206023,1.1359220595456367e-05,0.00010745984052299883
2023-12-11,0.003882054825247759,0.005303564692071389,0.005844308890029176,-0.24675892239287575,446.65045166015625,0.0045568143970134345,0,0,0.8335108443369924,0.3255077939410605,0.8335108443369924,0.16637746749670318,1.6325659116655244e-05,9.536250719371327e-05
2023-12-12,0.0045568143970134345,0.0052648477104341364,0.007756961982699727,0.04989266903455235,448.6903991699219,0.013695913703478712,0,1,0.5138827125345805,0.500350837126143,0.486030481314906,0.5138827125345805,1.2563747714378978e-05,7.42424027456856e-05
2023-12-13,0.013695913703478712,0.004428845231180995,0.014112677254914984,0.3112704970377293,454.8778991699219,0.0032041594910104253,0,0,0.9134869732573978,0.24110976777511453,0.9134869732573978,0.07564814652307573,0.004020680567683671,0.006844199651847198
2023-12-14,0.0032041594910104253,0.004432255368658798,0.009491347415603875,0.24375767509259566,456.3377380371094,-0.0016478189709235784,1,1,0.728950602026321,0.42246391585202603,0.2708989381664036,0.728950602026321,3.467386453200779e-05,0.00011578594274401772
2023-12-15,-0.0016478189709235784,0.004518802279475745,0.006967420844196357,0.17333719374813067,455.5863952636719,0.005609393009637755,1,1,0.9897709651729714,0.04118698092864367,0.01022389892652678,0.9897709651729714,5.658072524452306e-07,4.570093194122407e-06
2023-12-18,0.005609393009637755,0.0045712556098721595,0.006547018517911433,-0.6988368010615126,458.1491394042969,0.006062531765249844,1,1,0.995686968163587,0.020096086463883146,0.0043038185897872954,0.995686968163587,3.987292632171911e-08,9.173373651929552e-06
2023-12-19,0.006062531765249844,0.004489050439006312,0.005201754780036355,-0.23275330219180412,460.9351196289063,-0.013954304133501126,1,1,0.9990254617680873,0.005598599127166192,0.0009697635388560262,0.9990254617680873,1.118531124477873e-08,4.763507757468239e-06
2023-12-20,-0.013954304133501126,0.005725472825280761,0.017255341912092364,0.6128726565144269,454.5477600097656,0.009437208533314322,0,0,0.981771299579526,0.06970273811690184,0.981771299579526,0.0016506867531191638,2.8121830867693945e-06,0.016575201484215294
2023-12-21,0.009437208533314322,0.00596068986038329,0.00875822835101657,-0.1718827459650275,458.8577270507813,0.0020077132726562938,0,0,0.9962262348031792,0.019111244008314588,0.9962262348031792,0.0032244354685540258,2.6063683969644035e-05,0.0005232660442487624
2023-12-22,0.0020077132726562938,0.005950456636502415,0.007769434652595923,-0.25499516956805585,459.7799072265625,0.004213711247616273,0,0,0.9870167690175566,0.050480121698151956,0.9870167690175566,0.012870550063818603,1.0208452709745997e-05,0.00010247246591730368
2023-12-26,0.004213711247616273,0.005890404640145323,0.00544517265032129,-0.19273887894049418,461.7213745117188,0.0018064023516626956,0,0,0.969797542960983,0.09826269005849196,0.969797542960983,0.030090368923682675,1.1290920543640515e-05,0.0001007971948229606
2023-12-27,0.0018064023516626956,0.005882361544279154,0.003714484433480122,0.20516720775382483,462.5561828613281,0.0003777068817898988,0,0,0.9589528387757728,0.12431750474680786,0.9589528387757728,0.04089207399037416,2.1702532733711647e-05,0.00013338470110618706
2023-12-28,0.0003777068817898988,0.005856088092902678,0.002706115128777781,0.12634444664567332,462.7309265136719,-0.0028991846971079243,0,0,0.9620267647347932,0.11737635125777089,0.9620267647347932,0.03778453534397385,2.8663043903546505e-05,0.000160036877368849
2023-12-29,-0.0028991846971079243,0.0059708174323666215,0.007847533200410437,0.4604822847764783,461.3913269042969,-0.005612035397547732,0,0,0.9773379147061911,0.07841804398287143,0.9773379147061911,0.022593902333797235,6.065816459260159e-06,6.211714357624538e-05
2024-01-02,-0.005612035397547732,0.0061508676528403885,0.006728072007667974,0.010903425861957314,458.8092346191406,-0.008200210100771623,0,0,0.994906412548297,0.023550413688207462,0.994906412548297,0.0049566121003850015,1.3375542180935407e-05,0.0001235998091371131
2024-01-03,-0.008200210100771623,0.006356401115480599,0.006442093386430485,-0.1768410540384054,455.0622863769531,-0.003226341198106028,0,0,0.9990521184920261,0.00589863129258401,0.9990521184920261,0.0006958509705767143,2.5414576475829445e-05,0.00022661596096484342
2024-01-04,-0.003226341198106028,0.006434823099406327,0.008367581904476227,-0.20682394923061556,453.5964660644531,0.0013687315010344706,0,0,0.9986782512310703,0.007645876829603282,0.9986782512310703,0.001167486706060372,1.1414316352931049e-05,0.0001428477465084439
2024-01-05,0.0013687315010344706,0.00630851557312652,0.008569861622822651,0.022151628593361637,454.2177429199219,0.014174976088312662,0,0,0.9965043441398225,0.01715673246776323,0.9965043441398225,0.0033844223125571045,8.312602459917236e-06,0.00010292094518423682
2024-01-08,0.014174976088312662,0.006789015536598983,0.013590417454871192,-0.13985408667319446,460.7021179199219,-0.00151828002364478,0,0,0.9974601735306343,0.013517955463237225,0.9974601735306343,1.9550764052125722e-06,0.0003456972546814947,0.002192174138285861
2024-01-09,-0.00151828002364478,0.00680818618784289,0.0075546267733980245,-0.12726000532377646,460.003173828125,0.005639467216923673,0,0,0.9994682213330516,0.003535357815353369,0.9994682213330516,0.00036808741005358,7.979614747599435e-06,0.00015571164209733177
2024-01-10,0.005639467216923673,0.006849496093195365,0.007512206454977662,0.020702920420425132,462.6046752929688,-0.00044070419554822083,0,0,0.9994601168539198,0.003579814639508909,0.9994601168539198,0.0003825130535803866,9.17008801937306e-06,0.00014820000443028562
2024-01-11,-0.00044070419554822083,0.006833034347938612,0.012301847961536641,0.14663055317488913,462.4008483886719,0.0006926081611157803,0,0,0.9996751588567091,0.0022897536285594357,0.9996751588567091,8.865762821932946e-05,1.2848240222821522e-05,0.0002233352748094894
2024-01-12,0.0006926081611157803,0.006201455102404101,0.007069722180430669,-0.2950502017372005,462.7212219238281,-0.0036779962512695804,0,0,0.9944208707217739,0.02529741797347468,0.9944208707217739,0.0054722950662444815,8.305230763299346e-06,9.852898122249483e-05
2024-01-16,-0.0036779962512695804,0.006254940049965422,0.007474760170373588,0.3819284558450718,461.0224609375,-0.005574334856589094,0,0,0.9968344305496396,0.01569731271682941,0.9968344305496396,0.003089187272099326,6.1655546312218025e-06,7.021662359232674e-05
2024-01-17,-0.005574334856589094,0.006386493261479755,0.006182670340053653,-0.21098491239847522,458.459716796875,0.008853569315643062,0,0,0.9984944663350587,0.008566188231414706,0.9984944663350587,0.001332965767623826,1.4973763607062156e-05,0.00015759413368422574
2024-01-18,0.008853569315643062,0.0065667149531943875,0.009737841772031913,0.28838268789666527,462.5367431640625,0.012389086967875359,0,0,0.9989858527395592,0.006261314249998246,0.9989858527395592,0.0007353045382375528,2.2710828113061984e-05,0.0002561318940622888
2024-01-19,0.012389086967875359,0.006988777059527679,0.012810133635150116,0.1878137869442525,468.30279541015625,0.0021120897948163327,0,0,0.9985606299278574,0.008182338951912971,0.9985606299278574,9.425779403247783e-06,0.00012731640131593742,0.0013026278913735457
2024-01-22,0.0021120897948163327,0.006067043017423104,0.005047062529313476,-0.37934763212389677,469.2929382324219,0.0029122340331812387,0,0,0.9885416280714585,0.045616461488555825,0.9885416280714585,0.011350893646970872,8.088852460587724e-06,9.938942915464047e-05
2024-01-23,0.0029122340331812387,0.005792431973271469,0.004578580972227153,-0.41776205899094915,470.66162109375,0.0010925361768966736,0,0,0.9582138461796419,0.125724463019747,0.9582138461796419,0.04168988284189735,9.315750756086288e-06,8.695522766394897e-05
2024-01-24,0.0010925361768966736,0.005789911452490193,0.008014141233780523,0.4929208726110124,471.1761169433594,0.00542436286626139,0,0,0.9143724100526917,0.21130728675361962,0.9143724100526917,0.08555214937065662,7.675199339772489e-06,6.776537728766015e-05
2024-01-25,0.00542436286626139,0.005829007862971797,0.005983203732270487,-0.11991794917688624,473.7388916015625,-0.0012712706004439566,0,0,0.9062413078949759,0.22515342665838511,0.9062413078949759,0.09363573178681081,1.2829355802515482e-05,0.00011013096241162331
2024-01-26,-0.0012712706004439566,0.005855077599377856,0.005293257325211091,0.05520868026394186,473.1370239257813,0.007888114660332316,0,0,0.9076662613313832,0.22274436838875117,0.9076662613313832,0.09222425831983802,1.206516202716359e-05,9.741518671791991e-05
2024-01-29,0.007888114660332316,0.0060420884386504035,0.008651047479071073,-0.22298829520982155,476.8839416503906,-0.00077372736725572,0,0,0.985033611233146,0.05681717397869118,0.985033611233146,0.014787987749355757,1.691711858356443e-05,0.00016148389894695862
2024-01-30,-0.00077372736725572,0.0059788833253484296,0.003076065351841449,-0.04510307459009968,476.5151062011719,-0.01645191827906883,0,0,0.9840571577861563,0.05968932633059689,0.9840571577861563,0.01578422709746644,1.966947729959872e-05,0.00013894563902745573
2024-01-31,-0.01645191827906883,0.0070615755359884,0.012881049448739594,0.7653213578379273,468.7396545410156,0.013003140812088565,0,0,0.9997499504533744,0.001707288479425548,0.9997499504533744,6.109884693773969e-08,1.0112698859613547e-05,0.00023987574892459795
2024-02-01,0.013003140812088565,0.007187004098584065,0.011099801835371402,-0.3157603768250205,474.8745422363281,0.010472398388100681,0,0,0.9991106211089137,0.005323330570454959,0.9991106211089137,2.170046047557048e-06,6.311000565394209e-05,0.0008240988393441694
2024-02-02,0.010472398388100681,0.007301433120048073,0.013654293348155775,0.0768126266017278,479.8737487792969,-0.003647713799742804,0,0,0.9982994466407601,0.009359703005843671,0.9982994466407601,1.8280609400625283e-06,0.0001138985934027012,0.0015848267048955954
2024-02-05,-0.003647713799742804,0.0074386327777736785,0.008425528371404046,-0.26989007871603027,478.1264953613281,0.00289904748563048,0,0,0.9996278541829786,0.0024664701419616327,0.9996278541829786,1.1677082448322197e-05,1.3232388319959207e-05,0.00034723634630480965
2024-02-06,0.00289904748563048,0.006921716681558409,0.0045953671824037175,-0.3036351075233169,479.5146179199219,0.008305779812444868,0,0,0.9995831599472659,0.0028466182658991902,0.9995831599472659,0.000285788754949953,6.479282858378999e-06,0.00012457201487223575
2024-02-07,0.008305779812444868,0.007006875273143179,0.006364210778739841,0.2325167454468788,483.5139465332031,0.0004415898720386008,0,0,0.9995785380731673,0.0029167145213113907,0.9995785380731673,0.00016233739502011512,1.8098504703041633e-05,0.00024102602714642287
2024-02-08,0.0004415898720386008,0.006980348261864382,0.0029097400628944293,-0.2985841315099621,483.7275085449219,0.005762825105006711,0,0,0.9996892203003027,0.0022156675648902667,0.9996892203003027,0.00014071478926224492,9.564670411207828e-06,0.00016050024003346988
2024-02-09,0.005762825105006711,0.006993130644090411,0.006304875469165129,0.20073148076310315,486.523193359375,-0.00043905182828039944,0,0,0.9996004680793414,0.002770965702181211,0.9996004680793414,0.00022261403706259073,1.0991237222630049e-05,0.0001659266463780303
2024-02-12,-0.00043905182828039944,0.0070134361305742784,0.006507265148576889,-0.12427981125834525,486.30963134765625,-0.013868779830063311,0,0,0.9996843109900747,0.002239611072100985,0.9996843109900747,0.000176146698825152,6.989553479926244e-06,0.0001325527576503853
2024-02-13,-0.013868779830063311,0.007809810253282267,0.012892639431481617,0.6939839644222242,479.6116638183594,0.009046622498174164,0,0,0.9995719115589553,0.002741573636221432,0.9995719115589553,5.288011930692444e-09,1.1304256194203426e-05,0.00041677889679680725
2024-02-14,0.009046622498174164,0.0077498812356361,0.00936681581148048,-0.5030708635637645,483.97021484375,0.006875973381593925,0,0,0.999532768268622,0.0029748969410327993,0.999532768268622,1.0025014946361525e-06,1.5129614678116354e-05,0.00045109961519441245
2024-02-15,0.006875973381593925,0.007679635295955397,0.006772821951597898,-0.10318607994233579,487.3094482421875,-0.004992352347355053,0,0,0.9996904955504576,0.002080727430738,0.9996904955504576,5.467248534203019e-06,1.0783073955731816e-05,0.0002932541270363877
2024-02-16,-0.004992352347355053,0.0074958666726059105,0.008248073185001122,0.20255995672330038,484.8826904296875,-0.005520591794157814,0,0,0.9997912515236324,0.0014689749053292847,0.9997912515236324,5.33888720242289e-06,8.037930176783369e-06,0.0001953716590304609
2024-02-20,-0.005520591794157814,0.007668222175881717,0.00797163897501818,-0.051565851324175835,482.2132263183594,0.0009054093939445167,0,0,0.9996367523778741,0.0023896907336671855,0.9996367523778741,2.16698790050905e-06,1.4022558590802359e-05,0.0003470580756501097
2024-02-21,0.0009054093939445167,0.00765993907603021,0.007662753412182738,-0.19050447027644804,482.6500244140625,0.020484184360414718,0,0,0.9997400279605164,0.0017855020172080967,0.9997400279605164,7.294319325266204e-06,8.143632706897005e-06,0.00024453408740323333
2024-02-22,0.020484184360414718,0.008782909241828767,0.010778327528479063,0.2535174168229434,492.638671875,0.0006894202872894699,0,0,0.9355655207203581,0.18520692352052998,0.9355655207203581,1.0674568026680455e-10,0.0050691983934343455,0.05936528077948314
2024-02-23,0.0006894202872894699,0.008755967446335933,0.005966326164972551,-0.21988001036997057,492.9784240722656,-0.003669240708449448,0,0,0.9929556002014308,0.030399059411344905,0.9929556002014308,9.946178763828275e-09,3.3705528688258174e-05,0.007010684323649713
2024-02-26,-0.003669240708449448,0.008819172121137787,0.0057116043878631725,-0.19640815641658893,491.1728820800781,0.001856086835131645,0,0,0.9975092763803662,0.01270036768748362,0.9975092763803662,2.95742671496251e-09,3.5569694889174676e-05,0.002455150967279048
2024-02-27,0.001856086835131645,0.00870495344882739,0.004754115355038281,-0.03088075838670392,492.08538818359375,-0.0013225148994620436,0,0,0.9989269005926472,0.006146503325833171,0.9989269005926472,8.682393096459524e-09,2.3024344919738697e-05,0.0010500663800019339
2024-02-28,-0.0013225148994620436,0.00871358725941588,0.0037530001576936414,0.14551095251251397,491.4350280761719,0.0035885832523463498,0,0,0.9989344305962595,0.006140590406157722,0.9989344305962595,2.4497256680732134e-09,3.51879521335592e-05,0.001030379001866115
2024-02-29,0.0035885832523463498,0.007619059163672485,0.008640340589827534,0.3955637142936833,493.2017517089844,0.009344349177915575,0,0,0.9997671615849996,0.0016291158298387257,0.9997671615849996,1.1134055237053494e-05,7.621439306037173e-06,0.00021408292047981733
2024-03-01,0.009344349177915575,0.007395338548606701,0.00922293203455053,-0.0881333563689209,497.8320007324219,-0.001072851641338946,0,0,0.9995825679851218,0.0027351024467185884,0.9995825679851218,1.0465024063027894e-05,1.914364350883617e-05,0.0003878233473268336
2024-03-04,-0.001072851641338946,0.007176175195685154,0.0042943827043781255,-0.43378687570728913,497.2981872558594,-0.010044529583148254,0,0,0.999752843134799,0.0017892348980872324,0.999752843134799,7.266204533839787e-05,7.462354342966113e-06,0.0001670324655306144
2024-03-05,-0.010044529583148254,0.007563097711904712,0.011416082315027831,0.3804784722613273,492.32806396484375,0.00505439624367425,0,0,0.9996152442369806,0.0025050169531061228,0.9996152442369806,3.0266002921626184e-07,1.4038431213975924e-05,0.0003704146718241445
2024-03-06,0.00505439624367425,0.007599895998963206,0.007160360758184159,-0.06336391839114373,494.8227844238281,0.00987750859721712,0,0,0.9997414386669483,0.0017858833251433058,0.9997414386669483,1.019529135508875e-05,8.929588974909288e-06,0.0002394364527386073
2024-03-07,0.00987750859721712,0.007680893725006791,0.011810215649807276,-0.15349210149202477,499.734619140625,-0.006020356279810504,0,0,0.9989065920291093,0.006320753074112365,0.9989065920291093,7.122741381038478e-07,5.174389733906896e-05,0.001040951799368929
2024-03-08,-0.006020356279810504,0.007868025893718888,0.013855166503946406,0.3888966858300696,496.7350769042969,-0.0008601712237188336,0,0,0.9992506090046369,0.004493957129751317,0.9992506090046369,1.2363261501963694e-07,1.8523922775487158e-05,0.0007307434400212216
2024-03-11,-0.0008601712237188336,0.007810659099004795,0.006610868586454405,-0.3244387277129647,496.3079833984375,0.01069984061506385,0,0,0.9996765325411308,0.0021509391802242406,0.9996765325411308,2.99764503196084e-06,9.243590503297218e-06,0.00031122622329370927
2024-03-12,0.01069984061506385,0.008094935794663333,0.012616624408108542,0.15594399957756194,501.64691162109375,-0.0015685767745570222,0,0,0.997475353211693,0.013025219997390019,0.997475353211693,1.0256918785882518e-07,0.00010371429445905625,0.0024208299246378474
2024-03-13,-0.0015685767745570222,0.00728874767431762,0.0054266487430521156,-0.2828012142258343,500.8606567382813,-0.0019788394214179618,0,0,0.9997328074180963,0.0018852398082378089,0.9997328074180963,3.9946938878116216e-05,8.199130365434919e-06,0.00021904651262533677
2024-03-14,-0.0019788394214179618,0.007156829956950954,0.010311675760207292,0.6928168420507248,499.8705139160156,-0.006890084440282608,0,0,0.9998755861643236,0.0009656231062929527,0.9998755861643236,5.3175689724870925e-05,2.4291354723018233e-06,6.880901049144893e-05
2024-03-15,-0.006890084440282608,0.007285179278304896,0.007021982198248669,-0.023190113030557034,496.4382019042969,0.0059253802939670756,0,0,0.9997193275914648,0.0019310092480486604,0.9997193275914648,1.041891050070618e-05,1.443972902969588e-05,0.00025581376897884726
2024-03-18,0.0059253802939670756,0.007227020422204325,0.005927500905066444,-0.19141407847364875,499.3885192871094,0.0055415838763879085,0,0,0.9997626190215618,0.0017193499821136218,0.9997626190215618,5.882848469920759e-05,7.820671507154511e-06,0.00017073182222115764
2024-03-19,0.0055415838763879085,0.007085462770624493,0.00946269158033009,-0.3805824528868483,502.1636047363281,0.009206890807451648,0,0,0.9997303405565166,0.0019172770837828704,0.9997303405565166,5.054865298639745e-05,1.04574588425319e-05,0.0002086533316382909
2024-03-20,0.009206890807451648,0.007257371417703006,0.010643979087061878,0.13583265690993185,506.8083190917969,0.003299223460797135,0,0,0.9994943936030921,0.0032652910178185023,0.9994943936030921,1.886981148137431e-05,2.6602521028841454e-05,0.00046013406444898327
2024-03-21,0.003299223460797135,0.005899016198249864,0.004212968509389911,-0.14408316606437982,508.483154296875,-0.0018974926250094276,0,0,0.978757452603149,0.07478196914798535,0.978757452603149,0.021113015093591685,1.3743581596585091e-05,0.00011578872161601217
2024-03-22,-0.0018974926250094276,0.0059477956068460765,0.003146552405555123,0.27173984158982184,507.5192260742188,-0.002766416062819661,0,0,0.9864600710196495,0.052413227057344094,0.9864600710196495,0.013374899540575401,2.5282839823393875e-05,0.00013974659995364004
2024-03-25,-0.002766416062819661,0.005910177293445133,0.0025781149452929995,-0.48853040228552574,506.1171569824219,-0.0018489812426483868,0,0,0.979552176343612,0.07270701352499194,0.979552176343612,0.020282697388444192,1.7704219978009727e-05,0.00014742204795921177
2024-03-26,-0.0018489812426483868,0.0059562697961550995,0.006129397449443148,0.29968253917975995,505.1822204589844,0.008368809460891911,0,0,0.9774416440597262,0.0782339992474716,0.9774416440597262,0.022467934546203307,9.635383549319135e-06,8.078601051629524e-05
2024-03-27,0.008368809460891911,0.006122441635119715,0.007110560352848243,0.23734240761195236,509.427734375,-0.00019111715102133436,0,0,0.9870832523099091,0.050625548019398066,0.9870832523099091,0.012701256192403254,2.3989226272686606e-05,0.0001915022714464538
2024-03-28,-0.00019111715102133436,0.006122593948985665,0.003498491653246758,0.14857715974497782,509.3303833007813,-0.0017414468865119088,0,0,0.9912437314241801,0.03679746664328642,0.9912437314241801,0.008607837710075821,1.8006052775143793e-05,0.00013042481292590446
2024-04-01,-0.0017414468865119088,0.005882536647296162,0.006530631138100698,-0.4326088659733187,508.4441833496094,-0.006378254416660285,0,0,0.9792118996850266,0.0734749053488424,0.9792118996850266,0.02066990239595741,1.1770370241023669e-05,0.00010642754874244964
2024-04-02,-0.006378254416660285,0.006099157960087089,0.004818440888517676,0.17236593068714706,505.2115173339844,0.0010978116533724594,0,0,0.9961722439442705,0.018618789815719718,0.9961722439442705,0.0036781396750804776,1.836532716942143e-05,0.0001312510534316337
2024-04-03,0.0010978116533724594,0.005540800971822296,0.006314913972516846,-0.22699778120634218,505.7664489746094,-0.012281075144120721,0,0,0.9290727793534992,0.18529094894862375,0.9290727793534992,0.07082099316883941,1.3247154680111005e-05,9.298032300375808e-05
2024-04-04,-0.012281075144120721,0.006241815309348999,0.02165393648617992,0.49307237943455073,499.5930786132813,0.01039254437046488,0,0,0.9804650302496265,0.07515310942319835,0.9804650302496265,9.817748470265065e-09,0.0027622468688496943,0.016772713063740056
2024-04-05,0.01039254437046488,0.0062835512526288936,0.012402817673788553,-0.261823929090324,504.8121948242188,0.0005591578498614824,0,0,0.9983430157669559,0.009337993145115539,0.9983430157669559,6.764117870755999e-05,0.00010918112821302024,0.0014801619261584251
2024-04-08,0.0005591578498614824,0.006093263612734368,0.004414671029996559,-0.4318860886381346,505.0945434570313,0.0011561842237127697,0,0,0.9895436605838274,0.042380329648071126,0.9895436605838274,0.010341279864319791,8.458667694272734e-06,0.00010660088413480704
2024-04-09,0.0011561842237127697,0.0060804167877139765,0.012323854894477184,0.340693969852956,505.6788635253906,-0.010063634216215015,0,0,0.9968394216905101,0.01586571467610953,0.9968394216905101,0.0030111698000502957,1.1986637820152485e-05,0.00013742187163941279
2024-04-10,-0.010063634216215015,0.006098016603659905,0.007916335345282194,0.19441772852448394,500.6154174804688,0.00751858880181511,0,0,0.9992233220588157,0.004926969175839492,0.9992233220588157,0.0005909012926078088,2.0819861444144074e-05,0.00016495678717246703
2024-04-11,0.00751858880181511,0.006317647295902219,0.014285643588622105,-0.16474017288757856,504.3935241699219,-0.013899176102671154,0,0,0.9990352829855254,0.0059052865547908175,0.9990352829855254,3.539998525589254e-05,0.00012761249981858212,0.000801704529410879
2024-04-12,-0.013899176102671154,0.007066920177519066,0.013193737244641174,0.2779604383944791,497.4313659667969,-0.012607243728592961,0,0,0.998813975850737,0.0068214861537199325,0.998813975850737,2.1279797023069085e-07,7.469206308725087e-05,0.0011111192882592871
2024-04-15,-0.012607243728592961,0.007454861853970456,0.02323322616135277,-0.004978822983687075,491.1994934082031,-0.0018255771296329423,3,3,0.5488567938202337,0.7216776094894755,0.23736266675272766,2.4702395219821173e-13,0.21378053942673772,0.5488567938202337
2024-04-16,-0.0018255771296329423,0.007301479099621075,0.008519866850678416,-0.22582244856765946,490.3035888671875,-0.005935820313176754,0,0,0.9509666040009008,0.1445743430840379,0.9509666040009008,2.7059519221285737e-05,0.000911084399321924,0.048095252080584246
2024-04-17,-0.005935820313176754,0.007217619290411427,0.01418440970265739,0.03248468462265523,487.40185546875,-0.0020597631720567,0,0,0.9940633955874224,0.026507556664408002,0.9940633955874224,1.5610623161177997e-06,6.972941787005439e-05,0.005865313932411157
2024-04-18,-0.0020597631720567,0.006764065674912876,0.011150719584249309,-0.01810782543421694,486.3989562988281,-0.008766586417399124,0,0,0.9995202103506169,0.0032412414818148373,0.9995202103506169,0.00014129050894627388,1.33364112663809e-05,0.00032516272917149753
2024-04-19,-0.008766586417399124,0.006799354308948867,0.013329037189399857,0.3156104032064076,482.1535339355469,0.009166924859903166,0,0,0.9996343363613663,0.0024339840022073334,0.9996343363613663,7.922175893576203e-06,1.9833330938911903e-05,0.0003379081318069243
2024-04-22,0.009166924859903166,0.0072964774100387035,0.013907812755250706,-0.40812094660809956,486.5937194824219,0.011796718419985818,0,0,0.9982882935406249,0.00944641297327841,0.9982882935406249,4.942314419190363e-07,0.00013677000731171458,0.0015744422206389074
2024-04-23,0.011796718419985818,0.007926492930779286,0.012973395901863097,-0.05019961182339104,492.367919921875,-0.0004747030691929033,0,0,0.9966088892090014,0.0168142874998126,0.9966088892090014,8.294492769953835e-08,0.00015820408151051606,0.0032328237646015875
2024-04-24,-0.0004747030691929033,0.007928143477458032,0.0083892091641495,-0.14466746218880072,492.1342468261719,-0.0038061322727661103,0,0,0.9995144656516072,0.0030677290891969297,0.9995144656516072,1.444581210668398e-06,1.10684196763472e-05,0.0004730213475361295
2024-04-25,-0.0038061322727661103,0.007606897702542662,0.013466005105962048,0.21181190889397472,490.2646789550781,0.009429233931113598,0,0,0.9993617487465859,0.0039202185533877675,0.9993617487465859,9.06020231482434e-07,2.1561850703230484e-05,0.0006157833824428486
2024-04-26,0.009429233931113598,0.008015006506495798,0.008224122684192136,-0.07222435156415821,494.9093627929688,0.0035353555855268197,0,0,0.9993153137068272,0.004166285011597231,0.9993153137068272,5.490761077432201e-07,2.215375889656579e-05,0.000661983458180587
2024-04-29,0.0035353555855268197,0.008090918527163113,0.006861937844082614,-0.32602319383260486,496.6621398925781,-0.015968163331726685,0,0,0.9996082586301618,0.0025345816872814754,0.9996082586301618,7.245455107182793e-07,9.190966918281453e-06,0.00038182585743975843
2024-04-30,-0.015968163331726685,0.00867850979613146,0.015100176115323589,0.5124350003444491,488.7943420410156,-0.003252496424820001,0,0,0.9886229683060985,0.04584794941312354,0.9886229683060985,4.15307728754183e-12,0.00028203603986795767,0.011094995649843818
2024-05-01,-0.003252496424820001,0.008660466742125695,0.016628374583246255,0.03499073729600479,487.2071228027344,0.009310040243416773,0,0,0.9614845569035166,0.12003596640098944,0.9614845569035166,3.9286430253140806e-10,0.0006280489629421895,0.03788739374072246
2024-05-02,0.009310040243416773,0.008639971509651567,0.012553762886943568,-0.2490876040090559,491.7642211914063,0.012319078091800838,0,0,0.9771326038141691,0.0793175120317908,0.9771326038141691,3.2860722360266475e-09,0.00016121750784712146,0.022706175391913365
2024-05-03,0.012319078091800838,0.008780795578713285,0.007803771182093107,0.151151563681082,497.8597717285156,0.010273899759729966,0,0,0.989159966227291,0.04362671652214788,0.989159966227291,3.6290072689425746e-09,0.00011839072989969296,0.010721639413797248
2024-05-06,0.010273899759729966,0.00911603276768461,0.00640764564659727,-0.4313572813651004,503.0010986328125,0.0011028150975021297,0,0,0.9951454757090578,0.022314092712952753,0.9951454757090578,4.5273232316588236e-10,3.9008144701352026e-05,0.004815515693516402
2024-05-07,0.0011028150975021297,0.009115620330319865,0.004099460604743024,0.10621639084239475,503.5561218261719,9.665890766799077e-05,0,0,0.9973569158976613,0.013403957961366075,0.9973569158976613,2.7284690933566905e-10,5.1395017105973076e-05,0.002591688812436937
2024-05-08,9.665890766799077e-05,0.008815779060922924,0.005027118802885324,-0.22318731070227021,503.6047973632813,0.00574538924512986,0,0,0.9986320334119485,0.007580223759095008,0.9986320334119485,4.929336833325355e-09,2.3886714025525044e-05,0.0013440749446621385
2024-05-09,0.00574538924512986,0.008747992425348038,0.006728569727185738,0.03726614516618133,506.5065307617188,0.0012871591249215743,0,0,0.9987887107101986,0.00683193720772959,0.9987887107101986,1.1331710767174079e-08,2.5916479869192753e-05,0.001185361478225861
2024-05-10,0.0012871591249215743,0.008093564456380407,0.005855901305018385,0.17965936607009256,507.1589050292969,0.00013441879235859117,0,0,0.9996377159356974,0.0023707835880126277,0.9996377159356974,4.795660000267106e-07,1.1308970566766119e-05,0.00035049552769691187
2024-05-13,0.00013441879235859117,0.007444147809011754,0.0056247582631102685,-0.3524947863117893,507.2270812988281,0.0045776085211097625,0,0,0.9997837288478221,0.0015460848263904624,0.9997837288478221,2.2473351221029344e-05,6.911230473298256e-06,0.00018688657047174516
2024-05-14,0.0045776085211097625,0.007426494134457284,0.006248843125415294,0.4491855790749301,509.5542907714844,0.012307024039364773,0,0,0.9997755516728573,0.0016105435288872847,0.9997755516728573,2.607756069773117e-05,1.076873984040849e-05,0.00018760202657573332
2024-05-15,0.012307024039364773,0.007529716984623645,0.009249167849089784,0.033649561296567806,515.8641357421875,-0.002059759309742172,0,0,0.9991738499725235,0.004966752636886099,0.9991738499725235,3.0061700139704563e-06,4.518658511957863e-05,0.0007779572722941029
2024-05-16,-0.002059759309742172,0.007529716852406269,0.0056366518945788514,-0.1691516031045151,514.8026733398438,0.001436629677022117,0,0,0.9997477282898023,0.0017478955981119078,0.9997477282898023,9.814995701040911e-06,9.254763383507291e-06,0.00023320195111361914
2024-05-17,0.001436629677022117,0.007031260431683027,0.004155278414028967,0.16380500149337604,515.5427856445312,0.0011512725967927717,0,0,0.9997209791531765,0.0020143836386717026,0.9997209791531765,0.00011531147612897505,1.1179193382273647e-05,0.00015253017735402814
2024-05-20,0.0011512725967927717,0.006909509804053712,0.004508951174292876,-0.44935049658541076,516.1366577148438,0.0024497005106247525,0,0,0.9995602704410461,0.0029734003061692126,0.9995602704410461,0.0003170536861959234,5.758870963730804e-06,0.00011691700180005657
2024-05-21,0.0024497005106247525,0.006588061596203717,0.004610833097283857,-0.12169849263199745,517.402587890625,-0.0028835497978586025,0,0,0.9985634421222911,0.008144454212392047,0.9985634421222911,0.0013131694122231333,8.630794821614218e-06,0.00011475767076316673
2024-05-22,-0.0028835497978586025,0.006666470020403116,0.0071344189172921416,0.3696301095318311,515.9127807617188,-0.007331087212715895,0,0,0.9993708324279128,0.003993198931407488,0.9993708324279128,0.0005444057814366996,5.525225848617812e-06,7.92365648003085e-05
2024-05-23,-0.007331087212715895,0.006881188990297952,0.015875800958742553,0.16745650260918968,512.1444091796875,0.006594721309515062,0,0,0.9986207482991126,0.007814772849267914,0.9986207482991126,1.2342330652643568e-06,0.00010107318396381086,0.001276944283854135
2024-05-24,0.006594721309515062,0.0067520697809657975,0.0064030194787041556,-0.3261027030381472,515.5330200195312,0.0006986258374848982,0,0,0.9994242848869104,0.0037684199970636793,0.9994242848869104,0.0004305349584478778,7.218762626512657e-06,0.0001379613919663919
2024-05-28,0.0006986258374848982,0.006748827980867193,0.006417441025518734,-0.12966705554039704,515.893310546875,-0.007027144121652246,0,0,0.9992183890767864,0.0048562021854533,0.9992183890767864,0.000662980498942838,6.878505071255746e-06,0.00011175191912634182
2024-05-29,-0.007027144121652246,0.0057207903719220295,0.003687516691567217,0.2199025372021466,512.28076171875,-0.006655737944535132,0,0,0.9938824979343388,0.02760936925847628,0.9938824979343388,0.005911945180969419,3.768876690921218e-05,0.00016786811778983946
2024-05-30,-0.006655737944535132,0.005942417430732447,0.007405130452270509,0.025934122008040843,508.8824768066406,0.009066923524056166,0,0,0.9948652884584942,0.023751641397232286,0.9948652884584942,0.0049832021900104925,1.7099333449356218e-05,0.00013441001796646228
2024-05-31,0.009066923524056166,0.0059272861624221325,0.017331313372135414,0.6716863016661633,513.5174560546875,0.000814789434850954,0,0,0.997920077498964,0.011622089540861308,0.997920077498964,9.410896519395915e-05,0.00027912740182164714,0.0017066861340288737
2024-06-03,0.000814789434850954,0.005427049089784303,0.01271319084472635,-0.6618571530754933,513.93603515625,0.0011175028259284875,0,0,0.9984277790281549,0.009457807308826536,0.9984277790281549,0.0009451454267210738,0.0001406869216965757,0.00048638862352472
2024-06-04,0.0011175028259284875,0.0050273334353581065,0.00792975326037161,-0.30184741018110844,514.5106811523438,0.011814987182765961,0,0,0.8585428730654893,0.2948784884180607,0.8585428730654893,0.1413152071309103,2.551400637814235e-05,0.00011640579718757192
2024-06-05,0.011814987182765961,0.005565932848354199,0.011147104126205917,0.3182529023118158,520.6256713867188,-1.8757654735676046e-05,0,0,0.9628319768205167,0.11763072646866007,0.9628319768205167,0.036368725458254515,0.00014217533896227643,0.0006571223822273662
2024-06-06,-1.8757654735676046e-05,0.005567706028709971,0.0051247341712530176,-0.4352605988357614,520.6159057617188,-0.0012164815134503508,0,0,0.8653303246917312,0.2856924052767051,0.8653303246917312,0.13456566757047592,1.158554519415827e-05,9.242219265906186e-05
2024-06-07,-0.0012164815134503508,0.005516303296050352,0.00814598329908266,0.3386168381907871,519.9829711914062,0.0030851247016054355,0,0,0.7142340598735499,0.4320796454049828,0.7142340598735499,0.28569639178944933,7.803636179721133e-06,6.174470078326538e-05
2024-06-10,0.0030851247016054355,0.0055304933192922325,0.006384615393380296,-0.19164620689779463,521.5896606445312,0.002405326536044635,0,1,0.5105731873270323,0.5003566183365293,0.489356252166927,0.5105731873270323,7.244834545407125e-06,6.33156714677053e-05
2024-06-11,0.002405326536044635,0.005526391246351998,0.009237399869438535,0.019351369442311434,522.8457641601562,0.008179565345333234,0,1,0.5807179598891984,0.4911842320165732,0.41919302289762,0.5807179598891984,7.139431381508802e-06,8.18777818212369e-05
2024-06-12,0.008179565345333234,0.0056877392385652785,0.007056316365418131,0.5530030540891162,527.1399536132812,0.002011369672701469,1,1,0.7287074730416255,0.4224557198145431,0.2711694733024933,0.7287074730416255,1.1177605433101796e-05,0.000111876050510078
2024-06-13,0.002011369672701469,0.0051138240879006255,0.006894626509746666,-0.3457806902759134,528.2012939453125,0.0006083161601723807,1,1,0.9417545591268479,0.1603462285615979,0.05822659696394798,0.9417545591268479,1.2318412960425142e-06,1.7612067908578487e-05
2024-06-14,0.0006083161601723807,0.005059324443723018,0.005453446724063714,-0.11021055821650583,528.522705078125,0.00792732281595392,1,1,0.9928719939399211,0.030586766183483462,0.0071203312026567635,0.9928719939399211,1.4219599030360776e-07,7.532661417567596e-06
2024-06-17,0.00792732281595392,0.005271266281201574,0.01264859121571193,0.3313570719956238,532.7291259765625,0.0025374979774265252,1,1,0.9162085823398851,0.21037454963867536,0.0831637691734875,0.9162085823398851,1.5630273633680495e-06,0.0006260854592973417
2024-06-18,0.0025374979774265252,0.0052736199615754185,0.003445850757695466,-0.29977083427652107,534.0826416015625,-0.0027203695567135935,1,1,0.9823050770579602,0.06424480408943677,0.017678173497267264,0.9823050770579602,3.350534016693652e-07,1.6414391293986957e-05
2024-06-20,-0.0027203695567135935,0.005361382234062661,0.00903108307386883,0.5304621863795951,532.6317138671875,-0.001341277845727193,1,1,0.9814515051874492,0.06670615015889492,0.01853106580489752,0.9814515051874492,6.198518283264104e-08,1.73670225014558e-05
2024-06-21,-0.001341277845727193,0.005306576050002524,0.004830039550502553,-0.0890130941914041,531.9177856445312,-0.0032561494123869374,1,1,0.9910371056253227,0.03700481227834215,0.008946553017676629,0.9910371056253227,8.723997076155745e-08,1.6254117068909522e-05
2024-06-24,-0.0032561494123869374,0.0050189809218974864,0.00797806899759476,-0.34581686583459254,530.1885986328125,0.003843359031370267,1,1,0.9909633020027822,0.03730233872901968,0.009009545104132946,0.9909633020027822,8.995450126198974e-08,2.7062938516486737e-05
2024-06-25,0.003843359031370267,0.004915296692408269,0.0050658181066588846,-0.18243709499011018,532.230224609375,0.001247378249555081,1,1,0.9978261639157666,0.011210835842140308,0.0021678008308481608,0.9978261639157666,2.004290919365142e-08,6.015210534740846e-06
2024-06-26,0.001247378249555081,0.004911567286227491,0.005884330039844988,0.01606586274428455,532.89453125,0.0015752205235115802,1,1,0.9984189251193947,0.008519172903250338,0.0015762360392780283,0.9984189251193947,4.013411130594836e-09,4.834827997973512e-06
2024-06-27,0.0015752205235115802,0.004471282555805228,0.004301181693899031,-0.09543859071942903,533.734619140625,-0.003942713577439978,1,1,0.9995418777464709,0.0028820523653610083,0.00045569849933350113,0.9995418777464709,2.2542901417782947e-09,2.4214999686109584e-06
2024-06-28,-0.003942713577439978,0.00422774466766169,0.01346884988504458,0.7760997774916405,531.6343994140625,0.0020559089026094984,1,1,0.9919385445455677,0.033948093009848995,0.008036068536715643,0.9919385445455677,4.028603774347875e-09,2.5382889118197824e-05
2024-07-01,0.0020559089026094984,0.0039056507532617166,0.006161266707189633,-0.6363359739709653,532.728515625,0.006707119204569822,1,1,0.999403249029828,0.003639376486587186,0.000593863766869239,0.999403249029828,1.935348228685025e-08,2.867849750524211e-06
2024-07-02,0.006707119204569822,0.004044309423171099,0.009763001140636222,0.0033939234337881565,536.3135986328125,0.004452706498374999,1,1,0.9978204338047766,0.01130953183740394,0.00215305038662086,0.9978204338047766,1.5613350706388273e-08,2.650019523300686e-05
2024-07-03,0.004452706498374999,0.0040690049063246995,0.005766497205737477,-0.20957025918395733,538.7069702148438,0.005749809169668378,1,1,0.9996386605417462,0.0023375639132926273,0.000358747727174665,0.9996386605417462,4.473299693004057e-09,2.5872577351410508e-06
2024-07-05,0.005749809169668378,0.0035099788740299794,0.0070856638035254335,0.23529332895027702,541.8133544921875,0.0011534315582365407,1,1,0.9998737051892496,0.0009188897879675991,0.00012339331363710366,0.9998737051892496,1.6092154837594162e-09,2.899887849638104e-06
2024-07-08,0.0011534315582365407,0.0034842845548672687,0.0037098354882350586,-0.13883018831850782,542.4386596679688,0.0009719247032038236,1,1,0.9999339812656686,0.0005108336687869738,6.464509409801307e-05,0.9999339812656686,2.684777950320343e-10,1.3733718659586534e-06
2024-07-09,0.0009719247032038236,0.0034097673739810646,0.002986530032487587,-0.28007434015131766,542.9661254882812,0.009846532627204863,1,1,0.9999390321057232,0.00047576831005353884,5.950978693337534e-05,0.9999390321057232,1.555979480643899e-10,1.4579518331369516e-06
2024-07-10,0.009846532627204863,0.0038169322062863225,0.00872935814681558,0.3493612656848633,548.3388671875,-0.00865984369177248,1,1,0.9993700879016125,0.00386673278995724,0.0006100249097300679,0.9993700879016125,1.7174024072446747e-09,1.9885471212164337e-05
2024-07-11,-0.00865984369177248,0.004560905340030545,0.011680563952228318,0.31544342521300184,543.61083984375,0.00628770493303874,1,1,0.9621933505799183,0.1170355843646458,0.03758980385949611,0.9621933505799183,6.640037862926371e-08,0.0002167791601890292
2024-07-12,0.00628770493303874,0.004442939575955521,0.011642991142332604,0.0005690672538547154,547.0396728515625,0.0027464015263891214,1,1,0.9672654207493709,0.10475119316901695,0.032563009566624765,0.9672654207493709,4.535960344104803e-06,0.00016703372367248375
2024-07-15,0.0027464015263891214,0.0044473584736533945,0.009278260646505453,-0.2685018074610378,548.5441284179688,0.005912490323251509,1,1,0.9930347350605377,0.030058357992857623,0.006946164410548326,0.9930347350605377,3.682304790024618e-07,1.873229848771198e-05
2024-07-16,0.005912490323251509,0.004524419753392928,0.0054172673546511564,-0.106745973126222,551.7969970703125,-0.014120352748585932,1,1,0.9990291038551453,0.005580264124219418,0.000966156370487635,0.9990291038551453,1.8402232190574634e-08,4.721372175248264e-06
2024-07-17,-0.014120352748585932,0.005601631702008415,0.007002593451657853,0.44850149168873793,544.0601806640625,-0.00771443496521778,0,0,0.7084719366309324,0.44768126023497923,0.7084719366309324,0.28844446586482875,1.0141050890850956e-06,0.003082583399192271
2024-07-18,-0.00771443496521778,0.005918671602583344,0.016447774937902972,-0.014968168871742007,539.8792114257812,-0.006662788189266041,0,0,0.9960468679062958,0.020113339704571857,0.9960468679062958,0.00014813021548151857,0.000474920917881495,0.0033300809602496957
2024-07-19,-0.006662788189266041,0.006095959748824651,0.011238900626727971,0.15202042228532064,536.2940673828125,0.010257183021680268,0,0,0.9990646404908831,0.005816906217755397,0.9990646404908831,0.000688634476813171,1.8458906916279483e-05,0.00022826612541050406
2024-07-22,0.010257183021680268,0.006467695359693224,0.007662489521189041,-0.4129584885274023,541.8232421875,-0.0015698511595131069,0,0,0.999435312564358,0.003739049536429953,0.999435312564358,0.00038914072463848214,1.2656139906651369e-05,0.00016289057110834782
2024-07-23,-0.0015698511595131069,0.006421177772194127,0.006247897638874867,-0.2300235106712308,540.9733276367188,-0.022923276573749173,0,0,0.9976356992411857,0.01237851558450728,0.9976356992411857,0.00224571083014693,8.557582564396288e-06,0.00011003234600188623
2024-07-24,-0.022923276573749173,0.008310367616896177,0.016407082392445593,0.7717974083374541,528.7135009765625,-0.005223814004411388,0,0,0.9816461185936292,0.06799008098083498,0.9816461185936292,5.101312363929411e-14,0.0006148543829769416,0.01773902702332075
2024-07-25,-0.005223814004411388,0.00837141253281061,0.018591798564136,-0.19753888869819317,525.9588012695312,0.011137301344201628,0,0,0.7792471704416718,0.40271507661332895,0.7792471704416718,8.62572018216452e-11,0.006818418641649138,0.21393441083034537
2024-07-26,0.011137301344201628,0.008769095974022565,0.010469495594502531,-0.12886520648881464,531.8493041992188,0.0005877439778443143,0,0,0.9049913642871487,0.2275913455163509,0.9049913642871487,2.6478396781618418e-09,0.00021646172279663265,0.09479217134225193
2024-07-29,0.0005877439778443143,0.008725103438576772,0.007948485594063111,-0.3078997863122672,532.1619873046875,-0.0050795488788298905,0,0,0.9870694307612663,0.04995808903792942,0.9870694307612663,1.540162143081063e-08,2.5705906452321395e-05,0.012904847930614869
2024-07-30,-0.0050795488788298905,0.008784430758606437,0.016273076243946034,0.17032725478576796,529.4656982421875,0.01612381173530127,0,0,0.9665093594341667,0.10731465299907426,0.9665093594341667,2.0390651510370734e-10,0.00038354775427907803,0.033107092607748585
2024-07-31,0.01612381173530127,0.009410245273511765,0.010747776794894682,0.3375138459254314,538.0718994140625,-0.014262094964707348,0,0,0.8303608025599301,0.3352730677774396,0.8303608025599301,1.723631280345868e-11,0.0016906172359322856,0.16794858018685163
2024-08-01,-0.014262094964707348,0.009880059061317038,0.028434102804238345,0.15181658744266635,530.4523315429688,-0.018793760048189233,3,3,0.974485553545527,0.08569278776379867,8.16393525537494e-07,9.846992396101453e-28,0.02551363006089355,0.974485553545527
2024-08-02,-0.018793760048189233,0.010530212612273618,0.015744068801014862,0.07993813013123174,520.5762329101562,-0.029556145464849717,3,3,0.9983099395698005,0.009039526227775598,8.824157140385567e-06,6.103588017832293e-28,0.0016812362730699755,0.9983099395698005
2024-08-05,-0.029556145464849717,0.01215927330915103,0.025725826182994103,0.5691400431805518,505.4151611328125,0.00917718606612964,3,3,0.9982475032268294,0.009286307495365229,2.010565822445886e-12,1.5276416783164722e-47,0.0017524967711404567,0.9982475032268294
2024-08-06,0.00917718606612964,0.012454184154488143,0.02275209102239113,-0.5448308171706975,510.0747985839844,-0.006706422812809564,3,3,0.9982760030281451,0.009155700097192205,1.9076940407831766e-10,1.183423045992247e-44,0.001723996781165282,0.9982760030281451
2024-08-07,-0.006706422812809564,0.012091559821540044,0.02610581067285656,-0.1821841088715889,506.66546630859375,0.02285432064010101,3,3,0.9974705213467109,0.012733159466100263,2.2728554972199708e-11,4.797441611625297e-44,0.0025294786306384555,0.9974705213467109
2024-08-08,0.02285432064010101,0.013425577273996632,0.017808255417135852,-0.1109059347922309,518.3782958984375,0.0043997634367696735,3,3,0.9986883963642478,0.007224445057588797,3.1894786388149154e-11,3.410701517874054e-48,0.001311603603869001,0.9986883963642478
2024-08-09,0.0043997634367696735,0.013367965976776806,0.011163459569690632,-0.3271781438259067,520.6640625,0.0005253843187516568,3,3,0.9998671606722456,0.0009514180061152732,3.724660474440252e-08,1.2333698334800309e-41,0.00013280208105820638,0.9998671606722456
2024-08-12,0.0005253843187516568,0.013331519816417113,0.008963504578638029,-0.06984327487671983,520.9376831054688,0.016311846846681518,3,3,0.9998540249057326,0.0010359813229554652,1.1653242852618064e-07,1.6030162471297268e-38,0.00014585856175092652,0.9998540249057326
2024-08-13,0.016311846846681518,0.013872103663603093,0.011069294227772484,0.20713488421462395,529.5048217773438,0.003149699160198637,3,3,0.9996414661871577,0.002310411686872606,1.3018612921496992e-09,6.562599184186531e-43,0.0003585325109169615,0.9996414661871577
2024-08-14,0.003149699160198637,0.013617155589099313,0.008901198814655172,-0.2093751750714791,531.1752319335938,0.01699515559574511,3,3,0.9998631759536405,0.0009769871701982892,2.9545214921973962e-08,1.0729138196215893e-41,0.00013679450123567846,0.9998631759536405
2024-08-15,0.01699515559574511,0.014106978312299508,0.008100205054373455,0.360105346718704,540.27978515625,0.002239371163309426,3,3,0.9993851363619156,0.0037229143032920676,7.626348449966314e-10,1.0932263446019497e-45,0.0006148628754224448,0.9993851363619156
2024-08-16,0.002239371163309426,0.014024657331033637,0.006783225599728689,-0.31442855777463685,541.4910278320312,0.00951612164805265,3,3,0.9998462723181284,0.001084591504812218,6.086159350702383e-09,4.1640267289805036e-45,0.00015372159560768755,0.9998462723181284
2024-08-19,0.00951612164805265,0.013998427034966714,0.010275013224411446,-0.12725081556609735,546.6685180664062,-0.0016276075086228345,3,3,0.9998326075367525,0.0011706867242888878,2.666472837559588e-09,7.6577810742169e-44,0.0001673897967912296,0.9998326075367525
2024-08-20,-0.0016276075086228345,0.0139988705477455,0.006282458723706515,-0.14822402107301683,545.7794799804688,0.003430680247505822,3,3,0.9997919179124575,0.0014226175076020961,6.514825775458379e-09,4.192846192413581e-45,0.00020807557274555674,0.9997919179124575
2024-08-21,0.003430680247505822,0.012879308973135325,0.013164005827637031,0.20758933729090912,547.6550903320312,-0.007879475998180634,3,3,0.9998628290866911,0.0009806561060235243,3.234004858420029e-07,2.603198177468835e-36,0.00013684751274361105,0.9998628290866911
2024-08-22,-0.007879475998180634,0.012968480692099507,0.014742390850629665,0.3014738107202055,543.3568115234375,0.01056944554461135,3,3,0.9998553028078736,0.0010275949439093601,7.122206152134581e-08,4.591021098624026e-37,0.00014462597013318164,0.9998553028078736
2024-08-23,0.01056944554461135,0.012947167754785887,0.010317984768192793,-0.1027890538916246,549.1302490234375,-0.002386765053739642,3,3,0.9998394358944366,0.0011292441239613283,2.8569000882426437e-07,6.870004381331265e-36,0.00016027841562199738,0.9998394358944366
2024-08-26,-0.002386765053739642,0.012976443956991652,0.008666319909385989,-0.3471005224834623,547.8211669921875,0.0013721290323900149,3,3,0.9998668314453065,0.0009548207446233044,2.9875340083128697e-07,1.3477392266282418e-35,0.0001328698013402587,0.9998668314453065
2024-08-27,0.0013721290323900149,0.0128854530025177,0.0066600011586202155,-0.09044089078189403,548.5733642578125,-0.005822213314323858,3,3,0.9998358821552393,0.0011555591228029757,1.2961404506733926e-06,6.030658314224288e-35,0.00016282170432571605,0.9998358821552393
2024-08-28,-0.005822213314323858,0.012528508554005188,0.011839596151253932,0.22799201237416683,545.3887329101562,8.963692519125815e-05,3,3,0.9998527439756896,0.0010500971755219744,1.6852252166903066e-06,8.606302520082236e-33,0.00014557079901891676,0.9998527439756896
2024-08-29,8.963692519125815e-05,0.012028966661567183,0.01164144404802533,-0.058948240751615893,545.4376220703125,0.00950079670464906,3,3,0.9998575771835003,0.001039880354934266,1.0614430416999094e-05,6.797789140681183e-29,0.00013180838611702943,0.9998575771835003
2024-08-30,0.00950079670464906,0.011162511027697036,0.012524832618379868,0.4821307547522438,550.6444091796875,-0.02079383881791606,3,3,0.9996147223840421,0.002654964859766053,0.0001821395111639206,1.7955855200908816e-23,0.00020313810471877665,0.9996147223840421
2024-09-03,-0.02079383881791606,0.009929243344263485,0.020468025364391747,-0.034066499295011196,539.3126220703125,-0.0020489287001439383,3,3,0.9980825881233554,0.010038957732575885,4.91504178568495e-07,3.756402210500198e-27,0.0019169203725516375,0.9980825881233554
2024-09-04,-0.0020489287001439383,0.009893533881273274,0.009020728910080189,-0.24937524737609115,538.208740234375,-0.0024351434153945,3,3,0.9882947998224358,0.04673582425804379,0.011485333646008742,9.740471654286317e-19,0.00021986653156323802,0.9882947998224358
2024-09-05,-0.0024351434153945,0.009724812950158,0.012190484863089837,-0.06474281277327343,536.8997192382812,-0.016973211960039244,3,3,0.9865656588350624,0.05219970773791046,0.01321521191628697,3.341777739723424e-14,0.00021912924872707345,0.9865656588350624
2024-09-06,-0.016973211960039244,0.009498387598098717,0.022503467085224445,0.4365647471333522,527.8637084960938,0.01113392378120812,3,3,0.9993242873513831,0.004123003022844091,2.522401952061207e-05,3.012982942098489e-22,0.0006504886290210808,0.9993242873513831
2024-09-09,0.01113392378120812,0.009744893177698638,0.009205595695714917,-0.5267804240005384,533.7737426757812,0.004346228115252966,3,3,0.9856813529226793,0.05486877672516678,0.014119561957715342,7.432027523779088e-17,0.00019908511950141971,0.9856813529226793
2024-09-10,0.004346228115252966,0.009767503454647043,0.010514075989489929,-0.10554239423322381,536.0986938476562,0.010206697423128894,3,3,0.9753416550116285,0.08426527002169741,0.024458011734053486,1.287095468540332e-13,0.00020033325429643132,0.9753416550116285
2024-09-11,0.010206697423128894,0.009365191414416874,0.02777671053281969,0.7263768868156046,541.5985107421875,0.00838806961372859,3,3,0.9977753300482091,0.01141294666680252,1.2894614485554804e-06,3.29290054362121e-23,0.0022233804902971267,0.9977753300482091
2024-09-12,0.00838806961372859,0.00949699902737999,0.011912275053708293,-0.3730288427279841,546.1605834960938,0.005208968892612562,3,3,0.9878674192845017,0.04833673464718481,0.011828003889004846,1.91227589810798e-17,0.00030457682638527735,0.9878674192845017
2024-09-13,0.005208968892612562,0.00881926595312032,0.006370023714233709,-0.2762767973140721,549.012939453125,0.0014760594643364973,3,3,0.7619340214794172,0.3971228321972502,0.2378557073275946,6.386166378031535e-10,0.00021027055446089162,0.7619340214794172
2024-09-16,0.0014760594643364973,0.008814367412184877,0.005703149712776706,-0.0699118049889322,549.8239135742188,0.0004083170883601083,0,0,0.7705604947578989,0.3891003641311233,0.7705604947578989,4.224210400619516e-09,9.171748782368958e-05,0.22934778353003962
2024-09-17,0.0004083170883601083,0.008570266780132204,0.010282982554895815,0.29677010006703086,550.0484619140625,-0.002970232096458303,0,0,0.9782981456023989,0.0755682584961077,0.9782981456023989,3.1398488976578534e-08,2.130940167946807e-05,0.02168051359747081
2024-09-18,-0.002970232096458303,0.008591460215608698,0.014000685802901465,0.1799482175875072,548.4171142578125,0.016920419617095245,0,0,0.990420600530429,0.039294896746627214,0.990420600530429,4.493708828279098e-09,7.008057952141671e-05,0.009509314396433178
2024-09-19,0.016920419617095245,0.009350990284849998,0.008406578088829256,0.2433877854882134,557.7755126953125,-0.0017299890325561445,0,0,0.9377802280701311,0.17306624701240383,0.9377802280701311,1.922501306821751e-11,0.0014513295700191446,0.060768442340627955
2024-09-20,-0.0017299890325561445,0.009145418823969163,0.007285551515068192,0.02863197864280585,556.8114013671875,0.0024956779810614547,0,0,0.9855503997490996,0.054743923310495275,0.9855503997490996,5.150275795391142e-10,4.806703054664217e-05,0.014401532705416047
2024-09-23,0.0024956779810614547,0.008885646916056223,0.00391461999193655,-0.5634750065618863,558.2027587890625,0.002857073829689726,0,0,0.9974973018077562,0.012688397170866898,0.9974973018077562,3.691495618670419e-09,1.626185849221358e-05,0.002486432642264686
2024-09-24,0.002857073829689726,0.008863402465818817,0.006581498067504906,0.0591620613815666,559.7998657226562,-0.002207900852033653,0,0,0.9986564016809021,0.007465297115774662,0.9986564016809021,5.199991000952899e-09,2.438351154482127e-05,0.0013192096075561061
2024-09-25,-0.002207900852033653,0.008893324469005807,0.005227776329335454,-0.1972030163383295,558.5652465820312,0.003956852267685718,0,0,0.9983693508549392,0.008841603492039727,0.9983693508549392,2.1144224705921756e-09,3.2889416655221775e-05,0.0015977576140130641
2024-09-26,0.003956852267685718,0.008772140626888249,0.00840467877195514,0.2293746506036429,560.77978515625,-0.001451342942798752,0,0,0.9988334990159603,0.0066049983816282515,0.9988334990159603,1.2279710965396514e-08,2.2787996299124886e-05,0.0011437007081194226
2024-09-27,-0.001451342942798752,0.008790924355160209,0.00664949689008737,-0.13810750651227055,559.9664916992188,0.0039994074765734465,0,0,0.9987345583063775,0.007090615129209584,0.9987345583063775,6.441679089942557e-09,2.465374169113807e-05,0.00124078151019812
2024-09-30,0.0039994074765734465,0.008605401769617254,0.010980179318426583,0.41187431646945344,562.2105102539062,-0.008998973160204217,0,0,0.9989242270239058,0.006153598726161307,0.9989242270239058,3.302972100434792e-08,2.0763277883772742e-05,0.0010549766685035056
2024-10-01,-0.008998973160204217,0.0073417679670562,0.014174664323811998,0.13396869688671378,557.1738891601562,0.00042209417159815146,0,0,0.9985791321789064,0.007947084799640467,0.9985791321789064,3.609336183516393e-07,6.963705560773399e-05,0.0013508698318878357
2024-10-02,0.00042209417159815146,0.0072972715073366425,0.008139093981010283,-0.6457555938048883,557.4091186523438,-0.001829960641610971,0,0,0.9997261078820017,0.001919084273237634,0.9997261078820017,3.488939124584002e-05,8.11525260006154e-06,0.000230887474208178
2024-10-03,-0.001829960641610971,0.007280227117697856,0.00759042919058819,0.06966460063743989,556.3900146484375,0.00904627377092313,0,0,0.9998017477461733,0.001451694992553761,0.9998017477461733,3.68355041480695e-05,6.987804966363275e-06,0.0001544289447903641
2024-10-04,0.00904627377092313,0.005956624555326775,0.009180093449899996,0.049961694431875855,561.4461059570312,-0.009081597315396567,0,0,0.9951309153497605,0.022984492110680304,0.9951309153497605,0.004618504808600456,2.982656015646402e-05,0.00022075328149578983
2024-10-07,-0.009081597315396567,0.006227733158060327,0.009387138436831354,0.15153392334014518,556.370361328125,0.009413218435385928,0,0,0.9993751920093248,0.004099800092539568,0.9993751920093248,0.0004291932826704303,1.826667073014116e-05,0.0001773480372985013
2024-10-08,0.009413218435385928,0.006425012718996419,0.007414903303940435,-0.28968081163470827,561.63232421875,0.0069023892108970196,0,0,0.9990547381865146,0.005789483734869167,0.9990547381865146,0.000771208001153574,1.3229481125027115e-05,0.00016082433122058674
2024-10-09,0.0069023892108970196,0.006251862973693141,0.008940697315591111,0.01363701556784703,565.5223388671875,-0.0017513539442529254,0,0,0.9971957995550824,0.014414531590782756,0.9971957995550824,0.002630424943115286,1.5258474040464343e-05,0.00015851702770541479
2024-10-10,-0.0017513539442529254,0.006130272755857506,0.005363419417978891,0.15205039501893755,564.5327758789062,0.005970375496356955,0,0,0.9928037535978769,0.03121054296673356,0.9928037535978769,0.00708980000088582,1.0750009658903567e-05,9.569639153015568e-05
2024-10-11,0.005970375496356955,0.006155821089495168,0.007626287682425955,-0.043293056466077215,567.913330078125,0.0081451921573119,0,0,0.9928801817403142,0.031031168854114784,0.9928801817403142,0.006983017807444673,1.2229509908091588e-05,0.00012457094233139012
2024-10-14,0.0081451921573119,0.0063218800655322665,0.00776978197835504,-0.15449615446788692,572.5579833984375,-0.007800264413030115,0,0,0.9976791112345353,0.0122989999590943,0.9976791112345353,0.002151874806225291,1.401282406560577e-05,0.00015500113519912145
2024-10-15,-0.007800264413030115,0.006688259100280054,0.01096975760691837,0.4032131827931551,568.1092529296875,0.004336996098166929,0,0,0.9998062798207505,0.0014417138065800066,0.9998062798207505,6.142430899471077e-05,7.144001011572317e-06,0.00012515186916397763
2024-10-16,0.004336996098166929,0.006623852981583073,0.006646050486546533,-0.5676576528222947,570.5784912109375,8.589374884384152e-05,0,0,0.9990999104364018,0.00543845372541868,0.9990999104364018,0.0008031154333120261,4.986865364738096e-06,9.198726499088885e-05
2024-10-17,8.589374884384152e-05,0.005618855164193844,0.0068000723597040295,0.11278373399061883,570.6275024414062,0.0038392758703796105,0,0,0.9458246854717333,0.15249299546130426,0.9458246854717333,0.054074880006596555,1.2490876117725884e-05,8.794364555889045e-05
2024-10-18,0.0038392758703796105,0.0056071789284461064,0.0048067832660588315,0.08424639334991584,572.822509765625,-0.0016435231392265956,0,0,0.8257270812481934,0.33451078627204517,0.8257270812481934,0.174141026484122,1.8540238270659248e-05,0.00011335202931162059
2024-10-21,-0.0016435231392265956,0.005641570900650751,0.007282010802123446,-0.026480171778104408,571.8818359375,-0.0005313207395003318,0,0,0.760267394118977,0.3979357752112606,0.760267394118977,0.23963601265601245,1.0395599422711323e-05,8.619762564370851e-05
2024-10-22,-0.0005313207395003318,0.005640398634076924,0.007063010123871063,-0.06388778200996101,571.5780639648438,-0.009179582112508515,0,0,0.655531502402054,0.4651133311910861,0.655531502402054,0.34438233442900384,8.717173726640583e-06,7.744599526041616e-05
2024-10-23,-0.009179582112508515,0.006052158251194973,0.012612742756226434,0.366468335616458,566.355224609375,0.002160467106629352,0,0,0.9962659063385365,0.018473158669424575,0.9962659063385365,0.0034735567764989407,1.6946544261989423e-05,0.0002435903407091469
2024-10-24,0.002160467106629352,0.0060143747157338934,0.006025119627812408,-0.343446572440759,567.5801391601562,-0.0003452493508973461,0,0,0.9855827681168743,0.054857388875447735,0.9855827681168743,0.014319051179031922,8.349820118912158e-06,8.983088396371832e-05
2024-10-25,-0.0003452493508973461,0.005999560254290929,0.011018245932772572,0.30106415415024157,567.3842163085938,0.0030864464029440567,0,0,0.9926180311036807,0.031882212370209224,0.9926180311036807,0.007271030377523393,9.192396682415344e-06,0.00010174612213032846
2024-10-28,0.0030864464029440567,0.0059762265542930805,0.0037704704938958016,-0.4488339400309655,569.1381225585938,0.0016170714627323846,0,0,0.9809430053670961,0.06852423879058821,0.9809430053670961,0.01895791870183307,8.42226277109282e-06,9.065366836594847e-05
2024-10-29,0.0016170714627323846,0.005532618679989403,0.007700603878418586,0.351861007973325,570.0592041015625,-0.003029794379390693,0,0,0.8727137775300016,0.27553693946186214,0.8727137775300016,0.1271958237933114,1.1463822992900378e-05,7.893485379246804e-05
2024-10-30,-0.003029794379390693,0.00560960281837233,0.006948206460270377,-0.03471959143904608,568.3346557617188,-0.01979777529280187,0,0,0.8197274691349361,0.3410236228177511,0.8197274691349361,0.1801640156120259,1.285286563128363e-05,9.566238737915835e-05
2024-10-31,-0.01979777529280187,0.007273685470379931,0.012644207681816904,0.37323637091611656,557.1935424804688,0.004211597562201884,0,0,0.995714460588855,0.02077283762243557,0.995714460588855,1.4896303128221168e-08,0.0003262796256189185,0.00395924488927911
2024-11-01,0.004211597562201884,0.0070362033621537284,0.00863335819816311,-0.2759947272108957,559.545166015625,-0.0021563248834115547,0,0,0.999651358147714,0.002437762010179551,0.999651358147714,0.00011162918141324514,8.481628976075856e-06,0.00022853104180834048
2024-11-04,-0.0021563248834115547,0.006738655521343927,0.008090390430695196,-0.17810644237294232,558.3399047851562,0.012019292924155881,0,0,0.9994347257710855,0.0037173091226743674,0.9994347257710855,0.0004149958946661675,8.830323089231083e-06,0.00014144801125065527
2024-11-05,0.012019292924155881,0.006948586787795701,0.010785452698919095,0.032470711065320124,565.0912475585938,0.024561372580018795,0,0,0.9992707855557323,0.004545614176023189,0.9992707855557323,2.51385961304926e-05,5.6108552723592236e-05,0.0006479672953244172
2024-11-06,0.024561372580018795,0.008725516393187669,0.011065204166343526,0.546429446534017,579.1425170898438,0.007702532755040855,0,0,0.6207359976701697,0.6015483480544692,0.6207359976701697,1.8541108702476257e-11,0.06280081090109312,0.3164631914101355
2024-11-07,0.007702532755040855,0.008813422635060547,0.00612821225941679,-0.3670835652357642,583.62060546875,0.00432235678554351,0,0,0.9435073990297577,0.15784877918220172,0.9435073990297577,5.221384966768369e-09,0.0002526899841593785,0.05623990576465799
2024-11-08,0.00432235678554351,0.008778663255538336,0.005800885544925412,-0.016830371406459623,586.148681640625,0.0009522239633202181,0,0,0.9931429093372678,0.029699787466004875,0.9931429093372678,7.975311740227881e-09,2.6511119436029024e-05,0.0068305715680098645
2024-11-11,0.0009522239633202181,0.008641827323796288,0.005294246206250629,-0.2116137388241439,586.7070922851562,-0.0031111713660706623,0,0,0.9986810311609949,0.007328583445757662,0.9986810311609949,1.8100861949265764e-08,1.8029170822992317e-05,0.0013009215673037392
2024-11-12,-0.0031111713660706623,0.008445588767922724,0.008242557729807221,0.13468904116870523,584.8845825195312,0.0004858594092337671,0,0,0.9993115813356803,0.004165490819571977,0.9993115813356803,3.967772010426345e-08,1.534375576138536e-05,0.0006730352307606529
2024-11-13,0.0004858594092337671,0.008420287203137916,0.0071500836896758,0.0970397273481972,585.1688232421875,-0.006450759335004926,0,0,0.9994519550496617,0.00340965110573032,0.9994519550496617,8.153428800793618e-08,1.3337686970597507e-05,0.000534625729019846
2024-11-14,-0.006450759335004926,0.008593439485014112,0.008696340030073715,-0.19728204991767473,581.4061889648438,-0.012891482347469367,0,0,0.9979341283840755,0.010878201924104209,0.9979341283840755,8.351328135273178e-09,5.2574316641311114e-05,0.0020132889479537713
2024-11-15,-0.012891482347469367,0.00909557286000903,0.010823776108354673,0.6694863174775287,573.9591064453125,0.004088932262000619,0,0,0.9976395603687489,0.012140553888739868,0.9976395603687489,4.3754321532980686e-12,3.801309470176931e-05,0.0023224265321533585
2024-11-18,0.004088932262000619,0.009128031737958831,0.007055960565572708,-0.7196221034707979,576.310791015625,0.003648809581418136,0,0,0.9978105605091928,0.01133676689362107,0.9978105605091928,1.2846276178454963e-09,2.1472191121887275e-05,0.0021679660149826114
2024-11-19,0.003648809581418136,0.009153749009214179,0.011875231027325201,0.2892294521398795,578.41748046875,0.0003387703491764651,0,0,0.9956766254940498,0.020322721779953402,0.9956766254940498,8.041420328203927e-10,6.183172856605179e-05,0.004261541973262436
2024-11-20,0.0003387703491764651,0.00886159505360983,0.010431791946708298,0.012481483293922778,578.6134643554688,0.005353889567877107,0,0,0.9973871953329132,0.013227201771902414,0.9973871953329132,4.937170288306011e-09,3.5561380455891144e-05,0.0025772383494567334
2024-11-21,0.005353889567877107,0.008910897991381998,0.012919607072869299,-0.06785412014208432,581.7196044921875,0.003094705829717668,0,0,0.9929727735757642,0.030649194217472305,0.9929727735757642,1.5737573724597339e-09,0.0001295168702620735,0.006897707980104872
2024-11-22,0.003094705829717668,0.008912084463093415,0.005037698696585656,-0.2012942964367095,583.5226440429688,0.0033862606110790184,0,0,0.997976253767186,0.010611085638842882,0.997976253767186,3.016412345482158e-09,2.5172203923509408e-05,0.001998571012518661
2024-11-25,0.0033862606110790184,0.008915317922825614,0.009472282340674073,0.10459792455941021,585.501953125,0.005207900783252429,0,0,0.9981088622059696,0.01003077391095113,0.9981088622059696,4.830479801337265e-09,3.087344709713997e-05,0.0018602595165306533
2024-11-26,0.005207900783252429,0.008955618320008065,0.005427469629765117,0.0722504117746884,588.5591430664062,-0.003034688409689223,0,0,0.998279961390234,0.009266552826749132,0.998279961390234,1.9891737378397113e-09,3.704843627878502e-05,0.0016829881842525451
2024-11-27,-0.003034688409689223,0.008955751457217777,0.0059615353058143266,-0.29400830577199355,586.7757568359375,0.0061930418880992415,0,0,0.9977963381373508,0.011454724525127233,0.9977963381373508,1.6766056542283834e-09,3.929235193976289e-05,0.0021643678340300763
2024-11-29,0.0061930418880992415,0.007446423605372019,0.006588616353086791,-0.11927310709126146,590.4209594726562,0.0017907228880445257,0,0,0.9997141454493091,0.0019692438874176653,0.9997141454493091,1.9831782536287285e-05,9.057137274738526e-06,0.0002569656307777601
2024-12-02,0.0017907228880445257,0.007443590778854173,0.003064851989014218,0.050673433289509476,591.4791870117188,0.00046373469223459206,0,0,0.9997328401206977,0.0018490028806827385,0.9997328401206977,9.354864937829369e-06,1.5098234263012175e-05,0.00024270678003755392
2024-12-03,0.00046373469223459206,0.007374971857799811,0.0030136052888580793,-0.16539512347656907,591.7535400390625,0.006190207904060442,0,0,0.999755545222105,0.0017178114805573937,0.999755545222105,1.5586935031676146e-05,1.1629616613040384e-05,0.0002172382263624405
2024-12-04,0.006190207904060442,0.0071061512791262904,0.004871080980013763,0.4638767313112636,595.427978515625,-0.0016469926928679725,0,0,0.9996533943362438,0.0024411434153293527,0.9996533943362438,9.650696653005051e-05,2.0565006639335888e-05,0.0002295336906797716
2024-12-05,-0.0016469926928679725,0.00492902230921129,0.0035934341678775738,-0.3971863159253737,594.4481201171875,0.00189400251722277,0,0,0.6811063326267635,0.4525613309642767,0.6811063326267635,0.31874659646667053,2.9496633443613725e-05,0.00011757427316819424
2024-12-06,0.00189400251722277,0.0046978870281543395,0.003372744445144024,0.0826853141243307,595.5750732421875,-0.005163080815638692,1,1,0.951119214698856,0.14095864156985968,0.048858752429144,0.951119214698856,5.068965530695527e-06,1.6963906417857553e-05
2024-12-09,-0.005163080815638692,0.004823416830552434,0.006251187913448134,0.10622213881645272,592.5079956054688,-0.0031138339952738606,1,1,0.9919650636378348,0.033798460603616236,0.008022851273896512,0.9919650636378348,2.561988793315274e-07,1.1828889308937286e-05
2024-12-10,-0.0031138339952738606,0.004890333516352517,0.006088226583403155,0.06926627284616409,590.6658935546875,0.0077008054153845235,1,1,0.9971700322006728,0.014053803697278532,0.0028225031363926065,0.9971700322006728,2.4182422965634232e-08,7.440480551607559e-06
2024-12-11,0.0077008054153845235,0.0050829906289933564,0.004823350623579206,-0.26111593358872964,595.2320556640625,-0.0051658577282944216,1,1,0.9946437668983368,0.02415331530622395,0.005336334322711456,0.9946437668983368,1.8668576519356584e-08,1.9880110309315477e-05
2024-12-12,-0.0051658577282944216,0.00525989453109421,0.004682799090992,0.09525723894765012,592.1651000976562,-0.00019863789310401795,1,1,0.9876571038903607,0.04815839689027851,0.012305919365343029,0.9876571038903607,7.154411947203503e-08,3.690520015867847e-05
2024-12-13,-0.00019863789310401795,0.004998448848965505,0.007149843874013486,0.12949114993987706,592.0474853515625,0.004260965609044162,1,1,0.9966431417381969,0.01624661914424598,0.003350210526040793,0.9966431417381969,2.7317331313916507e-08,6.620418343340327e-06
2024-12-16,0.004260965609044162,0.0038446870964421714,0.004235414916663204,0.1963700501066607,594.5755615234375,-0.0041285016036246205,1,1,0.999889550673965,0.0008120420025382534,0.00010871131442466236,0.999889550673965,7.2857918046508094e-09,1.7307257408028172e-06
2024-12-17,-0.0041285016036246205,0.004018369984910694,0.003772970501945976,0.24406058993556595,592.1259155273438,-0.03025671371932146,1,1,0.9997093230125141,0.001929754860709106,0.00028750166877642954,0.9997093230125141,4.0467218650236495e-10,3.1749139290339884e-06
2024-12-18,-0.03025671371932146,0.008089187492364988,0.035000268592985016,0.6631325113852702,574.4784545898438,-0.00030709365322565676,3,3,0.9979137992607952,0.01079203184732638,1.451540898584691e-09,3.2355645339974625e-35,0.0020861992876886554,0.9979137992607952
2024-12-19,-0.00030709365322565676,0.008087617167203052,0.012199325562016033,-0.23102054619584333,574.3020629882812,0.011939452656685785,3,3,0.8552169757457699,0.30057518492455815,0.14431803433945423,1.766328038141309e-15,0.00046498991477948487,0.8552169757457699
2024-12-20,0.011939452656685785,0.00845864503722077,0.02510365599693229,0.3806201514012193,581.2000122070312,0.00597024574831461,3,3,0.9948557089304328,0.02366130159647384,0.00011764774057848326,2.8734150390684735e-18,0.005026643329015833,0.9948557089304328
2024-12-23,0.00597024574831461,0.008538873934281295,0.012847054124119494,-0.7798870603667604,584.6802978515625,0.01105378008050223,3,3,0.9505484182290949,0.1444455475109097,0.04882799058989738,9.10091073653791e-13,0.0006235911801900559,0.9505484182290949
2024-12-24,0.01105378008050223,0.008860304993971667,0.009762275522222107,-0.5527965564671371,591.1790771484375,6.658957764061234e-05,3,3,0.7950255612517895,0.3672781540454262,0.20472341234964056,1.6219306967097683e-10,0.00025102623637576115,0.7950255612517895
2024-12-26,6.658957764061234e-05,0.008790295858171827,0.007316930825168196,0.21755439521871994,591.2184448242188,-0.01058227626571189,0,0,0.7734453618732977,0.38655107394968224,0.7734453618732977,4.804247471756651e-09,8.988229848807478e-05,0.2264647510240095
2024-12-27,-0.01058227626571189,0.00909437715806354,0.011798153671423431,0.45501310946810797,584.9949951171875,-0.011477196948838099,0,0,0.9041351047396997,0.2283614702517886,0.9041351047396997,2.0229092698620968e-11,8.398143309256404e-05,0.09578091380690605
