Date,log_return,rolling_volatility_20,daily_range,volume_change,current_close,next_log_return,state_viterbi_past_only,state_posterior_argmax,posterior_confidence,posterior_entropy,p_state_0,p_state_1,p_state_2,p_state_3
2023-05-10,0.010823008134071867,0.010950854952253623,0.013563398731090534,0.6432756545630298,319.1224670410156,0.0032549039620568413,1,1,0.9996844909103385,0.002254560143667947,0.00010383948890699153,0.9996844909103385,2.022312561702721e-05,0.00019144647511347993
2023-05-11,0.0032549039620568413,0.010159737032187617,0.008062552987101974,-0.311261098720663,320.1628723144531,-0.0035932033428248103,1,1,0.9974421445608919,0.013206334755955949,0.00010371383708154403,0.9974421445608919,7.772540079933628e-06,0.002446369061941713
2023-05-12,-0.0035932033428248103,0.010193229621630995,0.013014217155999817,0.08967803821966662,319.0145263671875,0.005400341246497321,1,1,0.9985471290042205,0.00826064986965942,0.00013662348632081998,0.9985471290042205,8.938827741256591e-06,0.0013073086817344645
2023-05-15,0.005400341246497321,0.01024028551878845,0.00939443448068803,-0.3723521760606575,320.7419738769531,0.0011314165441288616,1,1,0.9979935067140929,0.010796020820186457,0.00011855369109259467,0.9979935067140929,7.432778215820424e-06,0.001880506816601646
2023-05-16,0.0011314165441288616,0.010236654909085572,0.008803046981827788,0.1815342448638773,321.1050720214844,0.012031713911364319,1,1,0.9977828951180926,0.011673516631645916,8.414808463965123e-05,0.9977828951180926,9.427667720164306e-06,0.002123529129550135
2023-05-17,0.012031713911364319,0.010502104268901163,0.014103596819948867,0.17107769768588574,324.9918518066406,0.01840299120981447,1,1,0.99940766008503,0.00395192878426413,0.0003183670213708864,0.99940766008503,2.157133939890172e-05,0.0002524015542071496
2023-05-18,0.01840299120981447,0.010863277687160925,0.01776022305421365,0.30177643232725554,331.0280456542969,-0.002256135286568632,1,1,0.9983428967032191,0.00921334844024013,0.0015157891615449517,0.9983428967032191,0.00013564934030694926,5.664794909962605e-06
2023-05-19,-0.002256135286568632,0.010922842867873353,0.008261266228701812,-0.04228400942906823,330.28204345703125,0.003352506549768903,1,1,0.9994945400461183,0.003412480683796974,0.00020193663084548948,0.9994945400461183,1.1471682733541916e-05,0.00029205164030392385
2023-05-22,0.003352506549768903,0.010855775349115193,0.007197082952059458,-0.3583596447465699,331.39117431640625,-0.012757397759650901,1,1,0.9994008874537403,0.003918156183340215,0.00015836471847903295,0.9994008874537403,8.333178208177922e-06,0.000432414649567007
2023-05-23,-0.012757397759650901,0.01024818605473636,0.012179018889480713,0.11413561928939042,327.1903381347656,-0.00514258078157867,1,1,0.9995587268143186,0.003042230499656001,0.0001961709002408249,0.9995587268143186,1.7829870837753818e-05,0.00022727241458848124
2023-05-24,-0.00514258078157867,0.010413640211522253,0.010101028690388869,0.26570081523065836,325.5120544433594,0.024041211419031094,1,1,0.9990516815399001,0.005694262248346942,8.88956092487031e-05,0.9990516815399001,8.992992237641824e-06,0.0008504298586074937
2023-05-25,0.024041211419031094,0.010092805818150093,0.012775215831555043,0.0612365093589301,333.4325866699219,0.025229747441085616,1,1,0.9986330860101135,0.00792907369697426,0.0011773570010154648,0.9986330860101135,0.00017100615587359793,1.8550832989648694e-05
2023-05-26,0.025229747441085616,0.01123927661250627,0.024655558232997157,-0.05939692733700759,341.9520263671875,0.004524831743878103,1,1,0.8841032815296211,0.2903708169524306,0.10130455793197636,0.8841032815296211,0.01459216016810553,3.702721001867383e-10
2023-05-30,0.004524831743878103,0.011177847132773401,0.015429435187643685,0.14243784040234542,343.5028076171875,-0.005702490653622337,1,1,0.9956386437891052,0.02079080914278335,0.004207867374145349,0.9956386437891052,5.8540456994358234e-05,9.494837976678317e-05
2023-05-31,-0.005702490653622337,0.011011872560493498,0.011753201105399522,-0.10967617664943123,341.549560546875,0.011485980966669918,1,1,0.9994062197105211,0.003912701118417079,0.00040754011602431295,0.9994062197105211,1.413537148738701e-05,0.00017210480194158558
2023-06-01,0.011485980966669918,0.010813310056743226,0.019033497638075977,-0.254259926859809,345.4952087402344,0.007471848041913014,1,1,0.9982456752380205,0.009575954000972007,0.0016617538195197186,0.9982456752380205,8.444750615946917e-05,8.123436300848924e-06
2023-06-02,0.007471848041913014,0.010624163127616357,0.010771117643824362,0.05554056929666223,348.0863647460937,0.0007044628157862461,1,1,0.9991669089802604,0.005236415998023873,0.00020448065233214118,0.9991669089802604,1.0970066621223175e-05,0.0006176403007629863
2023-06-05,0.0007044628157862461,0.010040851501332696,0.010284570186690363,-0.12149268519949923,348.3316650390625,-0.0001691029321308749,1,1,0.9968508069640474,0.015747488284128516,0.00011322513829185331,0.9968508069640474,8.330866960679128e-06,0.0030276370306726703
2023-06-06,-0.0001691029321308749,0.010089335415349341,0.008144557203989853,-0.13274648243649706,348.27276611328125,-0.01711091011215326,1,1,0.9970439801520299,0.014912603624501326,0.00010223828219868816,0.9970439801520299,9.136773905729877e-06,0.0028446447918380265
2023-06-07,-0.01711091011215326,0.010953428874116293,0.02562927083794468,0.5143261001719032,342.3641967773437,0.012336999114001936,1,1,0.9970858476287972,0.014767896042688033,0.0027783585451220966,0.9970858476287972,0.0001357415278545026,5.229824753556275e-08
2023-06-08,0.012336999114001936,0.01100775310704172,0.013393686961627007,-0.38395834965695386,346.6141052246094,0.003815442132367592,1,1,0.9993231108955714,0.004261281184205955,0.0005963125267301875,0.9993231108955714,1.8756714623941933e-05,6.181986308599307e-05
2023-06-09,0.003815442132367592,0.011006116248806694,0.013060662574929478,0.1205834035741233,347.9391174316406,0.01675589902185525,1,1,0.9994706444097111,0.0035589367055269207,0.0002632338392399551,0.9994706444097111,1.0497983983685573e-05,0.0002556237670571185
2023-06-12,0.01675589902185525,0.011190696914542778,0.014951827448398887,-0.1761205356558018,353.8182678222656,0.007654486501702762,1,1,0.9986076783998427,0.007802864617353095,0.0013336670335628393,0.9986076783998427,4.94101716345521e-05,9.244394946718884e-06
2023-06-13,0.007654486501702762,0.011204404029904774,0.011231587465127328,0.24688599870573172,356.5369567871094,0.00724128489295296,1,1,0.9995909763992161,0.002829583554543412,0.0002443347631970443,0.9995909763992161,1.3579653218767908e-05,0.00015110918434473736
2023-06-14,0.00724128489295296,0.011168285297909085,0.015769306121672967,0.19692944304896784,359.12811279296875,0.011845444594334469,1,1,0.9994318188122734,0.003685388581211358,0.000477447808263812,0.9994318188122734,1.8169636972624455e-05,7.25637424995666e-05
2023-06-15,0.011845444594334469,0.011162711826724172,0.02103920980360481,0.02293786815872236,363.4074401855469,-0.00631289338549524,1,1,0.9961760886469792,0.018597223034472136,0.0036621473743302284,0.9961760886469792,0.00016016612608836785,1.5978526006242868e-06
2023-06-16,-0.00631289338549524,0.011036524034869846,0.014595154578549192,0.12897639768622293,361.1205139160156,-0.0014324222000000385,1,1,0.9994529363623939,0.003594194530006413,0.0004295711558761164,0.9994529363623939,1.3619459671808167e-05,0.00010387302207698596
2023-06-20,-0.0014324222000000385,0.011012082214703785,0.01207411488001051,-0.49762014852595354,360.6036071777344,-0.013721458107389969,1,1,0.9994708746256962,0.003564499972709658,0.00027398225665315807,0.9994708746256962,1.3969942536588655e-05,0.00024117317508904874
2023-06-21,-0.013721458107389969,0.011734969956860651,0.014423877614643671,0.08141514894449471,355.6893920898437,0.01172975995828326,1,1,0.9986823239119162,0.007413647843702516,0.0012692448520107897,0.9986823239119162,4.4141520507621484e-05,4.289715584688676e-06
2023-06-22,0.01172975995828326,0.01121105830130665,0.016686198015961617,-0.11450851187403613,359.8861083984375,-0.009962759755308083,1,1,0.9986233969591354,0.007730741435519727,0.0013193177392768738,0.9986233969591354,4.123830899443116e-05,1.6046992593283644e-05
2023-06-23,-0.009962759755308083,0.011483689876018534,0.011198757276165905,0.027349805058391987,356.3184509277344,-0.013496207146612222,1,1,0.9993987198193365,0.0037947875873993115,0.0005533802913523527,0.9993987198193365,2.2434677919708697e-05,2.5465211371988036e-05
2023-06-26,-0.013496207146612222,0.011189223823730094,0.020269515065025615,0.07409468585388983,351.54180908203125,0.017048007703791716,1,1,0.9974418535556736,0.01317415469290304,0.002455286891391248,0.9974418535556736,0.00010111595230200946,1.7436006190389442e-06
2023-06-27,0.017048007703791716,0.010444829422595793,0.01665612451487734,-0.06382118698906118,357.5862731933594,0.0019494721733439985,1,1,0.9985705204431217,0.008070895569852448,0.001335161543904759,0.9985705204431217,7.417018026420203e-05,2.014783271735329e-05
2023-06-28,0.0019494721733439985,0.01043098355886189,0.012673492645233706,-0.06110978746904022,358.2840576171875,-0.0020045200908632246,1,1,0.9988491747151218,0.006870802107850927,0.00020164312780117567,0.9988491747151218,9.41135200416412e-06,0.0009397708050451502
2023-06-29,-0.0020045200908632246,0.010317432952799847,0.007558890680449473,-0.007490671729157626,357.56658935546875,0.015302474526040525,1,1,0.9986126510720581,0.007909139309987464,0.00011080425895244859,0.9986126510720581,1.083264725752253e-05,0.0012657120217458406
2023-06-30,0.015302474526040525,0.010529552850145198,0.008824587541423469,0.24073402216663753,363.080322265625,0.0023523642694833623,1,1,0.9995162551701651,0.0033278308658686397,0.00022362834473135438,0.9995162551701651,3.5095089841239945e-05,0.0002250213952627621
2023-07-03,0.0023523642694833623,0.010463894476734896,0.005293125414806877,-1.1056851453696515,363.9354248046875,-2.7085330406403e-05,1,1,0.9983232095678528,0.00902454694713403,1.641075603222514e-05,0.9983232095678528,3.797038893721148e-06,0.0016565826372185505
2023-07-05,-2.7085330406403e-05,0.010470770470834246,0.009047224031974721,0.5728578420126491,363.9255676269531,-0.0076450095039975715,1,1,0.9987487467637742,0.007087735658917457,3.3969864481021245e-05,0.9987487467637742,9.654678612934097e-06,0.0012076286931261683
2023-07-06,-0.0076450095039975715,0.010690544168644662,0.009225534009875816,0.359612799257349,361.1539611816406,-0.0033255359118292698,1,1,0.999633214104363,0.002537405077129581,8.800150021665285e-05,0.999633214104363,1.1280445510155453e-05,0.0002675039499025222
2023-07-07,-0.0033255359118292698,0.009814529626238038,0.012205115060871838,-0.04644990313999295,359.9549255371094,0.00032745795397254497,1,1,0.996879121753501,0.01564009261458468,0.0001156710397269421,0.996879121753501,9.603929155009361e-06,0.002995603277607045
2023-07-10,0.00032745795397254497,0.009545021762434837,0.009935539568729015,0.028550811255834137,360.07281494140625,0.004928479364731912,1,1,0.9899663806839506,0.040877257306347205,7.481513963035172e-05,0.9899663806839506,8.834934769649832e-06,0.009949969241635314
2023-07-11,0.004928479364731912,0.009559981583062963,0.010891733762592531,-0.2383344979134465,361.851806640625,0.01255091258169018,1,1,0.9915065303023827,0.03575380789095441,9.857070271366892e-05,0.9915065303023827,8.921101465813051e-06,0.008385977893439586
2023-07-12,0.01255091258169018,0.009258962825891236,0.010434028678762917,0.48353297465998035,366.4219970703125,0.016836023461606165,1,1,0.9893627557012815,0.042941319942731815,6.454037154005977e-05,0.9893627557012815,3.343373975902416e-05,0.010539270187370999
2023-07-13,0.016836023461606165,0.009780075080219969,0.011947774897060018,-0.2774413565959943,372.643310546875,-0.0002107377224512185,1,1,0.9991452258808206,0.005443408139454812,0.0002963065787943928,0.9991452258808206,2.478504226753626e-05,0.0005336824981400777
2023-07-14,-0.0002107377224512185,0.009720041516646297,0.012345985135612147,0.1607333712603725,372.5647888183594,0.00929505998225202,1,1,0.9948360400783198,0.023685380292814206,8.435117950219426e-05,0.9948360400783198,8.044231932306075e-06,0.005071564510222631
2023-07-17,0.00929505998225202,0.009597782933183101,0.010951105830539817,-0.2996601641735236,376.0439453125,0.008147557346398179,1,1,0.9955091563825993,0.021197538241303042,0.0001207640543756127,0.9955091563825993,1.0408160806321922e-05,0.004359671402239819
2023-07-18,0.008147557346398179,0.009505893803991122,0.018483966047907866,0.301716128777982,379.1203002929688,-0.00023346496569774433,1,1,0.999155617176125,0.005366636638958002,0.000243121512440057,0.999155617176125,2.8005028496003107e-05,0.0005732562829195712
2023-07-19,-0.00023346496569774433,0.009483995307964255,0.009542391421240642,-0.021380723922330997,379.0317993164063,-0.023321649118665213,1,1,0.9894174128753374,0.042689611242552175,7.479030434952397e-05,0.9894174128753374,9.160104940790955e-06,0.010498636715424297
2023-07-20,-0.023321649118665213,0.010532750942324615,0.022242288633619944,0.2851512813293811,370.29443359375,-0.0030037300106597865,1,1,0.996481025922304,0.01756800460507741,0.0032459586527631584,0.996481025922304,0.00027292320804301495,9.221691688575686e-08
2023-07-21,-0.0030037300106597865,0.010330608052941644,0.012592207557550462,-0.17321931534703086,369.183837890625,0.0015959264239471895,1,1,0.9988432076284401,0.0069384249467957584,0.00023077294775833597,0.9988432076284401,1.156402857216649e-05,0.0009144553952735353
2023-07-24,0.0015959264239471895,0.009986399072491202,0.008611727240687183,-0.4042996640895646,369.77349853515625,0.006754948173023041,1,1,0.9961535698964785,0.018543756638112852,8.940593590835799e-05,0.9961535698964785,7.627434688257695e-06,0.0037493967329635695
2023-07-25,0.006754948173023041,0.009354843653921462,0.009345816981705175,-0.037486807962693304,372.2797546386719,-0.0033322492613651563,1,1,0.9866869635614346,0.051450678280993076,8.476144793489966e-05,0.9866869635614346,1.1069773206525813e-05,0.013217205217434224
2023-07-26,-0.0033322492613651563,0.008823604378618066,0.010754390964041537,0.19090666292870273,371.0412902832031,-0.002386570729246136,1,1,0.9587931494107151,0.12422274289105023,4.527711609985937e-05,0.9587931494107151,1.0181961170299555e-05,0.04115139151201087
2023-07-27,-0.002386570729246136,0.008874075234843041,0.024958828576160733,0.30619132723810377,370.1568298339844,0.01805051278766343,1,1,0.9991997574381197,0.005006816281437991,0.0006581157136220006,0.9991997574381197,0.0001205720347521297,2.1554813522798667e-05
2023-07-28,0.01805051278766343,0.009549171897051845,0.011213068920878,-0.1166019651176239,376.8990173339844,0.0005213929266234797,1,1,0.9989958193150722,0.006283390954807971,0.0003231812706007289,0.9989958193150722,3.696226437977116e-05,0.0006440371499184332
2023-07-31,0.0005213929266234797,0.00907732831209698,0.0066201224807368115,-0.25670450204056505,377.0955810546875,-0.002322170567729101,1,1,0.9754869200036158,0.08341542599621543,6.000002991244293e-05,0.9754869200036158,1.1492893045807312e-05,0.024441587073480934
2023-08-01,-0.002322170567729101,0.009124953658434812,0.0074975706082219705,-0.06959278015521693,376.2209167480469,-0.022188700398027037,1,1,0.9695597665143444,0.09869271560908764,6.083909657666612e-05,0.9695597665143444,1.2391106395010048e-05,0.03036700328264673
2023-08-02,-0.022188700398027037,0.010571531660122117,0.01637331297034923,0.5711149030084491,367.9649963378906,-0.0016036934278393319,1,1,0.9997273137651574,0.001887271101990732,0.00024332014645158447,0.9997273137651574,2.4905051375352492e-05,4.46103705803353e-06
2023-08-03,-0.0016036934278393319,0.010410067142290555,0.011182811465804814,-0.42193718008372894,367.3753662109375,-0.004693024406263339,1,1,0.9988053800883518,0.007036010930220866,0.00015535882886267207,0.9988053800883518,1.0496092421899727e-05,0.001028764990349307
2023-08-04,-0.004693024406263339,0.010443401056005592,0.017659410744329817,0.2581025635863095,365.6553039550781,0.008431203625436269,1,1,0.9995535264506092,0.0030599665011597187,0.0002550747188882116,0.9995535264506092,1.2642785832184454e-05,0.00017875604471886137
2023-08-07,0.008431203625436269,0.010580989620064686,0.010074892067219196,-0.5052036789063182,368.7512512207031,-0.008538622366954782,1,1,0.9992389344991823,0.004794284569646125,0.0001512283136410298,0.9992389344991823,7.6258174513540045e-06,0.0006022113696856173
2023-08-08,-0.008538622366954782,0.010757647932296133,0.010322570800781097,0.1834405352713884,365.6160278320313,-0.011055329384607623,1,1,0.9996186296113365,0.002662695297825535,0.00016235590301357254,0.9996186296113365,1.2458352886851878e-05,0.00020655613275417968
2023-08-09,-0.011055329384607623,0.010662464613481503,0.014432870826395192,0.1342139204288235,361.5962829589844,0.0018465002339781043,1,1,0.9995805983907846,0.0028684257086372365,0.00030302890051727127,0.9995805983907846,1.6743028853390165e-05,9.96296798532111e-05
2023-08-10,0.0018465002339781043,0.00986468016598661,0.019859401718353525,0.3423761890961943,362.26458740234375,-0.006396032501816468,1,1,0.9995088066479281,0.0033477653597391178,0.00025128875706963307,0.9995088066479281,1.938060811159844e-05,0.0002205239869366273
2023-08-11,-0.006396032501816468,0.009921817545818229,0.00903778300254831,-0.39132941354374146,359.9549255371094,0.01115962427992645,1,1,0.997768390660052,0.011820579861702494,0.00011372163393637885,0.997768390660052,1.4025128887780554e-05,0.0021038625771773087
2023-08-14,0.01115962427992645,0.010038851218385431,0.015579826970649658,-0.14504779844851717,363.994384765625,-0.010668265700891551,1,1,0.9992901486545256,0.00464088088758636,0.00038369205047664905,0.9992901486545256,2.474176250721648e-05,0.0003014175324948078
2023-08-15,-0.010668265700891551,0.009955799733856402,0.012090014276016251,0.07780980010672799,360.1318359375,-0.010645319267985976,1,1,0.999117303302684,0.005452977976491905,0.00014756661189262982,0.999117303302684,1.4454161988674592e-05,0.000720675923399172
2023-08-16,-0.010645319267985976,0.010098434891254685,0.013763971194248749,0.15529094421182987,356.3184509277344,-0.010983160378404631,1,1,0.9993956048136416,0.003965090224848628,0.0001644077093067218,0.9993956048136416,1.3261367719617594e-05,0.00042672610938134756
2023-08-17,-0.010983160378404631,0.009127615515241135,0.01715096805952094,0.16295415686959142,352.4263610839844,-0.001255777309597678,1,1,0.9991357522338049,0.005379817196840082,0.000154614894459654,0.9991357522338049,2.0277624945380584e-05,0.0006893552468332145
2023-08-18,-0.001255777309597678,0.009130632532258749,0.013123759927820599,-0.022827309074643864,351.98406982421875,0.015983168779526335,1,1,0.989313006356637,0.04308408005056151,8.766532128336361e-05,0.989313006356637,1.0596901846811827e-05,0.010588731420273405
2023-08-21,0.015983168779526335,0.00998737477106994,0.014949168817391414,-0.18814978208455735,357.65509033203125,-0.0014300759622530496,1,1,0.9992727071231641,0.0046961677520208425,0.0005264090986723434,0.9992727071231641,3.914283976472858e-05,0.00016174093843109643
2023-08-22,-0.0014300759622530496,0.009789891998980673,0.010677540950729298,-0.12968926400597347,357.1439819335937,0.015645377670803384,1,1,0.9954231217399949,0.021484309708387914,0.0001044321815539466,0.9954231217399949,8.978676361901857e-06,0.004463467402136613
2023-08-23,0.015645377670803384,0.010551711806719667,0.015876069739915583,0.1506548098927597,362.7755737304688,-0.02160728530851126,1,1,0.9991937377605485,0.0049965872824315055,0.0007039087148840062,0.9991937377605485,4.96041226625851e-05,5.274940185846537e-05
2023-08-24,-0.02160728530851126,0.01150477889052035,0.032473230798709445,0.25551668521014215,355.02105712890625,0.007721546865077434,1,1,0.6194706182319033,0.5810529889800181,0.334078005245469,0.6194706182319033,0.04645137652163431,1.0035026746602419e-12
2023-08-25,0.007721546865077434,0.010760998309070359,0.019669259596182393,0.04559169128540112,357.7729797363281,0.00749891320684221,1,1,0.9529364868791657,0.1396921062833854,0.04632637801948561,0.9529364868791657,0.0007196422060258602,1.749289532532326e-05
2023-08-28,0.00749891320684221,0.01097856319157259,0.00943393871455398,-0.536556265124664,360.4659729003906,0.021604874193642768,1,1,0.9988903924497728,0.0067387805095413785,0.0008151572835977804,0.9988903924497728,9.345326059870116e-06,0.00028510494060078064
2023-08-29,0.021604874193642768,0.012205940619556715,0.023747883121344855,0.35752229932696555,368.3385314941406,0.00556127445136348,1,1,0.9469291107747632,0.15973466973903488,0.0491532157394541,0.9469291107747632,0.0039176711679485485,2.3178170823661754e-09
2023-08-30,0.00556127445136348,0.01121455597048288,0.009526155588314232,-0.3376405919477825,370.3926696777344,0.0029940236957474134,1,1,0.9985221466023001,0.008472513432165448,0.0012806881125242908,0.9985221466023001,1.6485657117471814e-05,0.00018067962810930922
2023-08-31,0.0029940236957474134,0.011219979900234253,0.007539898349552752,-0.1552459760972876,371.5032958984375,-0.0010589319060116658,1,1,0.9995817600255849,0.002881003813813122,0.0002493969699322022,0.9995817600255849,1.0744609677214859e-05,0.00015809839476600053
2023-09-01,-0.0010589319060116658,0.011159718357900748,0.012579782425563546,0.10788679936643332,371.110107421875,0.0012706002190248707,1,1,0.9995411566286423,0.0031294092684578446,0.0002641713327075429,0.9995411566286423,1.0109310675872184e-05,0.00018456272792765813
2023-09-05,0.0012706002190248707,0.011013904352583707,0.009204673523186399,-0.20746234674320033,371.5819396972656,-0.008847087538278422,1,1,0.9994539693571746,0.003648118800367672,0.00021626611442972167,0.9994539693571746,9.383727912586462e-06,0.00032038080053551786
2023-09-06,-0.008847087538278422,0.011027262168264685,0.013155768811056994,0.2847351668319743,368.30902099609375,-0.0071773893688174785,1,1,0.9996826565912997,0.0022446975878809795,0.00021083880333776312,0.9996826565912997,1.1127425010987537e-05,9.537718039337425e-05
2023-09-07,-0.0071773893688174785,0.010848493752128043,0.00994466546070585,0.19124046282143106,365.6749877929688,0.0013968196669954089,1,1,0.9996243249319752,0.0026254802036190443,0.0001572192330858564,0.9996243249319752,1.17709049056601e-05,0.0002066849299970532
2023-09-08,0.0013968196669954089,0.010846154633344592,0.008722959142008638,-0.3744596588009982,366.1861267089844,0.011713839260318576,1,1,0.9993205805151277,0.004371708678681243,0.00016999050226904018,0.9993205805151277,8.496215875390075e-06,0.0005009327667815892
2023-09-11,0.011713839260318576,0.010991743427992539,0.010159924025422113,0.10934250997372155,370.5007934570313,-0.011150543100661551,1,1,0.9995541316810976,0.0030548175040437087,0.00028231828304534854,0.9995541316810976,1.7658442146245e-05,0.00014589159375082259
2023-09-12,-0.011150543100661551,0.011085516447614801,0.011937047949328481,0.03577026922144188,366.3924560546875,0.003801958629320927,1,1,0.9995258081962786,0.003136686131658127,0.00040246096391868705,0.9995258081962786,2.1022153697913842e-05,5.070868614981256e-05
2023-09-13,0.003801958629320927,0.01079852921124623,0.01058227077176666,0.11209361387439123,367.7881164550781,0.008143865063723294,1,1,0.9992914651211494,0.004530765521884359,0.00016691576516587623,0.9992914651211494,9.385358711269988e-06,0.0005322337549307142
2023-09-14,0.008143865063723294,0.010541591789768255,0.011609654869938911,0.03686442777338318,370.7955627441406,-0.017271095271857714,1,1,0.9991468622034766,0.005341740439160431,0.00020154658963204955,0.9991468622034766,1.1359436719523555e-05,0.0006402317701375767
2023-09-15,-0.017271095271857714,0.01103130555289927,0.017421380262638477,0.37377294780718767,364.4465026855469,0.001041896263260709,1,1,0.9993723521878973,0.003894758162314975,0.0005939013730142361,0.9993723521878973,2.969668183391586e-05,4.049757237015985e-06
2023-09-18,0.001041896263260709,0.011011102035602323,0.007446203362532209,-0.6374880578520441,364.826416015625,-0.002133666061168528,1,1,0.9995071521285964,0.003295970168661698,0.0001309335481495437,0.9995071521285964,7.882029984433844e-06,0.00035403229332406214
2023-09-19,-0.002133666061168528,0.010516267823182436,0.01049018556258715,0.0192746140843795,364.048828125,-0.014515250796218595,1,1,0.9989505513124491,0.006287350838271353,0.0001432775972126272,0.9989505513124491,8.947139195887161e-06,0.0008972239511497348
2023-09-20,-0.014515250796218595,0.011060878659485338,0.018790821152547117,0.1904433535983864,358.802734375,-0.018494500077165278,1,1,0.9987970377628331,0.006868503838420336,0.0011500209995404503,0.9987970377628331,4.8631496529945444e-05,4.309741051105998e-06
2023-09-21,-0.018494500077165278,0.01119052549641903,0.010926071151174329,0.4266751106265681,352.22784423828125,0.00013974310942148016,1,1,0.9996512332567206,0.0023486837971309193,0.00031141656397323347,0.9996512332567206,3.3691070946902656e-05,3.6591083925765412e-06
2023-09-22,0.00013974310942148016,0.010138500164919408,0.011762709653269964,-0.3013774356470492,352.2770690917969,0.004738476611179079,1,1,0.9980174027696812,0.01074222687437097,0.00014292534180225644,0.9980174027696812,9.471002567687128e-06,0.0018302008859323712
2023-09-25,0.004738476611179079,0.010034324954643402,0.010483634172628292,-0.275461953269348,353.9502868652344,-0.01513012521479103,1,1,0.9970606375811507,0.014881892165769904,0.00012106301376560746,0.9970606375811507,8.14720999424593e-06,0.0028101521951113765
2023-09-26,-0.01513012521479103,0.010351304696615566,0.012224435205952948,0.31476489472160807,348.6352844238281,0.0023407291337913284,1,1,0.999725359472569,0.0019932932411136648,0.0001558849487006064,0.999725359472569,1.7004517993543012e-05,0.00010175106069120531
2023-09-27,0.0023407291337913284,0.008860637171055378,0.015829274164898925,0.0439045865821543,349.4523010253906,0.008330260512617678,1,1,0.9934256468742574,0.0290681689665125,0.00011975508298650509,0.9934256468742574,1.6112247271313205e-05,0.0064384857954530045
2023-09-28,0.008330260512617678,0.009015669667950687,0.019357065457181456,0.0068841795065068935,352.37548828125,0.0007260948197789156,1,1,0.999164811786354,0.005412454002413197,0.0004109651273236897,0.999164811786354,5.836431392912594e-05,0.00036585877234903606
2023-09-29,0.0007260948197789156,0.008957091318072556,0.016551827881774204,0.13834854148470718,352.6314392089844,0.008310999499725467,1,1,0.9953024101725507,0.02201936994908136,0.00011921239823045843,0.9953024101725507,1.4989653285768718e-05,0.004563387775957889
2023-10-02,0.008310999499725467,0.009281479280504412,0.013176048052301909,-0.2277543008595118,355.5743713378906,-0.017705640121995048,1,1,0.9949008528555311,0.02361209162820116,0.00013779232426225428,0.9949008528555311,1.4128038714778451e-05,0.0049472267814501675
2023-10-03,-0.017705640121995048,0.009866186199320013,0.021779586086660734,0.15827994165108591,349.3341064453125,0.013516974907163384,1,1,0.9986310055808728,0.007827316940977595,0.0012321171364310316,0.9986310055808728,0.0001346915532409635,2.1857294619111607e-06
2023-10-04,0.013516974907163384,0.0104302146050391,0.014760243387334955,-0.09884046620895702,354.0881042480469,-0.002950890156791467,1,1,0.9992978507564296,0.004499339816253232,0.0005517323524179568,0.9992978507564296,2.7925674946909622e-05,0.0001224912162130788
2023-10-05,-0.002950890156791467,0.010361721874915457,0.013967434871188749,-0.17703899318551114,353.0447692871094,0.016616743928470235,1,1,0.999135949137931,0.005434155901490554,0.00024076122399392178,0.999135949137931,1.309043773594573e-05,0.000610199200393828
2023-10-06,0.016616743928470235,0.011135578844552707,0.03032628787606198,0.49173409542029306,358.9602355957031,0.005087099450856395,1,1,0.8978498750712209,0.2734024429100717,0.08303844044225506,0.8978498750712209,0.01911168435093323,1.3555650372644224e-10
2023-10-09,0.005087099450856395,0.010831928672306425,0.017268623457074833,-0.5047295788617399,360.79095458984375,0.005522684636729149,1,1,0.9946590961559497,0.02476600900073168,0.00511063464508916,0.9946590961559497,0.00018673064855823305,4.353855036635925e-05
2023-10-10,0.005522684636729149,0.010676652779098107,0.013266730457808386,0.03607056434977609,362.78900146484375,0.007109920861756357,1,1,0.9992099420852659,0.005067389803303045,0.00033368502624482534,0.9992099420852659,1.1417586370928447e-05,0.00044495530209460093
2023-10-11,0.007109920861756357,0.010771907426353974,0.008674104870735846,-0.20625282602533088,365.3775939941406,-0.0034812942139961626,1,1,0.9993369416058171,0.004297734722386349,0.0001900538537001806,0.9993369416058171,9.147806705089338e-06,0.0004638567337483904
2023-10-12,-0.0034812942139961626,0.010602981521585498,0.01686803005411873,0.2605161268920017,364.1078186035156,-0.012649523232876613,1,1,0.9995443093075123,0.003116494405979974,0.0002415376824446299,0.9995443093075123,1.1151029426036471e-05,0.00020300198066980645
2023-10-13,-0.012649523232876613,0.010272868030834858,0.019984719489000997,0.05649281948889831,359.5310363769531,0.011242794541174923,1,1,0.9990300912543916,0.005769368295308026,0.0008944142357312102,0.9990300912543916,6.30123288031762e-05,1.2482181111392954e-05
2023-10-16,0.011242794541174923,0.010610492746746473,0.010855173725324616,-0.17148999619403446,363.5959777832031,-0.0032805955910173165,1,1,0.9993647249385813,0.00418418114326889,0.0002735071913396331,0.9993647249385813,1.2605477875528386e-05,0.0003491623921962032
2023-10-17,-0.0032805955910173165,0.010624760305566099,0.01700165550810771,0.14305830985798382,362.4051208496094,-0.01320462449911677,1,1,0.9994879396590582,0.0034413517151205128,0.0003362422646610295,0.9994879396590582,1.4268038532514586e-05,0.00016155003779002095
2023-10-18,-0.01320462449911677,0.01053565852926793,0.016209413896538044,0.06235706091039876,357.6511535644531,-0.009401010119831361,1,1,0.9994198736989084,0.003730416270344245,0.00050745542098746,0.9994198736989084,3.0305806555523496e-05,4.2365073536390985e-05
2023-10-19,-0.009401010119831361,0.009878533479434914,0.019057102892739493,0.2863021725866467,354.3046264648437,-0.015030234983018205,1,1,0.9996115679574282,0.0027027368209633818,0.0002467387742435473,0.9996115679574282,1.7547152845717667e-05,0.00012414611544979914
2023-10-20,-0.015030234983018205,0.010456484337881457,0.015989885307783024,0.003942452282126043,349.0191650390625,0.0030129458884896113,1,1,0.9993275705900716,0.004231080312408086,0.0005990188468943543,0.9993275705900716,4.343968370179308e-05,2.9970879336310045e-05
2023-10-23,0.0030129458884896113,0.010418343693260872,0.02288642376676324,-0.17903944899669264,350.07232666015625,0.009681113550281518,1,1,0.9972341812859413,0.014304774114535762,0.0025483953092658457,0.9972341812859413,0.00021456937634483806,2.8540284717574962e-06
2023-10-24,0.009681113550281518,0.010062052175048979,0.011472155100301055,-0.2534773359671816,353.4778747558594,-0.024780453866715648,1,1,0.9984814029004843,0.008684547532679185,0.00020523089095051525,0.9984814029004843,1.1261495349048647e-05,0.0013021047132186216
2023-10-25,-0.024780453866715648,0.011545970785845898,0.020351672539083605,0.4134664962243801,344.826171875,-0.01925129383112556,1,1,0.9953174696348612,0.022113988555468252,0.004468967642256939,0.9953174696348612,0.0002135413378256594,2.1385081060987105e-08
2023-10-26,-0.01925129383112556,0.012050997829006187,0.022464066631080883,0.09928454445944707,338.2513122558594,0.004789833851510286,1,1,0.9700398138632041,0.09995818186841994,0.029081270090254085,0.9700398138632041,0.000878900476259382,1.5570321699665354e-08
2023-10-27,0.004789833851510286,0.012134158051933835,0.013784743561666792,-0.2139710175790944,339.8753662109375,0.011202225689634086,1,1,0.99599106825378,0.01903161348242849,0.003967465809500526,0.99599106825378,2.8814860774295133e-05,1.265107595619904e-05
2023-10-30,0.011202225689634086,0.012277857246974744,0.011712474784983044,-0.13792712604337554,343.7041320800781,0.00477093299588587,1,1,0.9983174929024226,0.009088957148337077,0.0016507255381590553,0.9983174929024226,2.6503155678983028e-05,5.278403741597573e-06
2023-10-31,0.00477093299588587,0.011752933107958087,0.01319578461323294,-0.14840365761136173,345.34783935546875,0.01720799881578766,1,1,0.999156089087347,0.0050834847250701915,0.0007909188308961373,0.999156089087347,1.658629685947495e-05,3.640578493791435e-05
2023-11-01,0.01720799881578766,0.012011965054448024,0.016556487571669845,0.2130715816620353,351.3420104980469,0.017990508261296584,1,1,0.9967094818782297,0.016322514794013088,0.0031671768218729996,0.9967094818782297,0.00012235618517084004,9.851147046441917e-07
2023-11-02,0.017990508261296584,0.012671531501980464,0.009300035384402749,-0.014174609588698478,357.72003173828125,0.011680341359942021,1,1,0.9969234759027703,0.015317821021106053,0.002997690563662717,0.9969234759027703,7.851604163220756e-05,3.17491900660156e-07
2023-11-03,0.011680341359942021,0.01238924939790837,0.012237905155073137,-0.08766868727593564,361.9228210449219,0.004070968176273948,1,1,0.9980290872360794,0.010414493540265768,0.0019348790510407073,0.9980290872360794,3.259077149344958e-05,3.442941396151128e-06
2023-11-06,0.004070968176273948,0.012371134235125007,0.007773340872701418,-0.31589579635215687,363.3992004394531,0.009408346429642745,1,1,0.9991467125239879,0.0050564163435101155,0.000828555222136387,0.9991467125239879,1.728825875460665e-05,7.4439951475623025e-06
2023-11-07,0.009408346429642745,0.012486450270487595,0.012154544220353948,0.26777675948503626,366.8343200683594,0.0006436135591925662,1,1,0.9989904195078325,0.005871653982372781,0.0009739622082499732,0.9989904195078325,3.169369355381617e-05,3.924590416018787e-06
2023-11-08,0.0006436135591925662,0.012391126701235714,0.008500062763399657,-0.3533264208911236,367.0704956054688,-0.007725367760299719,1,1,0.9991075144925408,0.005265484189152049,0.0008646608336141202,0.9991075144925408,1.9530303067951392e-05,8.29437079063111e-06
2023-11-09,-0.007725367760299719,0.012493963910169,0.014132408369338635,0.41225199451458855,364.2456665039063,0.022233315901535867,1,1,0.9992023575360218,0.004764130498109601,0.0007734755910882451,0.9992023575360218,2.1399111989815367e-05,2.7677609301066177e-06
2023-11-10,0.022233315901535867,0.013054606853076158,0.019186578621453003,0.07939322795594708,372.4347534179688,-0.003123455416022145,1,1,0.9473914400223563,0.15368100139289875,0.05107814170719108,0.9473914400223563,0.0015304147991164277,3.4712900352307563e-09
2023-11-13,-0.003123455416022145,0.01289986919200333,0.008059194119421699,-0.3587193255707342,371.2732849121094,0.021298086804494614,1,1,0.9911654037943705,0.03674045003770364,0.00877613344499183,0.9911654037943705,5.709860019209558e-05,1.364160424005934e-06
2023-11-14,0.021298086804494614,0.0136169574382005,0.007993193359391094,0.5094021947328357,379.2655029296875,0.0007523055849475292,1,1,0.9922164753015282,0.03502913219410233,0.006768915847163347,0.9922164753015282,0.0010146059188627112,2.932447266398409e-09
2023-11-15,0.0007523055849475292,0.013130931093709462,0.009102250428062814,-0.22485390171068426,379.5509338378906,0.0008555391251840941,1,1,0.9965616445288122,0.016726402633118385,0.0033919999790115226,0.9965616445288122,4.540363895362017e-05,9.518532079618099e-07
2023-11-16,0.0008555391251840941,0.012818866401598312,0.0068143666268412235,-0.17733230610593917,379.8757934570313,0.00023302663914779884,1,1,0.998416854877639,0.00862652132556599,0.0015495248430968849,0.998416854877639,3.229681866229307e-05,1.323460545710727e-06
2023-11-17,0.00023302663914779884,0.01209235482059796,0.0072013229659159406,0.02673051832929196,379.9643249511719,0.012101328508636723,1,1,0.9994502527545032,0.003472805346424332,0.0005190101505664734,0.9994502527545032,2.0144606066000187e-05,1.059248882725602e-05
2023-11-20,0.012101328508636723,0.012213676409343344,0.013717602505762221,-0.0470914409782071,384.59033203125,-0.005826296625070608,1,1,0.9982044331907253,0.00963340090931963,0.001754666118170896,0.9982044331907253,3.680560148390288e-05,4.095089637862242e-06
2023-11-21,-0.005826296625070608,0.012372149800971155,0.006512726262894722,-0.02489914038893124,382.3561096191406,0.004084695650867692,1,1,0.9990102311800843,0.005782016615751247,0.0009486972310428353,0.9990102311800843,3.902416815842912e-05,2.047420697109857e-06
2023-11-22,0.004084695650867692,0.010368483023778676,0.010331740769422417,0.01792908599387788,383.9211120605469,-0.001411133406716661,1,1,0.9984039352717268,0.008949511366350013,0.00014194542134952988,0.9984039352717268,8.844094362135629e-06,0.0014452752125909123
2023-11-24,-0.001411133406716661,0.008785368901731101,0.004492824205090405,-1.0320784113768198,383.3797302246094,-0.0008732905849089157,1,1,0.9533194341874218,0.1361832899077953,9.41743482687442e-06,0.9533194341874218,8.039319687135351e-06,0.04666310905808287
2023-11-27,-0.0008732905849089157,0.008925454944928284,0.00737465636653024,0.7756034817719978,383.0450744628906,0.002617587170035304,1,1,0.9142830591962143,0.2111822538910579,7.306221415041017e-06,0.9142830591962143,1.7978770368813747e-05,0.08569165581204279
2023-11-28,0.002617587170035304,0.008867260791757058,0.0069966195167648505,0.03882103084299617,384.0490417480469,-0.0009742899932326107,1,1,0.8762906439223214,0.2703736957281209,4.857583823711899e-05,0.8762906439223214,1.3533245723190368e-05,0.12364724699372556
2023-11-29,-0.0009742899932326107,0.00898607317158113,0.012005908577693429,0.08943978674054466,383.675048828125,-0.002517351064791247,1,1,0.9139330834726862,0.21201988749161157,5.8862394023430427e-05,0.9139330834726862,9.030661559527762e-06,0.08599902347171136
2023-11-30,-0.002517351064791247,0.00868333311277836,0.012164649415152332,0.308440746154868,382.7104187011719,0.0028507278759231616,1,1,0.8824317044478133,0.2614571993237782,3.4399263047432707e-05,0.8824317044478133,8.602840785926753e-06,0.11752529344837287
2023-12-01,0.0028507278759231616,0.008062538184274342,0.011463305105186651,-0.2661049939332367,383.802978515625,-0.009326898031077096,1,1,0.7173969440341018,0.4298966738925808,4.4027971024274385e-05,0.7173969440341018,1.254633195175716e-05,0.2825464816628792
2023-12-04,-0.009326898031077096,0.008307978347711856,0.01019880504946151,0.23442614014623173,380.2399291992188,0.0025078277512157335,1,1,0.7236525703878108,0.42553643292090204,3.026965859849083e-05,0.7236525703878108,1.2948639817696281e-05,0.27630421131377014
2023-12-05,0.0025078277512157335,0.008299458702394949,0.011076992564408684,-0.17584287893601952,381.1947021484375,-0.005800721684504421,1,1,0.5583460779107696,0.4954080154417162,3.4568156594056656e-05,0.5583460779107696,8.133203660615267e-06,0.4416112207289577
2023-12-06,-0.005800721684504421,0.00831933979809543,0.014725316426200728,-0.022111628771660525,378.9898986816406,0.01387547805753012,1,1,0.77503020047042,0.38511074895186986,6.445624389989816e-05,0.77503020047042,1.5091356439815904e-05,0.2248902519292043
2023-12-07,0.01387547805753012,0.008751669115909282,0.011039104678038487,0.16633064453100685,384.28521728515625,0.004446884005475628,1,1,0.9061605543381271,0.22543580456474221,0.00011601479884454085,0.9061605543381271,3.3027893482795306e-05,0.0936904029695329
2023-12-08,0.004446884005475628,0.008435953857411428,0.010556605525940486,-0.06038331386315876,385.9978942871094,0.008505766401478482,1,1,0.7969019678869407,0.3644788310940932,5.206147510636866e-05,0.7969019678869407,1.1613547248633765e-05,0.20303435709065903
2023-12-11,0.008505766401478482,0.007256107720217645,0.010770656057734026,-0.12508675140515882,389.2951049804688,0.007932676781108509,1,3,0.6956333776506575,0.44358335252721404,2.518984936966613e-05,0.304327185475717,1.4247024263284108e-05,0.6956333776506575
2023-12-12,0.007932676781108509,0.007249241127569679,0.010986542090671812,-0.04917229455337433,392.3955383300781,0.012637171115614942,3,3,0.9488327013698324,0.14571439919145338,3.820193642459094e-06,0.05116122223295402,2.2562035475717917e-06,0.9488327013698324
2023-12-13,0.012637171115614942,0.006277528827080586,0.013672138374173606,0.3455083755174661,397.3857727050781,-0.0008672475033016854,3,3,0.9907542609403985,0.03789528216537541,8.182301297166058e-07,0.0092428560369429,2.0647925836522997e-06,0.9907542609403985
2023-12-14,-0.0008672475033016854,0.006309364901969207,0.014774761988772662,0.0007162451740899782,397.0412902832031,0.00482238864516244,3,3,0.9931388573892517,0.02959112886938167,1.134085875895607e-07,0.006860884370688438,1.4483152663248044e-07,0.9931388573892517
2023-12-15,0.00482238864516244,0.006325466780763582,0.0073271851964672174,0.12605007056530868,398.9606018066406,0.006278733771662296,3,3,0.999624066744936,0.002409784761121413,3.879441416380532e-09,0.00037591958139854937,9.794232914256919e-09,0.999624066744936
2023-12-18,0.006278733771662296,0.00635827140927578,0.008327562746093337,-0.29967699780671814,401.4734497070313,0.005096722576951181,3,3,0.9993025830447957,0.0041593659454953556,4.5496280132529054e-10,0.0006974158386167034,6.616311031092923e-10,0.9993025830447957
2023-12-19,0.005096722576951181,0.005999017827566662,0.004716963189234566,-0.26633114380893586,403.5248718261719,-0.014971257483626939,3,3,0.9997725571585683,0.0015403401625472604,3.339574995166516e-10,0.00022744149970724053,1.0077607989587106e-09,0.9997725571585683
2023-12-20,-0.014971257483626939,0.006934799914737517,0.018780409785643305,0.414284957077123,397.5285949707031,0.011568286542214442,3,3,0.6238532315015434,0.4776407394033763,1.5246583150207571e-07,0.37614648801656164,1.2801605942504047e-07,0.6238532315015434
2023-12-21,0.011568286542214442,0.007250974011745308,0.00900020483756426,-0.17054345735612156,402.1540222167969,0.0014948091105046425,3,3,0.9259819902617307,0.1904540290351681,6.6977322122454894e-06,0.0740070503045942,4.261701407280879e-06,0.9259819902617307
2023-12-22,0.0014948091105046425,0.007201219853351884,0.008545938078864751,-0.2836720321354811,402.755615234375,0.006103030136500249,3,3,0.9935888827745569,0.02796592933321318,2.0959857848656418e-07,0.006410757027332152,1.5059952330425127e-07,0.9935888827745569
2023-12-26,0.006103030136500249,0.007199958384063104,0.005865468344697705,-0.41219781115044574,405.2211608886719,0.0020337353267428737,3,3,0.9978398774521035,0.01112034731848475,1.4436048550499507e-08,0.0021600964365283333,1.1675363006438643e-08,0.9978398774521035
2023-12-27,0.0020337353267428737,0.007201980077333052,0.004155581950561969,0.34177071904453027,406.0461120605469,-0.0004861643783131231,3,3,0.9983940434413057,0.008611202481941796,3.4176808239468737e-09,0.001605940157846154,1.29831315166302e-08,0.9983940434413057
2023-12-28,-0.0004861643783131231,0.007189386686571249,0.004814031230471912,-0.16820857894931288,405.8487548828125,-0.00433713375541303,3,3,0.9981557746523251,0.009704522374033537,3.84525570710353e-09,0.0018442168424146592,4.65999451789262e-09,0.9981557746523251
2023-12-29,-0.00433713375541303,0.007271396035918082,0.009914114536754226,0.45639317516724864,404.0923461914063,-0.017067101533731213,3,3,0.9976653749609429,0.011887503466711873,2.165170312404543e-09,0.002334619738381498,3.1355043656347582e-09,0.9976653749609429
2024-01-02,-0.017067101533731213,0.00851066521755264,0.014530927635384563,0.30759575785783483,397.2541809082031,-0.010637900304634705,1,1,0.5939318924583143,0.4872288928258756,2.7261539942233842e-06,0.5939318924583143,8.511815750182669e-07,0.40606453020615174
2024-01-03,-0.010637900304634705,0.008604775277037693,0.007807560204856135,-0.21069952172743367,393.0506286621094,-0.0051597686109752785,1,1,0.8076760016057628,0.3537362700756544,6.175577594172858e-05,0.8076760016057628,2.5013126563841583e-05,0.1922372294917271
2024-01-04,-0.0051597686109752785,0.008734694098529828,0.008907839886369999,-0.17560921711548885,391.0278015136719,0.0011853398183188698,1,1,0.8292856817106864,0.3301021039355972,5.154579941583866e-05,0.8292856817106864,1.2582352512368609e-05,0.17065019013733768
2024-01-05,0.0011853398183188698,0.008575137785032392,0.010636423996731254,0.13034750367596196,391.4915771484375,0.02045736923991898,1,1,0.7109973676208728,0.4340458327000128,3.5909926740280264e-05,0.7109973676208728,8.789054527198247e-06,0.2889579333978131
2024-01-08,0.02045736923991898,0.009175409378346109,0.018273845347363805,-0.05605804571811577,399.58294677734375,0.001973453973602532,1,1,0.9980410339999268,0.011273024348697841,0.0014586764050958032,0.9980410339999268,0.0002814944345951158,0.0002187951603560438
2024-01-09,0.001973453973602532,0.009156659422780069,0.012273594544246905,-0.08192386983526863,400.3722839355469,0.006754883815345967,1,1,0.9868713476952024,0.05091359224810654,9.577023550479612e-05,0.9868713476952024,1.067827906252593e-05,0.013022203790227272
2024-01-10,0.006754883815345967,0.00909763611263552,0.010648655045134639,-0.14169773742530017,403.0859069824219,0.002078572390055415,1,1,0.9786664094875003,0.0749071178695798,8.660291788059253e-05,0.9786664094875003,1.112863966768378e-05,0.02123585895493273
2024-01-11,0.002078572390055415,0.00898135956609733,0.01700261846556873,0.47359889337064787,403.9246215820313,0.0005127954818682939,1,1,0.9902697981530422,0.03981733077085045,5.818369422348299e-05,0.9902697981530422,1.0857497380545287e-05,0.009661160655349436
2024-01-12,0.0005127954818682939,0.008586881328676868,0.007569113492516129,-0.32016185369371625,404.1318054199219,-9.764426976911834e-05,1,1,0.9212398534808017,0.1992651672575958,4.667956342198264e-05,0.9212398534808017,1.182416684801291e-05,0.07870164278894744
2024-01-16,-9.764426976911834e-05,0.008580542169648379,0.010475699990260188,0.10327980721371521,404.0923461914063,-0.005656730374270372,1,1,0.834285190254719,0.3242652175312445,4.2273341100764435e-05,0.834285190254719,1.0192831896594942e-05,0.16566234357231197
2024-01-17,-0.005656730374270372,0.008646835426604488,0.011468242450213615,0.2141241129236788,401.8129577636719,0.01409429675288676,1,1,0.8458425767850558,0.31040649338170745,3.854225648730528e-05,0.8458425767850558,9.673996039140264e-06,0.15410920696238806
2024-01-18,0.01409429675288676,0.009093642126240281,0.01070239718799934,0.09091941361465125,407.5163269042969,0.01963698902394876,1,1,0.9671526806500288,0.10506317447620853,0.00014226733113373348,0.9671526806500288,2.8291298166930362e-05,0.032676760720724216
2024-01-19,0.01963698902394876,0.009996139876993361,0.01593141073119156,0.16610259492991628,415.5978088378906,0.001305110409092591,1,1,0.9989254152060677,0.006524736550577611,0.0008861875740839784,0.9989254152060677,0.00011331312539200184,7.508409444464813e-05
2024-01-22,0.001305110409092591,0.009219172485904916,0.008560016539248986,-0.44912314623530314,416.14056396484375,0.004140916607868487,1,1,0.9817022314532687,0.06622842478781875,5.9242213545117725e-05,0.9817022314532687,8.675288335080105e-06,0.018229851044797647
2024-01-23,0.004140916607868487,0.008971939221821735,0.007391151415913113,-0.30738292375682913,417.8673400878906,0.005533903257853505,1,1,0.9549116581164047,0.13295856737730832,5.671249731120719e-05,0.9549116581164047,9.908338430925219e-06,0.045021721047821386
2024-01-24,0.005533903257853505,0.00900733824975842,0.010614610698589044,0.35241789988567246,420.1861877441406,0.0012203614511293818,1,1,0.9356760110743588,0.17253082990737514,4.267957373596603e-05,0.9356760110743588,1.2644275041235073e-05,0.06426866507685243
2024-01-25,0.0012203614511293818,0.008959698816767406,0.011868177521182462,-0.056540148540358826,420.69927978515625,-0.005975392495351313,1,1,0.9450896194906232,0.15391253816458786,7.115973680571075e-05,0.9450896194906232,1.0059509293667912e-05,0.05482916126331442
2024-01-26,-0.005975392495351313,0.009129570889452042,0.007220210887476034,-0.17788668047973571,418.1929321289063,0.010188268562634327,1,1,0.9720998250493413,0.09232527166220833,7.009217463336954e-05,0.9720998250493413,1.5943498961656656e-05,0.02781413927705624
2024-01-29,0.010188268562634327,0.009319011091835054,0.011070934998306083,0.041088862534929,422.4753723144531,-0.006678723538085917,1,1,0.9875158952232251,0.04897953581207643,0.0001151136870592639,0.9875158952232251,1.543071791420588e-05,0.012353560371759258
2024-01-30,-0.006678723538085917,0.009417110615692734,0.007759200300224799,-0.051863778626848114,419.6631774902344,-0.01978054562221878,1,1,0.9924629342378954,0.03238756301228738,7.963848180780109e-05,0.9924629342378954,1.4970404647975928e-05,0.0074424568756218884
2024-01-31,-0.01978054562221878,0.009719304249210938,0.014581352506094257,0.5552098335195019,411.4435729980469,0.01170660231264314,1,1,0.9998326758980519,0.001283010762141835,8.117086095130997e-05,0.9998326758980519,1.5390948139329778e-05,7.076229285178973e-05
2024-02-01,0.01170660231264314,0.009501604098126363,0.010832481443362506,-0.2270544486860701,416.2884826660156,0.016759439628297776,1,1,0.9964537429235428,0.01748011322934615,0.0001422111117330822,0.9964537429235428,1.3550264946418299e-05,0.0033904956998227712
2024-02-02,0.016759439628297776,0.009786290326376424,0.017365519498072246,0.15570159575763176,423.3240356445313,-0.0013060483065807844,1,1,0.9991005255431655,0.005589865647755989,0.0007350079504737273,0.9991005255431655,8.78160639742619e-05,7.665044236423169e-05
2024-02-05,-0.0013060483065807844,0.00983928737000865,0.0107596807567248,-0.4015902311523865,422.7715148925781,-0.002009398071854797,1,1,0.9961997352085877,0.01840696414420793,0.00010468821339174545,0.9961997352085877,9.728790197721148e-06,0.003685847787805954
2024-02-06,-0.002009398071854797,0.0090971746895653,0.01169344475507536,-0.10687083604748274,421.9228515625,0.01023762635036117,1,1,0.9843444183576975,0.05856593100110177,7.7899325854972e-05,0.9843444183576975,1.0516624950578613e-05,0.015567165691553036
2024-02-07,0.01023762635036117,0.009247915238459277,0.008657585404573561,0.050762133235464336,426.2645263671875,0.0018502562719944474,1,1,0.9845681205400308,0.05799081043833519,9.426617587418042e-05,0.9845681205400308,1.7237185207085597e-05,0.015320376098926003
2024-02-08,0.0018502562719944474,0.009211783074221928,0.00494462461842451,-0.23247627706280785,427.053955078125,0.009794871210905137,1,1,0.979138697141025,0.07352205184118481,6.431976230745238e-05,0.979138697141025,1.3777428809374048e-05,0.020783205667865234
2024-02-09,0.009794871210905137,0.00933683742288217,0.010776779742891228,0.21187991511928123,431.2574462890625,-0.003920367465310098,1,1,0.9863520103818294,0.052535924654809,8.980590120521246e-05,0.9863520103818294,1.6684796527660515e-05,0.01354149892047149
2024-02-12,-0.003920367465310098,0.00945767525752233,0.010313825492083158,-0.10675127723580467,429.570068359375,-0.015719787158336912,1,1,0.9899509809537951,0.040969609952652905,8.450394088626098e-05,0.9899509809537951,1.0333498625341575e-05,0.009954181606636475
2024-02-13,-0.015719787158336912,0.010335854545096546,0.013860699126366203,0.6638872647777321,422.8701171875,0.01083823703828537,1,1,0.9998339752732018,0.0012544384113687419,4.788848001414519e-05,0.9998339752732018,7.634793449504674e-06,0.00011050145337898216
2024-02-14,0.01083823703828537,0.010328065031883979,0.011010546605030392,-0.3578161624711595,427.4782104492188,0.0029733858730481085,1,1,0.9991505868950009,0.005310007010422518,0.000191104807506472,0.9991505868950009,1.0326231663001622e-05,0.0006479820657803003
2024-02-15,0.0029733858730481085,0.009998880530765667,0.008400322966164405,-0.15040064476647128,428.7511596679688,-0.009109133588857718,1,1,0.9963213628164775,0.0178979765271533,0.00010031395004907318,0.9963213628164775,8.55648151191422e-06,0.0035697667519386214
2024-02-16,-0.009109133588857718,0.009463616148294949,0.011937626967567604,0.32540049077588284,424.86334228515625,-0.007576726768663388,1,1,0.9962666477571333,0.017997907812680146,5.550631656600008e-05,0.9962666477571333,9.185155099975885e-06,0.0036686607712074185
2024-02-20,-0.007576726768663388,0.009659965635685542,0.015398264671640375,0.00525457037297248,421.6564331054688,-0.004009739807517238,1,1,0.9987767457655221,0.007219927134934906,0.00017467964671715993,0.9987767457655221,1.5677586036018645e-05,0.0010328970017744502
2024-02-21,-0.004009739807517238,0.009677226455404959,0.009562762774132046,-0.08138157891338757,419.9690856933594,0.02885521533690894,1,1,0.9948426572496759,0.023687081507424476,9.013521499289351e-05,0.9948426572496759,1.0229009547158926e-05,0.005056978525738989
2024-02-22,0.02885521533690894,0.011567718699692626,0.012349632642404098,0.07931089886278883,432.263916015625,-0.002949045621290078,1,1,0.9926729525138509,0.03288307359367677,0.0066472059432818075,0.9926729525138509,0.0006797623156805872,7.922719404339996e-08
2024-02-23,-0.002949045621290078,0.011608943978609667,0.010989486254827718,-0.30168383976273283,430.9910278320313,-0.0005267372010957188,1,1,0.9991839808170108,0.004989991594385197,0.0007382322999368611,0.9991839808170108,1.8225153529086396e-05,5.956172948855758e-05
2024-02-26,-0.0005267372010957188,0.011494856786413253,0.005131189587881609,-0.187404471185678,430.7640686035156,0.0024023075959407696,1,1,0.9996402674748524,0.002452572765816572,0.0003050298099660805,0.9996402674748524,1.744006018471046e-05,3.7262655024555616e-05
2024-02-27,0.0024023075959407696,0.011314876817661211,0.006764148568996889,0.020073655798787792,431.8001403808594,-0.0053386148850026625,1,1,0.999670831151583,0.002321327914671857,0.0002215913137337564,0.999670831151583,1.3867265099350223e-05,9.371026953096059e-05
2024-02-28,-0.0053386148850026625,0.011270320346045753,0.005444955302652684,-0.023238157848511028,429.5010681152344,0.008532834648325353,1,1,0.9996744466293578,0.0022650972478464376,0.00026314731684605843,0.9996744466293578,2.3460995876153236e-05,3.894505796152008e-05
2024-02-29,0.008532834648325353,0.010232126933051268,0.011548991626921981,0.2547398341621507,433.1816101074219,0.014944594262001006,1,1,0.9984707371207203,0.008617720451698608,0.00012473406813216567,0.9984707371207203,1.2679146443802258e-05,0.0013918496647291208
2024-03-01,0.014944594262001006,0.010408329865704264,0.015125312394105144,0.03145200315373492,439.7039489746094,-0.0035744832049867514,1,1,0.9992886032960919,0.004532741868282515,0.0005812790056832873,0.9992886032960919,3.7026287693737025e-05,9.309141048075237e-05
2024-03-04,-0.0035744832049867514,0.009949429087482444,0.0051124264389369725,-0.24494878678386164,438.1350402832031,-0.018112507764626425,1,1,0.9980579201422397,0.01050210980021299,0.00010332191227801728,0.9980579201422397,1.537142642703289e-05,0.0018233865191035084
2024-03-05,-0.018112507764626425,0.010884228360972541,0.016741241864253624,0.5231183330177515,430.270751953125,0.006263857315396954,1,1,0.9997080902328732,0.0019939290724486467,0.00026794205054296696,0.9997080902328732,1.7896769169483696e-05,6.070947429277383e-06
2024-03-06,0.006263857315396954,0.010925805557714953,0.011622816123023415,-0.22528640511022058,432.974365234375,0.01506410742777015,1,1,0.9994221182084991,0.003845692969631948,0.0002782451855549961,0.9994221182084991,1.0234713358743687e-05,0.0002894018926302221
2024-03-07,0.01506410742777015,0.011184024174511389,0.013155271542381441,-0.037637263408807395,439.5461120605469,-0.014539917576742296,1,1,0.9991834680610208,0.004958302242828932,0.0007578881956613191,0.9991834680610208,2.9977557412267766e-05,2.8666185856619536e-05
2024-03-08,-0.014539917576742296,0.01174601520867163,0.023461388019455565,0.48190955500567173,433.2013854980469,-0.0037197995674254094,1,1,0.9966603764863123,0.016440698904207247,0.003249499283411151,0.9966603764863123,8.999832671032196e-05,1.2590358355049382e-07
2024-03-11,-0.0037197995674254094,0.011583766596938263,0.007361853524002417,-0.4524052868200755,431.5929565429688,0.014233305615605865,1,1,0.9995099266137145,0.003215930550674623,0.0004230140750146659,0.9995099266137145,1.6865328650363392e-05,5.0193982589978294e-05
2024-03-12,0.014233305615605865,0.011962259655866603,0.017040070090139182,0.1871959058304727,437.7798767089844,-0.0077158311270958905,1,1,0.9974587761536765,0.013051382773081488,0.002459483249604796,0.9974587761536765,7.967587902280887e-05,2.06471771196971e-06
2024-03-13,-0.0077158311270958905,0.011500306793635586,0.008063641818391538,-0.3770811018087879,434.4150390625,-0.002524449769076611,1,1,0.9994129487804931,0.0037463182335036086,0.0005255382402039337,0.9994129487804931,2.5661695476233912e-05,3.5851283778004573e-05
2024-03-14,-0.002524449769076611,0.011306389143210317,0.012843248036448192,0.3192824551861309,433.31976318359375,-0.011958017552234234,1,1,0.9996680409186722,0.0023427264888371668,0.0001995502810131371,0.9996680409186722,9.19266652186014e-06,0.00012321613376450514
2024-03-15,-0.011958017552234234,0.011635078363045545,0.014127038839229293,0.3364246120603968,428.1689758300781,0.009492275281065709,1,1,0.999515064363824,0.003110366638177311,0.0004566152220166879,0.999515064363824,1.8364347614529052e-05,9.956066567908272e-06
2024-03-18,0.009492275281065709,0.011617771782992127,0.008686153001549667,-0.43440180850092996,432.2526245117188,0.002488419632254168,1,1,0.9995790712054305,0.0027999357518497647,0.0003663146752137307,0.9995790712054305,1.024128674999017e-05,4.437283257733523e-05
2024-03-19,0.002488419632254168,0.011449764262854014,0.012882833572076997,-0.09571788021168068,433.32958984375,0.011786865252126093,1,1,0.9994256331381667,0.0037269814355427536,0.0004730122337021261,0.9994256331381667,1.2975403585161772e-05,8.83792245438805e-05
2024-03-20,0.011786865252126093,0.011603274183623837,0.013633161193291868,0.01498800236180354,438.4674072265625,0.00472105012105579,1,1,0.9990951524519242,0.005380404156093061,0.0008588562414456988,0.9990951524519242,2.542733729524333e-05,2.0563969367671815e-05
2024-03-21,0.00472105012105579,0.009794343823305811,0.00823106051168945,-0.10389676918540172,440.5423278808594,0.0011431779553215055,1,1,0.9945539938940811,0.02479684132232731,9.687419903332774e-05,0.9945539938940811,9.380181984207395e-06,0.005339751724892563
2024-03-22,0.0011431779553215055,0.009751285700610235,0.006720731142040257,-0.3311551920004188,441.0462341308594,-0.0036357365827972,1,1,0.9934566238520631,0.02879285641432347,7.664875810431092e-05,0.9934566238520631,8.938669067310427e-06,0.0064577887208137445
2024-03-25,-0.0036357365827972,0.009804112531605543,0.008364064077306438,-0.016584045154867253,439.4456176757813,-0.0032430165433330396,1,1,0.9954229338763685,0.02144038011543932,8.565834485587526e-05,0.9954229338763685,1.068067402116359e-05,0.004480727104753162
2024-03-26,-0.0032430165433330396,0.009842733842515536,0.0093386596139112,0.20588084195208523,438.0227966308594,0.0034002290929402035,1,1,0.9955237469620896,0.02098042445687329,6.529507121685142e-05,0.9955237469620896,9.211741540652185e-06,0.004401746225154581
2024-03-27,0.0034002290929402035,0.009753400278957852,0.010363545642828735,0.19176658969477886,439.51470947265625,-0.0018450538512101875,1,1,0.9929052707750632,0.030767440261407555,7.283273043528547e-05,0.9929052707750632,9.114546410292488e-06,0.007012781948062852
2024-03-28,-0.0018450538512101875,0.009615161618465429,0.004481927677719646,-0.1157215340884805,438.70452880859375,0.00211497958578299,1,1,0.9952685579557696,0.022058101151474645,8.144247466712314e-05,0.9952685579557696,1.7890170767225806e-05,0.0046321093988324616
2024-04-01,0.00211497958578299,0.009019661398122502,0.010135992003359092,0.05001531985051535,439.6333618164063,-0.008667666338362813,1,1,0.9689715993272355,0.10014534966412196,6.0779905103576806e-05,0.9689715993272355,1.0228049710095741e-05,0.030957392717981008
2024-04-02,-0.008667666338362813,0.009195835034626818,0.007707814398657635,0.13348588305532091,435.8392333984375,0.0022417748414144496,1,1,0.988687079143161,0.04506451904744445,6.269498941615502e-05,0.988687079143161,1.7926870375509147e-05,0.011232298997007738
2024-04-03,0.0022417748414144496,0.008187428176862042,0.01142272726362791,-0.10245089052876556,436.8173828125,-0.01540891804177317,1,1,0.8962481801551958,0.2408365720867957,5.625749215872312e-05,0.8962481801551958,1.4352433009897228e-05,0.1036812099196015
2024-04-04,-0.01540891804177317,0.008829037319504272,0.02719719519241951,0.36011309901480537,430.1380920410156,0.011715129630897474,1,1,0.9981263728510203,0.010510703238022919,0.0015053878356114216,0.9981263728510203,0.0003676472174613199,5.920958657022049e-07
2024-04-05,0.011715129630897474,0.008549057271049626,0.01636892853695972,-0.045058031261383316,435.2068481445313,0.0002950298844324014,1,1,0.9973853946657953,0.013921192949116496,0.00028006721280000917,0.9973853946657953,5.205217449440767e-05,0.002282485946893636
2024-04-08,0.0002950298844324014,0.007884139069322815,0.007489758845335526,-0.6653125678146314,435.3352661132813,0.0036927706459260064,1,1,0.8045801863105111,0.35659073439211775,2.1010995653971417e-05,0.8045801863105111,1.3175513481553696e-05,0.19538562718030789
2024-04-09,0.0036927706459260064,0.007862112060339111,0.013115319288332976,0.3375056375786073,436.9458312988281,-0.008766797094873937,1,3,0.5229247514425995,0.49949083926501603,2.076054791681681e-05,0.4770446144422172,9.873567225565375e-06,0.5229247514425995
2024-04-10,-0.008766797094873937,0.007436090790505055,0.006752267463668091,0.4442011430710522,433.1319580078125,0.0158420803288787,3,3,0.8716352559735554,0.27655044974159915,2.9932540317482266e-06,0.1283544031222824,7.347650103323642e-06,0.8716352559735554
2024-04-11,0.0158420803288787,0.00807676129184854,0.018793352064467552,-0.30191901820666084,440.0483093261719,-0.01607024911191159,1,1,0.9797989043240964,0.07377277404281019,0.0004878477313255432,0.9797989043240964,0.00020757073230042805,0.01950567721229182
2024-04-12,-0.01607024911191159,0.008884064952230333,0.01222987082374763,0.1656070916097683,433.03314208984375,-0.016587920419640887,1,1,0.9979112831278515,0.011219094361344798,0.00010791771992968373,0.9979112831278515,2.9099158332653897e-05,0.001951699993931055
2024-04-15,-0.016587920419640887,0.009263375431646475,0.027699166030323314,0.1675479102060453,425.9092712402344,9.285767568871148e-05,1,1,0.9935505171506339,0.030530127737259806,0.005056485585553566,0.9935505171506339,0.0013929741588905185,2.3104907510487826e-08
2024-04-16,9.285767568871148e-05,0.0089763035128053,0.009417762702649574,-0.28707708888131905,425.9488220214844,-0.012276380663792068,1,1,0.973083701574143,0.08983400769105276,8.500585108734805e-05,0.973083701574143,1.2482399952674652e-05,0.026818810174724334
2024-04-17,-0.012276380663792068,0.009298649691432681,0.019303027642760012,0.17772073463414143,420.7516784667969,-0.005722800114511782,1,1,0.9994940281347857,0.003454545481235435,0.0002728711428192708,0.9994940281347857,3.251967673320762e-05,0.00020058104556158467
2024-04-18,-0.005722800114511782,0.008795176777042949,0.01277722211406861,-0.20043846161862075,418.3506774902344,-0.020906130008548802,1,1,0.9884007243294658,0.04607185995848659,8.796477402267892e-05,0.9884007243294658,1.650609604949472e-05,0.011494804800443719
2024-04-19,-0.020906130008548802,0.009545813819631873,0.023344972430405394,0.4800492657795038,409.69537353515625,0.010006455227764503,1,1,0.9992756494746325,0.004485091635748049,0.0006442076151919042,0.9992756494746325,7.936566654829916e-05,7.772436087529626e-07
2024-04-22,0.010006455227764503,0.009975137363897948,0.017286638908752865,-0.4533766656629764,413.8155517578125,0.01481263803865945,1,1,0.9994038448827828,0.00392459165419338,0.00045102548835464755,0.9994038448827828,4.201929642732405e-05,0.00010311033237917261
2024-04-23,0.01481263803865945,0.010753977957243449,0.017432431209989965,-0.074291898933038,419.9908752441406,0.0033819448650214794,1,1,0.9985675748020129,0.008047845467064782,0.0013525008208504418,0.9985675748020129,6.604678249523409e-05,1.3877594565501247e-05
2024-04-24,0.0033819448650214794,0.010824040408607209,0.012965695183415867,0.08743729643722613,421.4136657714844,-0.0048415635298979815,1,1,0.999350413040466,0.004252063103782601,0.000246018738278869,0.999350413040466,9.997069567726308e-06,0.00039357115168217876
2024-04-25,-0.0048415635298979815,0.01076705621688735,0.01691599121047773,0.16957629369564953,419.3782958984375,0.015313747489551544,1,1,0.9995137808679286,0.003259999597528912,0.00035944823909821416,0.9995137808679286,1.4425571734214876e-05,0.0001123453212961643
2024-04-26,0.015313747489551544,0.011469678429558008,0.013062585534186617,-0.315221803507422,425.8499755859375,0.004052261271120101,1,1,0.9990003895983407,0.005840742553450333,0.0009596726708352777,0.9990003895983407,2.7596297373721366e-05,1.2341433445611191e-05
2024-04-29,0.004052261271120101,0.011509808762724255,0.008734832534481514,-0.3327494940855225,427.5791320800781,-0.019036348506007317,1,1,0.9995669764302035,0.0029244249575988567,0.0003325651815058535,0.9995669764302035,1.019377977011381e-05,9.026460843425868e-05
2024-04-30,-0.019036348506007317,0.012074527707223167,0.018959438193081057,0.37463036912984793,419.5165710449219,-0.007256719001117575,1,1,0.9965510675292436,0.01691255560386186,0.00335039961740747,0.9965510675292436,9.840400697666146e-05,1.2884641332828957e-07
2024-05-01,-0.007256719001117575,0.012089485137722776,0.022490062709744102,0.17950494907380438,416.4832763671875,0.012682615854294938,1,1,0.9913239383920079,0.036521835055286465,0.008514776597053254,0.9913239383920079,0.00016096912284054897,3.1588815693643456e-07
2024-05-02,0.012682615854294938,0.012128313821712871,0.016818910232925116,-0.35714503228653205,421.7990112304688,0.01989900552607757,1,1,0.9943781570801768,0.02538081754128801,0.005535829455323451,0.9943781570801768,8.462986475371877e-05,1.3835997021400569e-06
2024-05-03,0.01989900552607757,0.012703549394679733,0.008863818709836971,0.2829518181984085,430.2764587402344,0.01089396795511254,1,1,0.9967786033347164,0.016188044597722277,0.003024916239217289,0.9967786033347164,0.00019634917044464683,1.3125562012508116e-07
2024-05-06,0.01089396795511254,0.012960006700439725,0.008676904768242476,-0.4731370308330776,434.989501953125,0.00015889308307297858,1,1,0.998005310989462,0.010489617850698777,0.001967564528812752,0.998005310989462,2.6218468408303354e-05,9.060134111696298e-07
2024-05-07,0.00015889308307297858,0.012930496771163603,0.005427903816956633,0.025119208839631715,435.0586242675781,-0.0005905222061930135,1,1,0.9985795881127509,0.007903660158050265,0.0013688306986255185,0.9985795881127509,5.1174323124242425e-05,4.068655241744479e-07
2024-05-08,-0.0005905222061930135,0.01277424557934914,0.008930653127215995,-0.21912612555195035,434.8017883300781,0.0021790464780999546,1,1,0.9984104405976062,0.008654699437719056,0.0015574027917953253,0.9984104405976062,2.9646297192855544e-05,2.5103134063289423e-06
2024-05-09,0.0021790464780999546,0.012247761922937913,0.007119891902088269,-0.01279809208942394,435.7502746582031,0.002355497326846748,1,1,0.9993431553855124,0.004041584775409961,0.000628501254350641,0.9993431553855124,2.1209512148727327e-05,7.133847925619192e-06
2024-05-10,0.002355497326846748,0.011694693046687533,0.008618734062424967,0.09820891400345153,436.7778930664063,0.0023047219154303626,1,1,0.9996268211726937,0.0025355779673557877,0.0003135529067393277,0.9996268211726937,1.3868527264449592e-05,4.5757393257337314e-05
2024-05-13,0.0023047219154303626,0.01098944352064033,0.005506911879009659,-0.16490407626639644,437.7857055664063,0.006411515972254569,1,1,0.9996141928792264,0.0026924353169088993,0.0001841290297752834,0.9996141928792264,1.2638865549320073e-05,0.00018903922544054896
2024-05-14,0.006411515972254569,0.011041342944214251,0.008992464807229338,0.40508813042077874,440.6015930175781,0.015509436690268148,1,1,0.9996403539229367,0.002515619038982092,0.00010728874196831587,0.9996403539229367,1.485777186111928e-05,0.00023749956327450577
2024-05-15,0.015509436690268148,0.010938987689888612,0.013799956026116686,0.1845123222238122,447.48834228515625,-0.0020334644816810718,1,1,0.9993387038525129,0.004190254892353814,0.0005785734529603813,0.9993387038525129,3.773860851630646e-05,4.4984085966081836e-05
2024-05-16,-0.0020334644816810718,0.010813107113621432,0.006371974009487056,-0.17578845313694233,446.5793151855469,-0.00048694634142389803,1,1,0.9995079088172237,0.003328456715907781,0.00017545206605906389,0.9995079088172237,1.2772691616613254e-05,0.0003038664251938211
2024-05-17,-0.00048694634142389803,0.009263780550805146,0.007039119459535703,0.02899723029894918,446.3619079589844,0.0069486790842715265,1,1,0.9842251936456342,0.05886572964256361,6.047648095250692e-05,0.9842251936456342,1.276700002811317e-05,0.01570156287336165
2024-05-20,0.0069486790842715265,0.009189331792213866,0.008331269914562723,-0.3804317385538638,449.4743347167969,0.0019544485682650085,1,1,0.977273442907062,0.0786251158165059,6.601330966825428e-05,0.977273442907062,8.732216987404799e-06,0.022651811566233387
2024-05-21,0.0019544485682650085,0.00884621618532915,0.006910912638977844,-0.054860434243212124,450.3536682128906,-0.0001973470250139926,1,1,0.9361039427162956,0.1717670440435027,5.400348744385604e-05,0.9361039427162956,1.3513439005623042e-05,0.06382854035723644
2024-05-22,-0.0001973470250139926,0.008884639728016511,0.008207019424812978,0.08090527437555745,450.2648010253906,-0.004508777029651827,1,1,0.9028007788491884,0.23040139472195892,4.653907704304647e-05,0.9028007788491884,1.1644519013003106e-05,0.09714103755468105
2024-05-23,-0.004508777029651827,0.008868865385682875,0.019243443103377875,0.4874461613552602,448.2392272949219,0.009412124213710685,1,1,0.9937836126693671,0.027582527074507625,6.829762743042061e-05,0.9937836126693671,1.1176598581942946e-05,0.006136913104701276
2024-05-24,0.009412124213710685,0.008541206458246003,0.01235943555243433,-0.32099092083362174,452.47802734375,0.0037704344310153055,1,1,0.9809254386241765,0.0686508584315833,9.748721420089239e-05,0.9809254386241765,1.80158900944302e-05,0.018959058271458374
2024-05-28,0.0037704344310153055,0.008539668023945414,0.0066350240201119475,-0.12371915547512452,454.1872863769531,-0.007073290256624766,1,1,0.8932762275707097,0.24540299100563437,5.115017992315534e-05,0.8932762275707097,1.5040771479996918e-05,0.10665758147798053
2024-05-29,-0.007073290256624766,0.007232472478933859,0.006353505128763665,0.1260656142254395,450.9860229492188,-0.010771156462552802,1,3,0.6309199948542484,0.47531832990114753,1.7102469322344893e-05,0.3690364273199334,2.6475356418281028e-05,0.6309199948542484
2024-05-30,-0.010771156462552802,0.007546438252147827,0.012025298062567963,0.026466472813076517,446.1544494628906,-0.001861839158582488,3,3,0.6835982498393065,0.45045276271169477,1.8941824321904224e-05,0.31637125358940726,1.1554746958060698e-05,0.6835982498393065
2024-05-31,-0.001861839158582488,0.007305945064242137,0.02090038740282344,0.6053704130036008,445.3245544433594,0.005354872185385475,1,1,0.7649408511203517,0.3938026548074126,3.6897638885775314e-05,0.7649408511203517,2.4466777778157884e-05,0.23499778446306338
2024-06-03,0.005354872185385475,0.006135423157068085,0.01694876214998703,-0.5278711256676563,447.7156066894531,0.002732729040925411,1,1,0.8693954580371674,0.2819612812894318,0.00011452725502738987,0.8693954580371674,0.00035075418057646946,0.1301392605272087
2024-06-04,0.002732729040925411,0.005772478948917058,0.009793740205722478,-0.32811690720488246,448.9407653808594,0.01995924035367608,3,3,0.9414625394527544,0.16092247229120604,4.432376049394458e-06,0.058520870899273846,1.215727182840316e-05,0.9414625394527544
2024-06-05,0.01995924035367608,0.007068626996676227,0.019847651098485998,0.3526605691118844,457.9913024902344,-0.00034515462139911296,1,1,0.9369635538692421,0.17660810612028965,0.0006688249914242739,0.9369635538692421,0.0011882966174824713,0.06117932452194063
2024-06-06,-0.00034515462139911296,0.007063066394900858,0.005071554326518801,-0.4314432403033125,457.833251953125,-0.0008852572250203378,3,3,0.7429662404995652,0.41133562144845415,1.159911213609643e-05,0.2570059285923934,1.6231795798049248e-05,0.7429662404995652
2024-06-07,-0.0008852572250203378,0.007105348257599145,0.008424040885750704,0.16199277001378104,457.4281311035156,0.004031091642102993,3,3,0.9872153478718813,0.04937539865368537,4.802851876173261e-07,0.0127836230508177,5.487922083110894e-07,0.9872153478718813
2024-06-10,0.004031091642102993,0.007114327153329254,0.007873854458269599,-0.223286807528193,459.2757873535156,0.006839223227806741,3,3,0.9978541895816094,0.011057182328096122,2.8872884272682156e-08,0.002145759051524207,2.249408662881068e-08,0.9978541895816094
2024-06-11,0.006839223227806741,0.007179354530492099,0.013055031863098775,0.06522406544863031,462.4276428222656,0.013012783522505221,3,3,0.9926813932238174,0.031220278155598465,3.1802338544085987e-08,0.007318555655175215,1.931865597968477e-08,0.9926813932238174
2024-06-12,0.013012783522505221,0.007501637528824326,0.010988066059567559,0.4484415548516802,468.48443603515625,0.005405427170445553,3,3,0.991260776733834,0.03615921341006663,9.76151868869363e-08,0.008738971874395329,1.5377665297127137e-07,0.991260776733834
2024-06-13,0.005405427170445553,0.006938785971848263,0.008327742092921262,-0.2892451025747911,471.0236511230469,0.005168001217520827,3,3,0.9981748296692723,0.00961817245929578,1.89800601620312e-08,0.001825135197827405,1.6152920678083077e-08,0.9981748296692723
2024-06-14,0.005168001217520827,0.006874266751390792,0.006698850051757296,-0.10109430672912531,473.4642028808594,0.012175364605699169,3,3,0.9990464764813238,0.005471590658381885,2.6858400360076182e-09,0.0009535176707641772,3.1620983342783108e-09,0.9990464764813238
2024-06-17,0.012175364605699169,0.007122307573444533,0.017977097157082417,0.46082540574996655,479.2640380859375,0.0003092261238265258,3,3,0.9004493538523143,0.23379278092736677,3.8028641625707846e-07,0.09954981728268346,4.4857863693128285e-07,0.9004493538523143
2024-06-18,0.0003092261238265258,0.0071105786696928274,0.005090581942255298,-0.4162259523363475,479.4122619628906,-0.007737994327740858,3,3,0.9943420119051898,0.02519277070988363,1.7880395210036404e-07,0.005657604800808167,2.0449015379413055e-07,0.9943420119051898
2024-06-20,-0.007737994327740858,0.0075201648786746645,0.014995744703507534,0.32780263519730135,475.7168884277344,-0.0026827858797272976,3,3,0.9669552436865168,0.1047217771297602,1.724888723385687e-07,0.03304449620608246,8.761842134420927e-08,0.9669552436865168
2024-06-21,-0.0026827858797272976,0.007591449086710339,0.008059467650082893,0.09922178419675198,474.4423522949219,-0.011449836149456582,3,3,0.9929858226336661,0.03013892521078972,1.3580236690454685e-07,0.007013941000693,1.0056336018079404e-07,0.9929858226336661
2024-06-24,-0.011449836149456582,0.008077380196573598,0.012891352565022577,0.007823696496086682,469.0410461425781,0.011370587014385293,3,3,0.8865533943977786,0.2551293352005384,1.332243368272023e-06,0.11344476829317703,5.050657203553442e-07,0.8865533943977786
2024-06-25,0.011370587014385293,0.008179768106617856,0.009512281513928657,-0.26320936730086403,474.4047546386719,0.0020629970154412767,3,3,0.8934581513401619,0.24476826923196224,7.044315351446217e-06,0.10653292573475298,1.878609668864772e-06,0.8934581513401619
2024-06-26,0.0020629970154412767,0.008173247152917026,0.0058080408295302565,-0.24380464650360353,475.3844604492188,0.0025780422021510242,3,3,0.9620581592821783,0.11640405622643825,1.4372003910393091e-06,0.03793981571855019,5.877989041333126e-07,0.9620581592821783
2024-06-27,0.0025780422021510242,0.007871236972709843,0.00789023987484999,0.14260461505564317,476.6116027832031,-0.005204455149330792,3,3,0.9908325991944988,0.03761360353979352,2.0239566072923395e-07,0.009167073159034455,1.2525088873452607e-07,0.9908325991944988
2024-06-28,-0.005204455149330792,0.007454865964551917,0.018242201204677268,0.2853569028867652,474.1375427246094,0.005848072527684434,3,3,0.8601391212659264,0.2919629944278322,2.0057537270891124e-06,0.13985799299220958,8.799880652481597e-07,0.8601391212659264
2024-07-01,0.005848072527684434,0.007386993325293987,0.01292741595112071,-0.3371599415007652,476.91845703125,0.010444911351531987,3,3,0.9290657866745796,0.18475114034769763,4.28951228565639e-06,0.07092775458962086,2.1692234387429576e-06,0.9290657866745796
2024-07-02,0.010444911351531987,0.0075429423066324395,0.01388149331208337,0.07074754208444443,481.9259338378906,0.008302451015103981,3,3,0.9271302758726045,0.18833907484390777,6.016166526312412e-06,0.07286090921953782,2.7987413344229987e-06,0.9271302758726045
2024-07-03,0.008302451015103981,0.00760859726003036,0.01008066984541527,-0.39157624111375255,485.9437561035156,0.010372805953189275,3,3,0.9734140941873743,0.08849771960800241,1.081902517205183e-06,0.026584362532926398,4.6137728986506536e-07,0.9734140941873743
2024-07-05,0.010372805953189275,0.006807424548551535,0.010097568785566348,0.4557893882584195,491.0105895996094,0.0023753831108549645,3,3,0.998010318192691,0.010362227190550913,4.7558743923784293e-08,0.0019894963868312874,1.3786172082793236e-07,0.998010318192691
2024-07-08,0.0023753831108549645,0.006753921425625042,0.004825660341328811,-0.2537573598176138,492.1783142089844,0.0008642878702593112,3,3,0.9992239531344591,0.004568527067282304,2.1643331088650744e-09,0.0007760413123781225,3.388809860051722e-09,0.9992239531344591
2024-07-09,0.0008642878702593112,0.0067036847267360755,0.007553709240437407,0.14715573992896552,492.6038818359375,0.010372528072306994,3,3,0.9993941220240055,0.003674952123502263,5.666643419499427e-10,0.0006058763974993368,1.0117604099017537e-09,0.9993941220240055
2024-07-10,0.010372528072306994,0.006867913324423429,0.010199567465382699,0.09071951153917088,497.7400207519531,-0.022174219044410144,3,3,0.9976496817082396,0.011956057367544157,3.43542538091319e-09,0.0023503111001562517,3.756235489607598e-09,0.9976496817082396
2024-07-11,-0.022174219044410144,0.008980607560838037,0.02551173536849202,0.5774766732895245,486.8244934082031,0.00585771245832326,1,1,0.9998733610281436,0.0009815960849998509,3.406581292812654e-05,0.9998733610281436,6.656376389174061e-06,8.591678250239575e-05
2024-07-12,0.00585771245832326,0.008680232290738428,0.015318674386783682,-0.2974844754236837,489.6845397949219,0.002684169891890405,1,1,0.9944892150514649,0.025203526510376117,0.00013400917878953402,0.9944892150514649,2.359891204814809e-05,0.005353176857600729
2024-07-15,0.002684169891890405,0.008648827000878285,0.013947422176484297,-0.17501111874930966,491.0007019042969,0.00038285649752908016,1,1,0.9823650141974983,0.06448952063908726,9.481684724984576e-05,0.9823650141974983,1.5582111801359695e-05,0.01752458684344873
2024-07-16,0.00038285649752908016,0.00862496864537255,0.010658033976614453,-0.18266445731185788,491.188720703125,-0.029794306575071292,1,1,0.9372215256316035,0.1696070388223699,5.90260700358362e-05,0.9372215256316035,1.142347113064718e-05,0.06270802482732887
2024-07-17,-0.029794306575071292,0.010807033556343212,0.01473727244918947,0.7739454767350606,476.76995849609375,-0.004743869337098483,1,1,0.999664608047971,0.0022954139252952532,0.00027189876651975323,0.999664608047971,6.337865542511044e-05,1.1453004817043372e-07
2024-07-18,-0.004743869337098483,0.010851977778406815,0.019687590218081447,-0.13125512787910285,474.5135803222656,-0.008903057989953608,1,1,0.9986541882627339,0.007629721551956829,0.001268428915675908,0.9986541882627339,6.157303260431638e-05,1.5809788989989594e-05
2024-07-19,-0.008903057989953608,0.010895838006947446,0.016307550204640645,-0.1601945540362575,470.3077087402344,0.014787877079799833,1,1,0.9991347810190555,0.005257087253472451,0.0007854677320540406,0.9991347810190555,3.628145595120845e-05,4.3469792944778625e-05
2024-07-22,0.014787877079799833,0.011406065253574658,0.011693511699269493,-0.04233905659894882,477.3142395019531,-0.003530891798037335,1,1,0.9992168669479558,0.004763227825993537,0.000733489814390411,0.9992168669479558,2.643013425278517e-05,2.321310329334259e-05
2024-07-23,-0.003530891798037335,0.011110265755959858,0.008925924994647382,-0.5486494635389615,475.6318664550781,-0.03652953370535501,1,1,0.9995528043976751,0.0030703412903575963,0.00022115569256009196,0.9995528043976751,1.3218559689722397e-05,0.00021282135002798785
2024-07-24,-0.03652953370535501,0.013577374499419754,0.025206078278528967,0.926756126000829,458.5707702636719,-0.011088811192270936,1,1,0.8517562874655787,0.31935863092306666,0.14287821853459048,0.8517562874655787,0.0053654939998038385,4.4167550570163844e-14
2024-07-25,-0.011088811192270936,0.013703569837983617,0.026861888960017746,0.007422409947890008,453.5138549804688,0.01020371279762687,0,0,0.919343082378764,0.21444522920745404,0.919343082378764,0.07631365715140062,0.0043432604550654565,1.4720080385571085e-11
2024-07-26,0.01020371279762687,0.013951883535307935,0.01330540563290814,-0.39319860675415175,458.1650695800781,0.0020066905490310786,0,0,0.9136976747677255,0.21402685904174745,0.9136976747677255,0.08585389381909157,0.000448427480294909,3.9329235487376066e-09
2024-07-29,0.0020066905490310786,0.013957172382678197,0.013558975269841114,-0.34870414338792505,459.08538818359375,-0.01382650003678428,0,0,0.906810545455129,0.22530882432776997,0.906810545455129,0.09280607258734494,0.0003833730499108374,8.907542668442902e-09
2024-07-30,-0.01382650003678428,0.014096277366345947,0.027123912519877648,0.3813010869402777,452.7815246582031,0.029164312046391156,0,0,0.9969726443795185,0.015907561991511457,0.9969726443795185,0.0024528725696932366,0.0005744830505687719,1.461175841196131e-13
2024-07-31,0.029164312046391156,0.015553907129391571,0.013543644858759593,0.07538041269239801,466.1810302734375,-0.024519646655853183,0,0,0.9986158506156512,0.008006811735152369,0.9986158506156512,0.00021944441120079754,0.0011647049730852646,8.864470896965062e-18
2024-08-01,-0.024519646655853183,0.016166813290001157,0.04257489590289944,0.24030153802897933,454.8894348144531,-0.024021242819514576,0,0,0.9796257773497178,0.07176828647247502,0.9796257773497178,5.5391185270641006e-11,0.020374222594867313,1.8368982010547545e-34
2024-08-02,-0.024021242819514576,0.01646223033078117,0.020278565133182578,0.1575789316857337,444.0926208496094,-0.030269659624583462,0,0,0.9988934723018552,0.006246310273236999,0.9988934723018552,3.1649896182077776e-06,0.00110336270863037,6.035167706278252e-28
2024-08-05,-0.030269659624583462,0.01728789954855663,0.0432735295247424,0.2769104435854635,430.85150146484375,0.009509790772484471,0,0,0.9742972425793895,0.08618040166789791,0.9742972425793895,5.830300877940156e-13,0.02570275742000523,1.2092690895104258e-40
2024-08-06,0.009509790772484471,0.01759120908830065,0.028462243306188444,-0.3257093528476545,434.9683532714844,-0.010888826224899862,0,0,0.9967492583578508,0.01577505638186398,0.9967492583578508,2.6441998530477834e-08,0.003250715200187848,1.579028887458969e-33
2024-08-07,-0.010888826224899862,0.017173078032352677,0.033649987930405294,-0.1396957680475758,430.25775146484375,0.030132361920140637,0,0,0.9963405151697704,0.017445149619879637,0.9963405151697704,2.4817360364681575e-09,0.0036594823484883197,3.348923781822684e-31
2024-08-08,0.030132361920140637,0.01870113208479858,0.026424434004401743,-0.1371362807869967,443.4197387695313,0.005208649180629967,0,0,0.9971600941091454,0.014058373753885444,0.9971600941091454,6.760003440258381e-10,0.0028399052149117145,7.043846364504562e-36
2024-08-09,0.005208649180629967,0.018682456240552897,0.014320312947289575,-0.3551568445707207,445.7353820800781,0.002151409102206251,0,0,0.9997101246973586,0.0019150747325894209,0.9997101246973586,5.002554095769883e-07,0.0002893750472103373,1.5735661381348766e-28
2024-08-12,0.002151409102206251,0.01867174756918335,0.012893808456867039,-0.18889580949478946,446.69537353515625,0.024509845447026193,0,0,0.9997305406709744,0.0017956563977152297,0.9997305406709744,7.520370416415136e-07,0.00026870729194275917,1.097558227976932e-25
2024-08-13,0.024509845447026193,0.019766658687443137,0.015500051095734548,0.3661335775178619,457.7790832519531,0.00032426983333313917,0,0,0.9975949461367178,0.012194656865399032,0.9975949461367178,2.4819038599067398e-08,0.0024050290441902664,2.277512589307315e-31
2024-08-14,0.00032426983333313917,0.018782555590339693,0.01450087804068619,-0.14327932870597748,457.9275512695313,0.02494931699529522,0,0,0.9997036017686193,0.0019526710507206664,0.9997036017686193,3.5465126133065756e-07,0.00029604358015550156,2.328765035962924e-27
2024-08-15,0.02494931699529522,0.01970641833142433,0.013574474640891756,0.09723284322579208,469.4962463378906,0.0012850175832187342,0,0,0.9988606832657361,0.006391488081915875,0.9988606832657361,2.5157622132294626e-08,0.0011392915765835677,1.08949540185403e-31
2024-08-16,0.0012850175832187342,0.01961007043581336,0.010020440346624387,0.0026870445911768466,470.0999450683594,0.013050340809414604,0,0,0.9994591581424005,0.0033255899350517868,0.9994591581424005,1.2017420021055414e-07,0.0005407216832997254,2.6080628032038722e-30
2024-08-19,0.013050340809414604,0.019544745892429626,0.016498021116335786,-0.48056578344427753,476.2751159667969,-0.0021007425362686537,0,0,0.9996559457014186,0.0022274944735787843,0.9996559457014186,2.198292266437401e-08,0.0003440323157101925,1.7432462560357702e-29
2024-08-20,-0.0021007425362686537,0.019534180690832688,0.009140912337423016,0.20742265012673541,475.275634765625,0.00465326255128982,0,0,0.9990758913930665,0.0053252053311962765,0.9990758913930665,2.3361921309263457e-07,0.0009238749877430101,1.7522618608956976e-30
2024-08-21,0.00465326255128982,0.017555371914073636,0.010466295943976566,-0.12960055901639753,477.4923706054688,-0.01598198428761905,0,0,0.9996653773897869,0.0022408029151885756,0.9996653773897869,2.7074978625650685e-05,0.00030754763156235805,5.969841676805851e-23
2024-08-22,-0.01598198428761905,0.017780356317690746,0.024702560462368454,0.38582334834976134,469.9217529296875,0.01078715409547737,0,0,0.9996721172395411,0.0021352641714724955,0.9996721172395411,2.0536777369008548e-07,0.0003276773925880302,1.6815385143275218e-24
2024-08-23,0.01078715409547737,0.017795381853522373,0.015541648864746094,-0.04548412680231153,475.018310546875,-0.00975563075209432,0,0,0.9997261312807555,0.0018364801721962168,0.9997261312807555,5.149516146957481e-06,0.0002687192031524364,5.255454894370355e-24
2024-08-26,-0.00975563075209432,0.017981795767489955,0.015020858129855525,-0.2727649331092037,470.40673828125,0.002982840253064705,0,0,0.9996469446029171,0.0022836642360792915,0.9996469446029171,9.280810456825434e-07,0.0003521273160652676,1.3784718876868445e-23
2024-08-27,0.002982840253064705,0.01763101643207562,0.01285763226203894,0.002088693797890502,471.8119812011719,-0.011412364211723034,0,0,0.9996996904027367,0.002019568392036815,0.9996996904027367,1.643662490436173e-05,0.00028387297244701523,1.9964945547225217e-22
2024-08-28,-0.011412364211723034,0.016655363084899767,0.019369840345836963,0.3063828891372041,466.4580993652344,-0.0014649356183966166,0,0,0.9996814310395357,0.0021531354044719685,0.9996814310395357,3.0857833793684764e-05,0.0002877111266015167,7.10132024670337e-20
2024-08-29,-0.0014649356183966166,0.015633311982807287,0.018187221119258516,0.09462543443883863,465.7752685546875,0.011848915100334294,0,0,0.9993062750925168,0.004471865660644156,0.9993062750925168,0.0004313317810619614,0.00026239312649622526,2.2403615665692393e-16
2024-08-30,0.011848915100334294,0.014614021420464224,0.013416726391038556,-0.20501296001508865,471.3270263671875,-0.03083132389264942,0,0,0.9936177364437269,0.028786102315480646,0.9936177364437269,0.006056421819378282,0.00032584173632194,6.196842877126495e-13
2024-09-03,-0.03083132389264942,0.014681653887527145,0.030142229453120714,0.29578860828818165,457.0171203613281,-0.002601953403301066,0,0,0.9983867197113603,0.008657558188710697,0.9983867197113603,2.3019434385367497e-06,0.0016109783452203867,8.63320497240611e-22
2024-09-04,-0.002601953403301066,0.014646492725114648,0.014589352021046857,-0.32493654668414224,455.82952880859375,0.0009332427044615765,0,0,0.9956377918139322,0.02120772567354627,0.9956377918139322,0.003960871866364768,0.00040133631962031683,5.316163172352231e-15
2024-09-05,0.0009332427044615765,0.014319310400045332,0.01609401087244952,0.058181661114488796,456.255126953125,-0.02715266308555219,0,0,0.9893093844055214,0.04376017756129377,0.9893093844055214,0.010348818550683925,0.00034179699900978403,4.4717562970127746e-11
2024-09-06,-0.02715266308555219,0.01432171252523415,0.02904009161870814,0.3848550122886521,444.03326416015625,0.012777737237642379,0,0,0.9989562385087404,0.006020250641319405,0.9989562385087404,3.035085821492313e-05,0.0010134106329373524,7.333493548099266e-19
2024-09-09,0.012777737237642379,0.014562654073111662,0.01241029845729954,-0.4284959713468119,449.743408203125,0.00919927646744869,0,0,0.9915823280599055,0.036084186873209904,0.9915823280599055,0.008076963791062527,0.0003407081489001032,6.759481181256071e-14
2024-09-10,0.00919927646744869,0.01469076402773581,0.01513103908340542,-0.10545417609299798,453.8998107910156,0.021482940496181976,0,0,0.9939786523818721,0.027431486603693416,0.9939786523818721,0.005704581758790178,0.0003167658504432413,8.818632990735656e-12
2024-09-11,0.021482940496181976,0.014447220531790482,0.03860269840463566,0.6672489176605608,463.7564086914063,0.009768229361118562,0,0,0.9735510617617152,0.08813176922012399,0.9735510617617152,3.0105995236956477e-07,0.02644863717824416,1.45281664071057e-25
2024-09-12,0.009768229361118562,0.014589693181237737,0.015193783912047568,-0.3671594245027338,468.3086853027344,0.004470058591370058,0,0,0.9947833687627258,0.025181724759399258,0.9947833687627258,0.00438523634346154,0.0008313948938039207,4.637721369705801e-16
2024-09-13,0.004470058591370058,0.013507842729970453,0.009004078790488484,-0.3194294289556107,470.40673828125,-0.004427767064399521,0,0,0.9094216509507239,0.2213921190932014,0.9094216509507239,0.09008941236769015,0.0004889319744055407,4.707143589345126e-09
2024-09-16,-0.004427767064399521,0.013541754822098436,0.00838891637445696,-0.25383105520826477,468.3284912109375,0.0005280047689349495,0,0,0.7510272242408815,0.4077021779917962,0.7510272242408815,0.24840993738783512,0.0005628057950031605,3.257624589535991e-08
2024-09-17,0.0005280047689349495,0.013182130361966365,0.014002418254989261,0.2866942299212465,468.5758361816406,-0.004338807093544551,1,1,0.6845843351368629,0.45115246853769786,0.3151620838728957,0.6845843351368629,0.000252996323172804,5.846671319604902e-07
2024-09-18,-0.004338807093544551,0.013203103316755728,0.016969285505199133,0.28260010877825276,466.5471801757813,0.02496969904028148,1,1,0.8646976559390952,0.2866454707856204,0.13517292660061903,0.8646976559390952,0.00012904596056591042,3.7149963747205857e-07
2024-09-19,0.02496969904028148,0.014383781107036588,0.011875250177728783,0.2795728226218425,478.3433837890625,-0.0019049856232932628,0,1,0.5772930622624458,0.5029532467016621,0.42005540594993407,0.5772930622624458,0.0026515317112415665,7.631027591951593e-11
2024-09-20,-0.0019049856232932628,0.013891990169560482,0.011172404073379326,-0.4229707307719401,477.4330139160156,0.002647133010372583,1,1,0.64434223328418,0.4713996918639503,0.35532991756200366,0.64434223328418,0.0003277620525920327,8.710119746122268e-08
2024-09-23,0.002647133010372583,0.013701709888992563,0.005258381293452753,-0.3306329428884881,478.6985168457031,0.004811943074076223,1,1,0.8643342101967707,0.2873135185696692,0.13549909539132043,0.8643342101967707,0.0001666477077793899,4.6704058483457387e-08
2024-09-24,0.004811943074076223,0.013520217298110065,0.01269129366565807,0.04369577455150105,481.0075378417969,0.0009267573253060415,1,1,0.941783443420125,0.16065071495219935,0.0581261195319535,0.941783443420125,9.012500085946682e-05,3.1204709857969977e-07
2024-09-25,0.0009267573253060415,0.013513076386947421,0.006648575475757489,0.022754183931338077,481.4535217285156,0.007485036951198296,1,1,0.9851826091259784,0.0560100908362724,0.014731417023740557,0.9851826091259784,8.587115080207812e-05,1.0269951522439037e-07
2024-09-26,0.007485036951198296,0.013256898414784432,0.016139956267718972,0.1873409724427399,485.07073974609375,-0.0055725359989904286,1,1,0.9883264826584475,0.04622796852793508,0.011583865272322354,0.9883264826584475,8.927840758300224e-05,3.736617491900973e-07
2024-09-27,-0.0055725359989904286,0.013344221845248262,0.010436604190742167,-0.33736769741996914,482.3751831054688,0.0027082568171287996,1,1,0.9907849007597084,0.03815366544394751,0.009120620055303653,0.9907849007597084,9.407367735627573e-05,4.0550766137055343e-07
2024-09-30,0.0027082568171287996,0.013135061106640871,0.011248366324481127,0.28152449929311657,483.683349609375,-0.014030540364133827,1,1,0.9976488037442253,0.012105628799253866,0.002312407680268457,0.9976488037442253,3.783792606213147e-05,9.506493575398067e-07
2024-10-01,-0.014030540364133827,0.011394277075288279,0.0220250718837457,0.34450386106513753,476.94439697265625,0.0014119968862908157,1,1,0.9973240013322219,0.013613832102766635,0.0025998809765287096,0.9973240013322219,7.556402695407482e-05,5.536642038925075e-07
2024-10-02,0.0014119968862908157,0.01134169826542254,0.012781416134632696,-0.5876977495985667,477.6183166503906,-0.0007472794019159985,1,1,0.9994664933529405,0.0035272133165876332,0.0004104626813236742,0.9994664933529405,1.610510625998951e-05,0.0001069388594836185
2024-10-03,-0.0007472794019159985,0.011358839387306335,0.011545085240293967,0.06494380456518459,477.2615356445313,0.011827794002376907,1,1,0.9995624474697083,0.0029786829501031323,0.00030306017959410387,0.9995624474697083,1.0862358428156095e-05,0.00012362999221818984
2024-10-04,0.011827794002376907,0.00918418681030603,0.01126567789514633,0.19155240567227316,482.9400024414063,-0.010769328890004695,1,1,0.9919173858594053,0.03444091012595797,0.00011398130453356269,0.9919173858594053,2.242926455846671e-05,0.007946203571524502
2024-10-07,-0.010769328890004695,0.00952945536316033,0.011823298350689942,-0.20594674869182245,477.7669677734375,0.014824167329365248,1,1,0.9980282502034156,0.010747698911687902,0.00014901106418025492,0.9980282502034156,2.219284018912742e-05,0.0018005458921471706
2024-10-08,0.014824167329365248,0.009800502138973653,0.012548506609522557,0.12399258704673546,484.9022216796875,0.007837719263988737,1,1,0.9988565151905274,0.006934266305778882,0.0002469397405811249,0.9988565151905274,2.8963736080269162e-05,0.0008675813327069697
2024-10-09,0.007837719263988737,0.008902115481499565,0.011720569503870014,-0.12319611071180696,488.7176818847656,-0.0011363177863796107,1,1,0.9831822831960128,0.062104820093483684,9.81060332634014e-05,0.9831822831960128,1.3801049827169086e-05,0.0167058097209986
2024-10-10,-0.0011363177863796107,0.008774366634946344,0.01002862924162526,0.029774356104143064,488.1626586914063,0.0015620340648069097,1,1,0.9438854943594651,0.15629130369121516,5.302457436588691e-05,0.9438854943594651,1.0854729648493484e-05,0.05605062633659001
2024-10-11,0.0015620340648069097,0.008756684043648173,0.008553594425976809,-0.22100122086411675,488.92578125,0.008356411060646307,1,1,0.8913359731175988,0.2483344097762498,5.1578383205983425e-05,0.8913359731175988,1.0253966223419284e-05,0.10860219453294605
2024-10-14,0.008356411060646307,0.008734685833721745,0.007175832777167085,0.23295646888231863,493.028564453125,-0.01345693108030949,1,1,0.8442447583140337,0.3125200199042398,4.944423383560312e-05,0.8442447583140337,2.386054534383594e-05,0.15568193690673066
2024-10-15,-0.01345693108030949,0.009438191942004294,0.020006126519529363,0.28876647627263247,486.4383544921875,0.00012214105952521384,1,1,0.9993817390045281,0.00411914775426472,0.00027154518905417286,0.9993817390045281,2.92203714563931e-05,0.00031749543490626036
2024-10-16,0.00012214105952521384,0.009335881954630467,0.008392567041724556,-0.4138168094456806,486.4977722167969,0.0006923525051118102,1,1,0.9856982748192389,0.05440269904758739,6.215446778875046e-05,0.9856982748192389,8.871928630738734e-06,0.014230698784257496
2024-10-17,0.0006923525051118102,0.007626809008165705,0.010788779222328128,0.16825520248551062,486.834716796875,0.006533279778736253,1,1,0.6720044768302033,0.45677620661198787,2.9456990647506885e-05,0.6720044768302033,1.574842710494373e-05,0.3279503177521169
2024-10-18,0.006533279778736253,0.007697719526023631,0.00459081344802714,-0.07142343937246784,490.0257568359375,0.0019194797124813987,3,3,0.8184647143292071,0.34187812423684183,1.1785113047972921e-05,0.18151383819917374,9.662358662316072e-06,0.8184647143292071
2024-10-21,0.0019194797124813987,0.007692743766444139,0.009930994498372328,0.1801647690764209,490.9672546386719,0.0010893482429818753,3,3,0.9744103332230606,0.08589583552254446,9.373220789190946e-07,0.025588189852290454,5.396026202501872e-07,0.9744103332230606
2024-10-22,0.0010893482429818753,0.007647315955699045,0.01104930050960479,-0.1282200192785888,491.50238037109375,-0.015442534612181343,3,3,0.9886769623500596,0.04472394219892275,2.5320188902897444e-07,0.011322679929019804,1.0451896609250065e-07,0.9886769623500596
2024-10-23,-0.015442534612181343,0.008493632028296873,0.018838587277801338,0.38827797833858696,483.97064208984375,0.008076135860486573,1,1,0.8654639323199501,0.2850596266287707,2.078723906025823e-05,0.8654639323199501,4.789618442880469e-06,0.13451049082244218
2024-10-24,0.008076135860486573,0.008521077293319286,0.00723106415671067,-0.5802359355474753,487.8950805664063,0.00607520287799824,1,1,0.7781639154092187,0.38203387103481423,3.0657735031854495e-05,0.7781639154092187,7.651462358736387e-06,0.2217977753933452
2024-10-25,0.00607520287799824,0.008497292387087487,0.011810558865001314,0.5652693336046525,490.8681640625,0.00016150622806978957,1,1,0.5835083712642717,0.4901001467907345,1.5049673308562572e-05,0.5835083712642717,1.032115212252313e-05,0.4164662579102381
2024-10-28,0.00016150622806978957,0.008487413762411569,0.006903477901275202,-0.638101592595305,490.9474487304688,0.009562480718829426,3,3,0.6011086693394713,0.48528495059241,1.165329182614297e-05,0.39887525430722637,4.423061446115336e-06,0.6011086693394713
2024-10-29,0.009562480718829426,0.00794809423707476,0.014995201425715636,0.31336658232806924,495.6646423339844,-0.007586298518869363,3,3,0.5570403700028227,0.4957297492277343,3.9565336429827225e-05,0.44290274228680365,1.7322373972400788e-05,0.5570403700028227
2024-10-30,-0.007586298518869363,0.008228399765876927,0.008985034471988973,0.06032283747486164,491.9186096191406,-0.025566771456239538,3,3,0.6428469682868785,0.4703474610678487,1.7394917710835912e-05,0.35712822143146267,7.41536390017902e-06,0.6428469682868785
2024-10-31,-0.025566771456239538,0.010213372532695707,0.017939428678904048,0.3265039500444582,479.5012512207031,0.007371743637347475,1,1,0.998878476206665,0.006650446010154961,0.0009814502785319996,0.998878476206665,0.00011994031409142777,2.0133200751604185e-05
2024-11-01,0.007371743637347475,0.00999338183737372,0.011386225460812626,-0.20334933857981435,483.049072265625,-0.0029175316085121848,1,1,0.9977262099796512,0.012077593946013824,0.00015663652242721245,0.9977262099796512,9.855378297093622e-06,0.0021072981195661778
2024-11-04,-0.0029175316085121848,0.009697421336672816,0.010555348202162359,-0.36809262324470654,481.6418151855469,0.012676279018763642,1,1,0.9951321437653237,0.022595888111921737,9.598666041463228e-05,0.9951321437653237,1.0516042596183791e-05,0.004761353531638966
2024-11-05,0.012676279018763642,0.009539932843617321,0.010889693346726405,0.04458690199423303,487.7861022949219,0.026800737799226076,1,1,0.9963792687413501,0.017836298179549417,0.00015478754479868225,0.9963792687413501,1.9487000063703117e-05,0.0034464567138972764
2024-11-06,0.026800737799226076,0.011137469707550909,0.01346967391799706,0.5704302362218805,501.035888671875,0.015621642111025279,1,1,0.9973883189867403,0.014316429362994083,0.001684560602034935,0.9973883189867403,0.000926381028102626,7.393831447722391e-07
2024-11-07,0.015621642111025279,0.011570855527084298,0.011664176126973668,-0.27106380994599444,508.9243469238281,0.0011677931609067789,1,1,0.9989878291601753,0.005904316935640434,0.0009718774381343237,0.9989878291601753,2.8331446137430645e-05,1.1961955628209733e-05
2024-11-08,0.0011677931609067789,0.011572124663559679,0.0048819576265451995,-0.3598399011652877,509.5190124511719,-0.0005837261128547323,1,1,0.9996466314872151,0.0024072606695213754,0.000302772547902911,0.9996466314872151,1.4342654619745146e-05,3.6253310256369465e-05
2024-11-11,-0.0005837261128547323,0.011488589281849426,0.009068977538840364,0.05280254770275977,509.2216796875,-0.0018115212394638198,1,1,0.9996302337542963,0.0025506616940967485,0.000277312206708269,0.9996302337542963,1.2268577829403783e-05,8.018546123673124e-05
2024-11-12,-0.0018115212394638198,0.010967761698160272,0.009416831072038053,0.06673301846915851,508.300048828125,-0.0012876340534869939,1,1,0.9995145303792589,0.003284625788953787,0.0001781513613613113,0.9995145303792589,1.017255272030169e-05,0.00029714570671295147
2024-11-13,-0.0012876340534869939,0.010986320352790263,0.009819362150744155,-0.050321412997856765,507.6459655761719,-0.006973956583766341,1,1,0.9994733502633601,0.0035351243371756743,0.00020973343926519955,0.9994733502633601,1.0024200767885248e-05,0.0003068920965202175
2024-11-14,-0.006973956583766341,0.011171215873023228,0.009868464073559426,0.15476222099978143,504.1179809570313,-0.024114292298111812,1,1,0.9996706636615664,0.0023219047833429106,0.0002214087953762072,0.9996706636615664,1.3396697695733244e-05,9.453084526748404e-05
2024-11-15,-0.024114292298111812,0.012502405967823876,0.017802114923382482,0.584643600623316,492.10693359375,0.006923665862853095,1,1,0.996318630271845,0.01795329679653827,0.003545458598239663,0.996318630271845,0.00013590225763047335,8.872239355573202e-09
2024-11-18,0.006923665862853095,0.012588158140001795,0.01081957477896239,-0.6420011927458187,495.5259399414063,0.006856118410636002,1,1,0.9987986026106114,0.006793159418383376,0.0011754946355245497,0.9987986026106114,2.0610379480660444e-05,5.292374384976522e-06
2024-11-19,0.006856118410636002,0.012669066919944844,0.013645623786132903,-0.0992135370184611,498.93499755859375,-0.0005761608872490256,1,1,0.9975347224102711,0.012605079889875238,0.0024271253669312627,0.9975347224102711,3.530821542964867e-05,2.8440073026124512e-06
2024-11-20,-0.0005761608872490256,0.01209196451312758,0.013752833521602996,0.18699668833210406,498.6476135253906,0.0035907385444234217,1,1,0.9991699904312215,0.004964246546556554,0.0007963730911336852,0.9991699904312215,1.6828043629259624e-05,1.6808433940397435e-05
2024-11-21,0.0035907385444234217,0.012004736593807661,0.018614586106337726,0.1551247967456659,500.44134521484375,0.0016027677491654484,1,1,0.9978897779773713,0.011073731638514073,0.0020628050080709736,0.9978897779773713,4.258812880621896e-05,4.828885863438626e-06
2024-11-22,0.0016027677491654484,0.01195204557139091,0.00741414408479155,-0.37093033413076004,501.24407958984375,0.00158038645830484,1,1,0.9994537589689071,0.0034722213453068766,0.0005079294888040816,0.9994537589689071,1.3872687335781561e-05,2.4438854976993726e-05
2024-11-25,0.00158038645830484,0.011950730863734417,0.014192942011059067,0.1016215710721162,502.036865234375,0.005354816997776184,1,1,0.9991933231283583,0.004860869537243432,0.0007666476932081685,0.9991933231283583,1.7307115596505572e-05,2.2722062775870192e-05
2024-11-26,0.005354816997776184,0.011830659617667227,0.005713619752328919,0.006872957194069513,504.7323913574219,-0.007904575838142362,1,1,0.9995854504637731,0.0027331863050932895,0.0003788529635020997,0.9995854504637731,2.0816523495895753e-05,1.4880049156825286e-05
2024-11-27,-0.007904575838142362,0.011842892517021397,0.012487626580309797,-0.062126760491102134,500.7584228515625,0.008748523384352922,1,1,0.9990836946650651,0.005424902010869629,0.0008751984821734188,0.9990836946650651,2.578087442504404e-05,1.53259782422677e-05
2024-11-29,0.008748523384352922,0.010176625752837268,0.009867773523093834,-0.4870977862721335,505.1585388183594,0.010829125898555067,1,1,0.9984352233259846,0.008763677607512649,0.0001226311288042975,0.9984352233259846,7.525312070937582e-06,0.0014346202332211006
2024-12-02,0.010829125898555067,0.010290563701952717,0.010945321836121978,0.4946739732032252,510.65869140625,0.0030614173977449475,1,1,0.9987809434134072,0.007068372584238471,8.216679474479531e-05,0.9987809434134072,1.987118409500922e-05,0.0011170186076929127
2024-12-03,0.0030614173977449475,0.010202833221318262,0.007313307664566545,-0.30169788722062785,512.2244262695312,0.012287223452032986,1,1,0.9977184124740972,0.011997589508694046,0.0001034251814266242,0.9977184124740972,8.128174533542674e-06,0.002170034169886403
2024-12-04,0.012287223452032986,0.010183923504170685,0.007491579467478011,0.3383577677471884,518.5570678710938,-0.002774902501237886,1,1,0.9989279726996003,0.006414435014589144,0.00010879591419237372,0.9989279726996003,3.132222043675632e-05,0.0009319091657410399
2024-12-05,-0.002774902501237886,0.008575183301432253,0.005020975315623964,-0.36165657101002824,517.1201171875,0.008909620030378528,1,1,0.9523513427943866,0.13856391814892652,4.94776548260459e-05,0.9523513427943866,1.9069422593255043e-05,0.047580110128168464
2024-12-06,0.008909620030378528,0.00811575124577097,0.008300401305471647,0.26836304826064733,521.748046875,-0.007817858076068688,1,1,0.7335934531253618,0.41863249925656243,4.1111501990507146e-05,0.7335934531253618,2.9049990906918797e-05,0.2663363853818061
2024-12-09,-0.007817858076068688,0.008365097264176573,0.009820446485051306,-0.13921669618468452,517.6849975585938,-0.00341348833409903,1,1,0.7384966913799269,0.4149490714815768,4.6760001632658424e-05,0.7384966913799269,1.5651422222897934e-05,0.26144089719616503
2024-12-10,-0.00341348833409903,0.008413436121304109,0.011947814118278775,0.1636356295961756,515.9208984375,0.017744240794815697,1,1,0.6571977480499368,0.4640388709835669,3.135718284184746e-05,0.6571977480499368,8.137455623443634e-06,0.34276275731169864
2024-12-11,0.017744240794815697,0.009210485762476633,0.01136012735929301,0.2784589719690242,525.1572265625,-0.006474758963423006,1,1,0.9734068666987381,0.08967916036212364,0.00019919952301876057,0.9734068666987381,6.510743079556013e-05,0.026328826347487247
2024-12-12,-0.006474758963423006,0.009368678214706824,0.005584050221094492,-0.31069795406172007,521.7679443359375,0.007625282049773405,1,1,0.9909868443975175,0.03752551954590465,8.15476123191706e-05,0.9909868443975175,1.975937639555239e-05,0.008911848613848493
2024-12-13,0.007625282049773405,0.009252209191933146,0.011064397476175202,0.19940173246738838,525.7617797851562,0.014297789198307887,1,1,0.9839414041016651,0.059779248471928524,7.697988576440756e-05,0.9839414041016651,1.3426357775666274e-05,0.015968189654878426
2024-12-16,0.014297789198307887,0.0073058776633324095,0.011427661536985432,0.10541298054328152,533.3330078125,-0.004413528958255958,1,1,0.8595531322963176,0.2940549802462482,0.00013023839369744956,0.8595531322963176,0.00010119283174296418,0.14021543647831783
2024-12-17,-0.004413528958255958,0.007506012712399309,0.006252287536878256,-0.1124318989935234,530.9843139648438,-0.036743724176582,3,3,0.6492867911829255,0.4676195097451262,1.7947445155037966e-05,0.3506792543516418,1.6007020301965242e-05,0.6492867911829255
2024-12-18,-0.036743724176582,0.011652518412944922,0.042345143682629934,0.6492465271778513,511.82806396484375,-0.004463312190006168,0,0,0.5350707570700727,0.5078006396074621,0.5350707570700727,0.002070528290088522,0.46285871463986394,8.807494275737821e-23
2024-12-19,-0.004463312190006168,0.011717269042653489,0.01542290086811019,-0.16372229286242468,509.5487060546875,0.00869461543997068,0,0,0.7578518289926783,0.4707801068157602,0.7578518289926783,0.2076780702277329,0.03446950131587053,5.99463809507005e-07
2024-12-20,0.00869461543997068,0.011829838290367548,0.029942543445451577,0.26493919413511996,513.9983520507812,0.009695583919310854,0,0,0.9592057683953449,0.1401177514990767,0.9592057683953449,0.029789077804238666,0.011005153790518439,9.847834225729546e-12
2024-12-23,0.009695583919310854,0.011976919432222689,0.013617142279490988,-0.712908308634626,519.006103515625,0.013468764146713998,0,1,0.5050921342707428,0.5054802649621554,0.49383892115580474,0.5050921342707428,0.0010659705254124113,2.974047971959541e-06
2024-12-24,0.013468764146713998,0.012260184634263673,0.011057410198131607,-0.5247097240108278,526.0437622070312,-0.0006796836714989067,1,1,0.9308628157175728,0.181808979548648,0.06905662903984869,0.9308628157175728,7.694426373142473e-05,3.6109789221142967e-06
2024-12-26,-0.0006796836714989067,0.012256223404609556,0.009308898986120263,0.08366975185993251,525.6863403320312,-0.01338219590719227,1,1,0.9961097784931188,0.018523679750705024,0.0038575187274196526,0.9961097784931188,2.3074106832220495e-05,9.628672641743396e-06
2024-12-27,-0.01338219590719227,0.012547733751183229,0.016438355204381225,0.5724408852191182,518.6983642578125,-0.013389164587550333,1,1,0.9988603656562038,0.006489103487025597,0.0011118283056052013,0.9988603656562038,2.724305495573361e-05,5.629832802424447e-07
