Date,log_return,rolling_volatility_20,daily_range,volume_change,current_close,next_log_return,state_viterbi_past_only,state_posterior_argmax,posterior_confidence,posterior_entropy,p_state_0,p_state_1,p_state_2,p_state_3
2023-05-10,0.010930188844400906,0.02109339209380606,0.02257228395636863,0.159588024664152,28.825855255126957,-0.010685248709701856,0,0,0.9958604078475342,0.01957340926884544,0.9958604078475342,5.364123496007046e-05,2.299070619919052e-07,0.004085721010451032
2023-05-11,-0.010685248709701856,0.02132920144414756,0.024634351418017442,-0.13673053253894546,28.51948356628418,-0.008362953895759728,0,0,0.9949690489720854,0.023015427379020795,0.9949690489720854,4.548034073499262e-05,3.866030630185376e-07,0.0049850840841338525
2023-05-12,-0.008362953895759728,0.021424811349821937,0.02589982906548936,-0.16107617411984204,28.281970977783203,0.021399560411345185,0,0,0.994750624335915,0.02384464312195832,0.994750624335915,4.4871384941185614e-05,4.219399985856185e-07,0.005204082339119538
2023-05-15,0.021399560411345185,0.021786765404317905,0.028218128014303304,0.06939003766051767,28.89371490478516,0.008940005967186998,0,0,0.9983351599481846,0.00907786031265031,0.9983351599481846,6.202246106504198e-05,5.001095163943636e-07,0.0016023174812345024
2023-05-16,0.008940005967186998,0.02127776636802045,0.03553213056259702,0.42459645065856444,29.15318298339844,0.03249930604081079,0,0,0.9952244874966211,0.022344503753728238,0.9952244874966211,0.00015624496142551837,2.214858433182077e-07,0.00461904605612621
2023-05-17,0.03249930604081079,0.022262323972219417,0.02548210990001683,-0.03826123768185545,30.1162052154541,0.048509273172904564,0,0,0.9993417589111101,0.004141280659749218,0.9993417589111101,8.4722040213286e-05,1.1124871541871391e-06,0.0005724065615030957
2023-05-18,0.048509273172904564,0.022884012945752565,0.04760399785770991,0.5487085119374127,31.613134384155277,-0.013155110232823158,0,0,0.9972858846409167,0.013570533046892985,0.9972858846409167,0.0027052201226562857,1.517954556031266e-06,7.377281884358058e-06
2023-05-19,-0.013155110232823158,0.02331365815060108,0.021238471046296285,-0.45735854986097674,31.19998359680176,-0.002818531703835089,0,0,0.9995878906724486,0.002718336674050813,0.9995878906724486,3.792082568037045e-05,3.054352873206189e-06,0.00037113414900314464
2023-05-22,-0.002818531703835089,0.02331309967908663,0.026943807305421657,-0.24211935575647534,31.11216926574707,-0.01577695009058225,0,0,0.9993006200996781,0.004288385878818877,0.9993006200996781,4.1053886550749515e-05,1.1400923865172104e-06,0.0006571859213906317
2023-05-23,-0.01577695009058225,0.022310990578351106,0.02140900657888603,-0.04325270167311161,30.62516593933105,-0.004900065616454409,0,0,0.9989571651549587,0.006067786223386785,0.9989571651549587,5.1411068182911505e-05,5.504651821180788e-07,0.0009908733116974458
2023-05-24,-0.004900065616454409,0.022012201068863434,0.026229634956157894,0.7055789531993127,30.47546768188477,0.21808811080914245,0,0,0.9958680454733476,0.020162773734493437,0.9958680454733476,0.0003285330102338164,7.62857590849023e-08,0.0038033452306602184
2023-05-25,0.21808811080914245,0.052267993652469216,0.07490787927838943,0.7608539806369352,37.90223693847656,0.0251162069026237,1,1,1.0,7.474338213496566e-14,3.105742843181786e-48,1.0,8.906386600316959e-16,3.9418317341479567e-85
2023-05-26,0.0251162069026237,0.05230032671990536,0.04159602956473702,-0.7706352562109183,38.86625289916992,0.0294745951343505,1,1,0.9985980462119711,0.007654687843908058,3.4045405673896454e-32,0.9985980462119711,0.0014019537880457322,4.3370514486201066e-58
2023-05-30,0.0294745951343505,0.0520847283434105,0.04958735534041448,0.25662476280123686,40.02886962890625,-0.05844247346437376,1,1,0.9922069647079903,0.032889172174825294,1.3076776913019356e-31,0.9922069647079903,0.007793035292004175,1.879845765145754e-46
2023-05-31,-0.05844247346437376,0.05400382763912803,0.06536447630943311,0.08226836346898556,37.75653076171875,0.049904728387886045,1,1,0.9992445936090532,0.004461660311089463,7.2470303437977295e-40,0.9992445936090532,0.0007554063909731846,8.6677811141644e-50
2023-06-01,0.049904728387886045,0.05409045309157405,0.04299721058059078,-0.4553330986298668,39.688568115234375,-0.011201552553732685,1,1,0.9994293614395535,0.003485865045247897,1.3461267189889376e-36,0.9994293614395535,0.0005706385604348794,3.0765023489369266e-52
2023-06-02,-0.011201552553732685,0.05415882036525807,0.036666955401690716,-0.27553929517731246,39.24647521972656,-0.003974655164449131,1,1,0.9955624147221367,0.02053603237332203,2.7420240942859066e-36,0.9955624147221367,0.004437585277866974,1.4956709098809437e-51
2023-06-05,-0.003974655164449131,0.054107223940066576,0.021903905002929488,-0.19780800586524133,39.09079360961914,-0.013286222636539112,1,1,0.9961423292253802,0.018242853715545307,7.858539093092284e-37,0.9961423292253802,0.003857670774592408,1.944747849460847e-53
2023-06-06,-0.013286222636539112,0.054489818756866266,0.02618101762237398,-0.01876911408142146,38.57485961914063,-0.030872999019639292,1,1,0.9971447766831952,0.014123096837990418,7.891541508544377e-38,0.9971447766831952,0.0028552233167876656,4.8132950525460727e-54
2023-06-07,-0.030872999019639292,0.054897594543224175,0.057184833719909706,0.2754382760401335,37.40213394165039,0.0272439544895747,1,1,0.9988218637303959,0.006580552428650549,1.709483064580613e-39,0.9988218637303959,0.0011781362696129782,1.8251769960561087e-51
2023-06-08,0.0272439544895747,0.0549774582757754,0.03528946777987284,-0.20338488961702403,38.43512344360352,0.00672871328404367,1,1,0.998423723408265,0.00847313372291402,3.7517315182612736e-38,0.998423723408265,0.0015762765917575472,3.71658447846169e-54
2023-06-09,0.00672871328404367,0.0546966939645747,0.029507278278964467,0.02352593276465411,38.69461441040039,0.018198061427302344,1,1,0.9974312150722474,0.012902414131185466,7.302576018943322e-38,0.9974312150722474,0.002568784927734667,3.2493661024418733e-54
2023-06-12,0.018198061427302344,0.05441477324533483,0.023099103002144433,-0.0956513513964824,39.40522766113281,0.03826365810734183,1,1,0.9975027561312073,0.01259402502306459,1.4660527317929827e-37,0.9975027561312073,0.002497243868781382,1.5072733919408823e-54
2023-06-13,0.03826365810734183,0.05462358833870615,0.03317732149328355,0.4558937826939467,40.94223403930664,0.04702222148906404,1,1,0.9996277397298746,0.002388761991673498,2.650208065923315e-38,0.9996277397298746,0.0003722602701738777,2.302037321684815e-55
2023-06-14,0.04702222148906404,0.05497479536399234,0.05693424582523262,0.18857417400259582,42.91341018676758,-0.008032893593857532,1,1,0.9996738904765852,0.0021237582013335517,1.332028580156056e-38,0.9996738904765852,0.0003261095234158223,9.654416242413117e-55
2023-06-15,-0.008032893593857532,0.05521039704647939,0.02677425055637896,-0.264062477238128,42.570072174072266,0.0009139609960010645,1,1,0.9982641730566533,0.009209953497811677,4.001490144997197e-39,0.9982641730566533,0.0017358269433597352,2.714050720556661e-56
2023-06-16,0.0009139609960010645,0.054818940215917614,0.024829039163104125,0.14250120297316812,42.6089973449707,0.025804820041549707,1,1,0.9985198177575751,0.00802379873483857,9.121610436201396e-39,0.9985198177575751,0.0014801822424784915,9.604750158260104e-56
2023-06-20,0.025804820041549707,0.05445965200108129,0.030040219421727823,-0.37391056487315044,43.72282409667969,-0.017570281880596634,1,1,0.9979761837493885,0.010513664865509212,4.730900618366552e-37,0.9979761837493885,0.0020238162505864916,3.527043791758665e-53
2023-06-21,-0.017570281880596634,0.05483895656089916,0.03566035341405893,0.20102205653661132,42.96131134033203,-0.00046485467734037964,1,1,0.9980960416270508,0.009974936065508004,1.4161697644154673e-38,0.9980960416270508,0.0019039583729137859,8.456132568631524e-54
2023-06-22,-0.00046485467734037964,0.05447566822646867,0.02770476434170962,-0.2779765367271407,42.94134521484375,-0.019147819918546666,1,1,0.9966894863952924,0.016021286199930627,3.55238344505664e-37,0.9966894863952924,0.003310513604663238,2.648930699349172e-53
2023-06-23,-0.019147819918546666,0.05486751567418537,0.01881112381602419,-0.15392807649231566,42.12693405151367,-0.03807769277578638,1,1,0.9985498393987922,0.007882507513820618,2.5754171883300812e-39,0.9985498393987922,0.0014501606012554459,7.800033577473531e-57
2023-06-26,-0.03807769277578638,0.02910836484827339,0.06556412351950734,0.5064972886197449,40.55299377441406,0.030157115639567588,1,1,0.899897785181656,0.23482019980454247,2.38028480194357e-05,0.899897785181656,0.1000784119606796,9.623485241270847e-12
2023-06-27,0.030157115639567588,0.029327481397184784,0.03562892312322723,-0.2514776527898492,41.79458236694336,-0.018291352994817087,2,2,0.8403050087883653,0.38311734100866546,0.04193953467086351,0.11775545156877892,0.8403050087883653,4.971939212548853e-09
2023-06-28,-0.018291352994817087,0.02905587934081401,0.032273746761515495,0.23162417634398763,41.037052154541016,-0.007200405135592847,2,2,0.9583340020420414,0.14424459027657982,0.027421920704658362,0.014243933760995052,0.9583340020420414,1.434922964873712e-07
2023-06-29,-0.007200405135592847,0.02556540864189658,0.024496595815700645,-0.42604481326511784,40.74263000488281,0.03561332418015743,2,0,0.6433622809862635,0.47882545515011365,0.6433622809862635,0.0018594105627225254,0.3547038000668543,7.450838415454457e-05
2023-06-30,0.03561332418015743,0.024381408108113213,0.024797877938158668,0.27537849632442135,42.219757080078125,0.0026202452689849075,0,0,0.9923158449477706,0.03377371695868284,0.9923158449477706,0.00040624526241643077,0.007253215780964457,2.4694008833356e-05
2023-07-03,0.0026202452689849075,0.024149745083062887,0.01641004350210324,-0.9275794370987527,42.330528259277344,-0.0022658518094946217,0,0,0.9996327597110269,0.002513992383776039,0.9996327597110269,4.5595138136668194e-05,2.0219934045846284e-05,0.0003014252167914689
2023-07-05,-0.0022658518094946217,0.024123865882371538,0.02580520876490588,0.49024177832176025,42.23472213745117,-0.005069741385447678,0,0,0.9995857665208542,0.002834771003824555,0.9995857665208542,0.00018339640968488558,7.03685597726451e-07,0.00023013338383425834
2023-07-06,-0.005069741385447678,0.023885143002112016,0.01978481748155689,-0.06391205263851729,42.02114486694336,0.009455418252551865,0,0,0.9998018329526863,0.0014450062682392602,0.9998018329526863,4.568040475328869e-05,1.4978711448737848e-06,0.00015098877137786307
2023-07-07,0.009455418252551865,0.022418678545843777,0.024327704793057847,0.15894465008226158,42.42035675048828,-0.007628588661578713,0,0,0.999021686030903,0.005736080731405301,0.999021686030903,4.781827583969463e-05,4.24846918196126e-07,0.0009300708463051387
2023-07-10,-0.007628588661578713,0.022056805620817906,0.027548661808188196,-0.0055594129569075425,42.09798049926758,0.005320040944874459,0,0,0.9974316925032536,0.01308913270525974,0.9974316925032536,5.2588975388863054e-05,5.463213222921708e-07,0.0025151722000662496
2023-07-11,0.005320040944874459,0.022051735479431542,0.016295203331781243,-0.1711250489271913,42.322540283203125,0.034693818524434324,0,0,0.9988719797950661,0.006437271018058758,0.9988719797950661,2.9431131797178843e-05,4.567362331914443e-07,0.0010981323368880098
2023-07-12,0.034693818524434324,0.02288455450305315,0.02637695172829193,0.47853104449987965,43.8166389465332,0.04618162952291824,0,0,0.9996587568035131,0.0023727348139842047,0.9996587568035131,0.00022098177788105653,3.795498966661812e-07,0.00011988186866398792
2023-07-13,0.04618162952291824,0.02354372511812467,0.0361702189445511,-0.006405568234130763,45.88761520385742,-0.011110558981602838,0,0,0.9994305760065325,0.003600602644795031,0.9994305760065325,0.0005273230823560587,6.417560755227658e-06,3.568335032724018e-05
2023-07-14,-0.011110558981602838,0.021689341600206517,0.0665948175692353,0.4790442758748604,45.38059997558594,0.021582371491805117,1,1,0.5283603944642624,0.5171461918940053,0.4672802861436241,0.5283603944642624,0.00014068344903147594,0.004218635943041993
2023-07-17,0.021582371491805117,0.02192089979860846,0.02655985415459718,-0.41371456460292894,46.37066650390625,0.02199011619865603,0,0,0.9941095612464658,0.030254255851727856,0.9941095612464658,0.002028085989347187,0.0008470241395093267,0.0030153286246862457
2023-07-18,0.02199011619865603,0.022254836000467466,0.045521513715328504,0.10880148659142738,47.40165710449219,-0.008818868182782727,0,0,0.9984997958103734,0.008946267092224803,0.9984997958103734,0.0007114234132687095,2.493150723930436e-05,0.0007638492691074142
2023-07-19,-0.008818868182782727,0.021922447580406453,0.022856176504359105,-0.2862096508251167,46.98546600341797,-0.03363271824696026,0,0,0.9978060367008941,0.011399373526364224,0.9978060367008941,3.329438914026927e-05,8.238605636366474e-07,0.002159845049417449
2023-07-20,-0.03363271824696026,0.02300620457826606,0.04448597331974613,0.22964863257726872,45.43149566650391,-0.026964218545321193,0,0,0.990032965676597,0.04534142565503201,0.990032965676597,0.004859164567492263,1.4761940918037554e-05,0.005093107814954762
2023-07-21,-0.026964218545321193,0.023947653512509687,0.0398565241924085,0.5832440400337853,44.22283935546875,0.006815220555871527,0,0,0.9954287710917632,0.023391166080372575,0.9954287710917632,0.0025699243475532717,1.8174725319873294e-05,0.001983129835333739
2023-07-24,0.006815220555871527,0.02347010272414689,0.023962168381621594,-0.9240811568824012,44.5252571105957,0.023635977581976574,0,0,0.9980637369077918,0.010382032651509505,0.9980637369077918,8.511514457926502e-05,1.6418874233532558e-06,0.0018495060601795702
2023-07-25,0.023635977581976574,0.021815837213022868,0.027583753978044634,-0.09433527114601839,45.59019088745117,-0.004981934137708574,0,0,0.9983326980556819,0.009085828267012845,0.9983326980556819,6.003198759901211e-05,7.177138376290504e-07,0.001606552242929555
2023-07-26,-0.004981934137708574,0.02116070484573925,0.03130776085107733,0.045369543353833114,45.36362838745117,0.009808361771597081,0,0,0.9913876495334482,0.03606088631183481,0.9913876495334482,8.193126385243751e-05,4.609347048972583e-07,0.00852995826802972
2023-07-27,0.009808361771597081,0.020519084491737435,0.03583878873808323,0.22463542188543664,45.81076049804688,0.01834912352805638,0,0,0.9875443516942813,0.0489516219277908,0.9875443516942813,0.00015966273738010612,3.568607403403854e-07,0.01229562870762216
2023-07-28,0.01834912352805638,0.020481921434290586,0.01381817985983456,-0.3197358701453686,46.65910720825195,-0.0004495179084115404,0,0,0.9908090673370533,0.03790571384239712,0.9908090673370533,4.689711188316152e-05,3.9688887195441797e-07,0.009143638662181573
2023-07-31,-0.0004495179084115404,0.01936699211151793,0.013353603717046102,-0.27703226777126894,46.63813781738281,-0.004761969395452939,0,0,0.9726772573577863,0.09064733994277814,0.9726772573577863,4.805864960777475e-05,1.658917904465077e-07,0.027274518100868155
2023-08-01,-0.004761969395452939,0.019484256156061083,0.018771391386364845,-0.05399818167736957,46.41657638549805,-0.0493182162311247,0,0,0.9567188201070271,0.1289079231549525,0.9567188201070271,6.184033998597717e-05,1.599535973319239e-07,0.04321917959934263
2023-08-02,-0.0493182162311247,0.02289923382948132,0.05541121460133963,0.801471038232761,44.18292617797852,0.00554163573053901,1,1,0.5877515497108448,0.5764817597895125,0.3766227423250195,0.5877515497108448,2.9006019951881174e-05,0.03559670194414421
2023-08-03,0.00554163573053901,0.022843457977188033,0.029608015534726043,-0.4918583170053072,44.42845153808594,0.0036997063987181424,0,0,0.9904287043751016,0.04566375309862742,0.9904287043751016,0.002750632354397459,0.0014589295822670986,0.005361733688183301
2023-08-04,0.0036997063987181424,0.022791200716852533,0.02795426871280622,0.11219572232699912,44.5931282043457,0.016360637429460034,0,0,0.998937381790014,0.006204175936100322,0.998937381790014,5.4916785055550563e-05,8.03400130615576e-06,0.0009996674235792623
2023-08-07,0.016360637429460034,0.022861377617013172,0.021511795013419516,-0.11845260842709901,45.32870101928711,-0.016718876449387538,0,0,0.9994585411310278,0.003430349545292081,0.9994585411310278,3.7085416172075644e-05,8.857971806360699e-07,0.000503487655611704
2023-08-08,-0.016718876449387538,0.023305859446082183,0.026553841686310684,0.0938236198487544,44.57715606689453,-0.04839382862801723,0,0,0.9993340194555967,0.004191122528970928,0.9993340194555967,9.069356201920551e-05,1.1317953965281932e-06,0.0005741551869838807
2023-08-09,-0.04839382862801723,0.024649609307394203,0.05118205950260666,0.5052323958584036,42.47126388549805,-0.003908527496000432,0,0,0.7765043569262907,0.39497863549205753,0.7765043569262907,0.22059907120373473,0.00022624507832662874,0.002670326791702605
2023-08-10,-0.003908527496000432,0.02193931011236016,0.041025814092457,-0.17417509012924584,42.30558776855469,-0.0368360503777773,0,0,0.988507745767955,0.05238117757989203,0.988507745767955,0.0037728521068405986,0.0008091516425801625,0.006910250482664988
2023-08-11,-0.0368360503777773,0.023097740329636268,0.03375355850894087,0.078770268461173,40.77556991577149,0.06853076636707976,0,0,0.9975630379394057,0.0136513099905639,0.9975630379394057,0.0009138531837234904,4.862851461122613e-05,0.0014744803623082943
2023-08-14,0.06853076636707976,0.02787134103252724,0.07974307006373203,0.2584251183437559,43.66792678833008,0.004264918839023755,1,1,0.9996505156261302,0.0024331185685933566,0.00018084321084504905,0.9996505156261302,0.00016864116300586065,2.5648003019139327e-14
2023-08-15,0.004264918839023755,0.027310968600888413,0.03545749933129919,-0.02015581865381498,43.85456466674805,-0.010385934422671697,0,0,0.518638937703134,0.6911220011424813,0.518638937703134,0.11585475816485692,0.36550628566739185,1.8464663494622493e-08
2023-08-16,-0.010385934422671697,0.027328099225687214,0.02918182875635746,-0.2488942157723965,43.40145111083984,-0.0032707554054755518,0,0,0.8269370797862418,0.34355523469153304,0.8269370797862418,0.00307622568445101,0.1699761038389909,1.0590690340068398e-05
2023-08-17,-0.0032707554054755518,0.02642171071445448,0.024478607896063775,-0.15350027802566002,43.259727478027344,-0.001038697230326154,0,0,0.9833813618660457,0.06187244222573032,0.9833813618660457,0.00019805559621076418,0.01640427701291869,1.63055247959201e-05
2023-08-18,-0.001038697230326154,0.025783944973400134,0.044296618329312705,0.2549479516108225,43.21481704711914,0.08131554621750921,0,0,0.9968805201913273,0.016953200889808725,0.9968805201913273,0.0010045259507264097,0.002006555393091521,0.00010839846486335458
2023-08-21,0.08131554621750921,0.03169879874671737,0.0605318321780079,0.1709100040426731,46.87567901611328,-0.028047397726088594,1,1,0.9748361684919691,0.08798382675444609,0.0010826323315382906,0.9748361684919691,0.024081199176496457,1.6544939284281232e-14
2023-08-22,-0.028047397726088594,0.03199652368314144,0.062494528714309674,0.08669210576770188,45.57920455932617,0.03121501835863597,1,2,0.5189852645545444,0.49950933872213826,3.158685998681611e-06,0.48101157675743206,0.5189852645545444,2.017079672424523e-12
2023-08-23,0.03121501835863597,0.0327162378344594,0.04227864275607094,0.03096434075568429,47.02439880371094,0.0009968937392223092,2,2,0.9705019670386127,0.09627809846845253,6.734163358223074e-05,0.02943069132586499,0.9705019670386127,1.9919973415089257e-12
2023-08-24,0.0009968937392223092,0.032661970760612974,0.06587788228524649,0.3946890166001628,47.0713005065918,-0.024576955780178465,2,2,0.9778643863004225,0.07664281371260423,1.0453338695348415e-06,0.02213456836253587,0.9778643863004225,3.1926601197675292e-12
2023-08-25,-0.024576955780178465,0.03289617394359792,0.060432916480945634,-0.22259679256485337,45.92853164672852,0.01759805996579018,2,2,0.9887901402279491,0.044356810729958146,1.4295927595315924e-07,0.011209716808713284,0.9887901402279491,4.1101440395212065e-12
2023-08-28,0.01759805996579018,0.033152512653793646,0.04466743023058251,-0.30046322726828373,46.74393844604492,0.04077150377077458,2,2,0.9979648237112387,0.010597231388275282,6.779059844108118e-06,0.002028397224431809,0.9979648237112387,4.521190629877053e-12
2023-08-29,0.04077150377077458,0.03434220156019807,0.055141079442649454,0.023374969578392444,48.68914413452149,0.009791165464624723,2,2,0.9943601876502587,0.025123753210340025,2.3737737623398346e-07,0.005639574972319549,0.9943601876502587,4.369929706858625e-15
2023-08-30,0.009791165464624723,0.032130240137494555,0.030488772800179993,0.047076671515824994,49.16820907592773,0.0018455858775005345,2,2,0.9988061993589937,0.006926798741744174,0.0001132702832763692,0.0010805303264565993,0.9988061993589937,3.129722728124779e-11
2023-08-31,0.0018455858775005345,0.03213968014127707,0.015925424078326082,-0.32997548518214237,49.259037017822266,-0.01728976007909835,2,2,0.999128498099118,0.005263863346068928,8.845020378754178e-05,0.0007830516920002751,0.999128498099118,5.056282695702193e-12
2023-09-01,-0.01728976007909835,0.03253021264463621,0.034179244771865624,-0.1306571410880346,48.41468048095703,0.000803750901611289,2,2,0.9990102414276675,0.005738929566469917,2.5750946144121606e-05,0.0009640076082521122,0.9990102414276675,1.7931476682993508e-11
2023-09-05,0.000803750901611289,0.03240765711666904,0.020412810461768675,-0.1923895324946955,48.453609466552734,-0.0310259975159507,2,2,0.9992089888915477,0.004794369719960994,5.7521877093499237e-05,0.0007334892267086614,0.9992089888915477,4.658220717359444e-12
2023-09-06,-0.0310259975159507,0.033025592966637034,0.04183927075174282,0.2027703227648237,46.97336959838867,-0.017577714740147063,2,2,0.9974661405166669,0.012768289168932264,2.8970003134692344e-06,0.0025309624779829595,0.9974661405166669,4.9839874943727224e-12
2023-09-07,-0.017577714740147063,0.03118812759732021,0.025778017639458032,-0.07839933360850095,46.15489959716797,-0.014573459043585245,2,2,0.9984511096318166,0.008952801890992863,0.0003617436532780318,0.0011871465230140427,0.9984511096318166,1.918855645579489e-10
2023-09-08,-0.014573459043585245,0.03142360398045407,0.029294284332401853,0.08774169278705819,45.48714065551758,-0.008683215456837147,2,2,0.9983114569055466,0.009514350097529073,0.0002587024452091917,0.0014298404544969728,0.9983114569055466,1.9469700498970833e-10
2023-09-11,-0.008683215456837147,0.030119194610096385,0.040971221994973966,0.0018943339332556787,45.093875885009766,-0.006840992308668591,2,2,0.9972159891021246,0.015148019478237405,0.0010377997147520777,0.001746200077178623,0.9972159891021246,1.1105932538172824e-08
2023-09-12,-0.006840992308668591,0.026218873368909407,0.025451351301490233,-0.3053304115043288,44.78644180297852,0.013613321253706928,2,2,0.7067185422335198,0.44556480517807073,0.2911786260389781,0.002076505558691079,0.7067185422335198,2.6326168828724548e-05
2023-09-13,0.013613321253706928,0.02635813753720202,0.03137302262232443,0.13153838986345312,45.40030288696289,0.002108364852399873,0,0,0.8581122139414432,0.2985729549711441,0.8581122139414432,0.0008843651493906763,0.1409873436862595,1.6077222856925116e-05
2023-09-14,0.002108364852399873,0.026203423698523375,0.0187797320999807,-0.073578434081741,45.496124267578125,-0.037576685626353086,0,0,0.9894498259152632,0.042904148484296446,0.9894498259152632,0.0001732258635025634,0.010366938096632791,1.0010124584721062e-05
2023-09-15,-0.037576685626353086,0.02767283672645521,0.04079727343870703,0.314412481248008,43.81825256347656,0.001502262962927929,0,0,0.9393631853458472,0.19550082381256417,0.9393631853458472,0.029185930842758837,0.03140923769043707,4.1646120915363585e-05
2023-09-18,0.001502262962927929,0.027670549997956647,0.05099396351873592,-0.013027663096701989,43.88412857055664,-0.010195960772454826,0,0,0.8457090160276174,0.36178260323895156,0.8457090160276174,0.026777669446909708,0.12748635427128335,2.696025419145224e-05
2023-09-19,-0.010195960772454826,0.020210986988487705,0.022150751189441518,-0.29339996489845926,43.438961029052734,-0.0298765330893955,0,0,0.9850911910426119,0.0571725181522089,0.9850911910426119,0.00010222161404673767,0.00022041299160643763,0.014586174351711155
2023-09-20,-0.0298765330893955,0.020330236605286874,0.03977367760347505,-0.01609390400231568,42.16035079956055,-0.029357490322885007,0,0,0.9417709347908022,0.16614265870516795,0.9417709347908022,0.001845951084780593,6.8366939444372445e-06,0.056376277430456055
2023-09-21,-0.029357490322885007,0.01931020088168134,0.02730572637076866,0.2052257195630713,40.94062042236328,0.014353915515585793,0,0,0.8737167398641223,0.2761279060756101,0.8737167398641223,0.0005471662611496787,8.857998450581976e-07,0.12573520807488844
2023-09-22,0.014353915515585793,0.01982285659187387,0.021244957283825572,0.06131136693262364,41.53251647949219,0.014600945211625771,0,0,0.9322647364234032,0.17913293071861658,0.9322647364234032,7.50937754602252e-05,2.9613314093383715e-07,0.0676598736679605
2023-09-25,0.014600945211625771,0.019853195970455987,0.032187038883494244,-0.13410508907612378,42.14337921142578,-0.007393092230252457,0,0,0.9379339307773765,0.16849587573487232,0.9379339307773765,0.00013524370247232996,4.650305422997212e-07,0.06193036048960898
2023-09-26,-0.007393092230252457,0.019177330908101,0.02779702071146441,-0.04093474488658961,41.83295822143555,0.013202410292048265,0,0,0.8460625268110624,0.310483949059413,0.8460625268110624,0.00011460313209854188,2.404114898930652e-07,0.15382262964535018
2023-09-27,0.013202410292048265,0.016472622571789625,0.029269098480866913,0.10077486885617562,42.388916015625,0.014517046097700147,3,3,0.8564640169400558,0.2978321216085396,0.1433303833026771,0.00020555413654696597,4.562076652346571e-08,0.8564640169400558
2023-09-28,0.014517046097700147,0.01675653170712803,0.03088949489102895,-0.04663229087782207,43.008766174316406,0.009470037502662367,3,3,0.9905832572691503,0.03873059763592894,0.009351775538545527,6.495797501922762e-05,9.217269823498108e-09,0.9905832572691503
2023-09-29,0.009470037502662367,0.017045238148731687,0.019241862800690554,-0.06527113484618655,43.41799545288086,0.029068372171241252,3,3,0.9979021836134516,0.010929969801095828,0.0020763773896364276,2.143796869731996e-05,1.028160520057334e-09,0.9979021836134516
2023-10-02,0.029068372171241252,0.018558542311027697,0.029342127018630287,0.0854009346379216,44.6986083984375,-0.028654550195306796,3,3,0.9750203387767304,0.0856462826094897,0.024616145420579345,0.0003635069715586282,8.831168976607182e-09,0.9750203387767304
2023-10-03,-0.028654550195306796,0.019311520860278583,0.04329348897062691,0.08311385896053346,43.43596649169922,0.011969293744044434,3,3,0.986867851060439,0.054218388864005214,0.011349533054120568,0.0017821931302757393,4.227551096323637e-07,0.986867851060439
2023-10-04,0.011969293744044434,0.018699850729865228,0.019322942994611226,-0.2633899575615695,43.95898818969727,0.014584219260760081,3,3,0.9842918151688561,0.05851981398114692,0.015665440242386978,4.254615789979703e-05,1.9843082879039897e-07,0.9842918151688561
2023-10-05,0.014584219260760081,0.01879154029858704,0.022645923823342844,0.08388825049668365,44.604793548583984,0.0237489229470793,3,3,0.9746144952723671,0.08576209174107029,0.025299450832141007,8.604666060384223e-05,7.234901817358049e-09,0.9746144952723671
2023-10-06,0.0237489229470793,0.019355985407667066,0.03852542389553255,0.09901077322294467,45.676788330078125,-0.010743332053668687,3,3,0.890971482923692,0.2534364625831203,0.10777222781939896,0.0012561118874610813,1.7736940456078776e-07,0.890971482923692
2023-10-09,-0.010743332053668687,0.019411194722151626,0.02732311850856649,-0.058684475681843276,45.18869400024414,0.011529734117937824,3,3,0.8984751185382854,0.23747327798676535,0.1014259096042433,9.865640354863938e-05,3.1545389292133575e-07,0.8984751185382854
2023-10-10,0.011529734117937824,0.019499659670883674,0.025568749968244174,-0.10570095181272095,45.71272277832031,0.02177088575057976,3,3,0.8593142705655065,0.29355609701311647,0.14059621217506854,8.945613638366493e-05,6.112308159825042e-08,0.8593142705655065
2023-10-11,0.02177088575057976,0.01985887043143428,0.01728415004117389,0.025593353199167692,46.718841552734375,0.0029653719357401556,3,3,0.6012727601348329,0.4864788832252842,0.3985020355749707,0.00022505357638738947,1.5071381697229962e-07,0.6012727601348329
2023-10-12,0.0029653719357401556,0.019861332389198374,0.027244633867881216,0.2412861537966648,46.85758590698242,-0.03212186152994763,3,0,0.5251234112947538,0.49996421158159254,0.5251234112947538,0.00013182621583548564,1.1811863282001396e-07,0.47474464437079533
2023-10-13,-0.03212186152994763,0.019327118826821466,0.040386318141113355,-0.015092809313077885,45.37635040283203,0.013849517106399383,3,3,0.7473614528565955,0.41680107972553276,0.25044725287581143,0.002190285183320694,1.0090842811766217e-06,0.7473614528565955
2023-10-16,0.013849517106399383,0.01951517691857638,0.0284846445508297,-0.2342599171737785,46.00916290283203,-0.04792479147001968,3,3,0.7318269326777156,0.4201417951883426,0.26805875493474374,0.0001133522793136093,9.60108228401513e-07,0.7318269326777156
2023-10-17,-0.04792479147001968,0.022403085778245662,0.05175479287655767,0.7727203634878869,43.85618591308594,-0.04045416108194025,3,3,0.5528536212420714,0.7120984147533477,0.1755907930334589,0.27154976597436814,5.819750120664194e-06,0.5528536212420714
2023-10-18,-0.04045416108194025,0.023265646213185207,0.03303633129465743,-0.2584950243610054,42.11742782592773,-0.002253817757814738,0,0,0.913961937688572,0.2705718193670251,0.913961937688572,0.03554012080193006,0.008882726692550537,0.0416152148169485
2023-10-19,-0.002253817757814738,0.02223530074289342,0.033609673334677355,-0.2243442674217491,42.02260971069336,-0.017104642722642314,0,0,0.992724377339339,0.03214904183388389,0.992724377339339,0.00020060318330778585,0.00011340663485197751,0.006961612842555107
2023-10-20,-0.017104642722642314,0.02237582707183883,0.03363379976356179,-0.04899707538381026,41.309940338134766,0.03765150001903149,0,0,0.9963582950988732,0.017836482667875735,0.9963582950988732,0.0001484468287719349,2.674929585548015e-06,0.0034905831427465093
2023-10-23,0.03765150001903149,0.023734432852603574,0.053589330670841734,0.002644917402601744,42.89497375488281,0.015882403281778812,0,0,0.9885440999702486,0.04552978309654484,0.9885440999702486,0.011376431940218548,4.582226798696104e-05,3.3645821574159555e-05
2023-10-24,0.015882403281778812,0.023877432643302308,0.023040028069211807,-0.17560353013305122,43.581687927246094,-0.044107097717470914,0,0,0.999733636898867,0.0019264714424156236,0.999733636898867,5.881192799799147e-05,2.2568846301992927e-05,0.00018498232682208723
2023-10-25,-0.044107097717470914,0.025827478778394492,0.05014483961726476,-0.007711561241610931,41.701202392578125,-0.03539730788953319,0,0,0.8717390197821049,0.2838535579182245,0.8717390197821049,0.12648660233988374,0.001247073808105924,0.0005273040699178942
2023-10-26,-0.03539730788953319,0.026665691065917516,0.0589197896666411,0.30601731379580427,40.25091171264648,0.004305634650934204,1,1,0.760958704470117,0.5164594775944016,0.12643727311713676,0.760958704470117,0.11251816071814802,8.586169458567723e-05
2023-10-27,0.004305634650934204,0.026560180599025564,0.029407454125675154,-0.26085302528720966,40.424591064453125,0.01618927370685642,0,0,0.8576545100492642,0.3370323652603608,0.8576545100492642,0.020052868544613665,0.12227681854270105,1.5802863422669267e-05
2023-10-30,0.01618927370685642,0.02587444043455072,0.031218869058690694,-0.07149060001843657,41.0843620300293,-0.009299731245164724,0,0,0.9907823610593868,0.03886165391776559,0.9907823610593868,0.0002927324289231016,0.008894856517106966,3.0049994554525527e-05
2023-10-31,-0.009299731245164724,0.02526710756781185,0.04043654057273967,0.2888378929408581,40.70405960083008,0.037186319364539706,0,0,0.9986821409379177,0.008226482269041263,0.9986821409379177,0.0005977216448246645,0.0005041606776303302,0.00021597673959104167
2023-11-01,0.037186319364539706,0.026657358985576782,0.035723591502485975,-0.16862614027268477,42.24618911743164,0.027520879689978107,0,0,0.9987574344671915,0.007362709498144635,0.9987574344671915,0.0009916309042280588,0.00024542614265878114,5.508485878495309e-06
2023-11-02,0.027520879689978107,0.02723139306935532,0.022755432629155508,-0.0671536490973018,43.42498779296875,0.033874723247352884,0,0,0.9993304304701449,0.004298107668837223,0.9993304304701449,0.0004973712597738252,0.00016957348176359322,2.624788319642444e-06
2023-11-03,0.033874723247352884,0.027810381504202872,0.03524049544529141,0.037035495030943374,44.92119598388672,0.016439948448551345,0,0,0.9980775884879465,0.010653217245718613,0.9980775884879465,0.0016320862611549003,0.00028893446790817577,1.3907830284241718e-06
2023-11-06,0.016439948448551345,0.02796443072140616,0.022644382095077686,-0.05787573044152277,45.665802001953125,0.004449108044128265,0,0,0.9989514756822663,0.006450748257827162,0.9989514756822663,0.0006622529015739612,0.00038448895563387753,1.782460508071146e-06
2023-11-07,0.004449108044128265,0.027862413827759062,0.02306598882294991,-0.15508398906688045,45.86942672729492,0.013379872670557298,0,0,0.999288120775905,0.00458824852789074,0.999288120775905,0.000440011924192549,0.00026892814339354306,2.939156473984637e-06
2023-11-08,0.013379872670557298,0.027581809973549424,0.019302659206108234,0.010303272550849483,46.48727798461914,0.008040791788794348,0,0,0.9992836550738017,0.0045472200456441285,0.9992836550738017,0.0005486537435137229,0.00016575185490417876,1.9393277779524865e-06
2023-11-09,0.008040791788794348,0.027636230414696605,0.03152288643634237,0.44397258288461333,46.862579345703125,0.02907277718178535,0,0,0.9988023697404113,0.0068711152114870385,0.9988023697404113,0.001132345314491595,6.009593466866597e-05,5.189010440286859e-06
2023-11-10,0.02907277718178535,0.02727731320688248,0.02459913517216451,-0.24927262433690967,48.24500274658203,0.00587895971605056,0,0,0.999352333611935,0.0041602769816317334,0.999352333611935,0.0005006577106336844,0.0001431744823075214,3.8341950957913034e-06
2023-11-13,0.00587895971605056,0.02716946963691378,0.020917361745270327,-0.09221795560774348,48.52946853637695,0.021084145227413722,0,0,0.9996596764992456,0.002347862092847002,0.9996596764992456,0.00026488335133303243,7.101818919934733e-05,4.421960197683429e-06
2023-11-14,0.021084145227413722,0.02467369824084356,0.01598998603520836,0.08197924741122929,49.56353378295898,-0.015587207223273922,0,0,0.9998292027263622,0.0012667727447420608,0.9998292027263622,0.00013484565029009152,5.730896371247037e-06,3.0220727008765016e-05
2023-11-15,-0.015587207223273922,0.022755356405308926,0.03600061986489068,0.13138466885386396,48.796966552734375,0.01203663608866638,0,0,0.9974087822311806,0.013538648966130329,0.9974087822311806,0.00021163465230990343,1.9027923469388822e-06,0.00237768032416566
2023-11-16,0.01203663608866638,0.02266175064308212,0.024151166246559122,-0.3361328598978108,49.38786697387695,-0.0036850065368882476,0,0,0.9988137368660419,0.006735510641256224,0.9988137368660419,3.355467892519794e-05,8.998325037549818e-07,0.0011518086225298743
2023-11-17,-0.0036850065368882476,0.02206787014328035,0.014402188316725573,-0.04377196021025583,49.20620727539063,0.022286241616572226,0,0,0.9991917756507154,0.0048561919358876575,0.9991917756507154,4.214936598609448e-05,4.2223677619735926e-07,0.000765652746558022
2023-11-20,0.022286241616572226,0.021261315778903576,0.02711818463122512,0.24170003418870176,50.31513977050781,-0.009267506531537822,0,0,0.9977868552965191,0.011607434641495624,0.9977868552965191,8.12585088787174e-05,2.6518596064247647e-07,0.002131621008601379
2023-11-21,-0.009267506531537822,0.021511450697710884,0.025929003736484647,0.31199119490613814,49.85099792480469,-0.02489475053521061,0,0,0.995116348573196,0.02261343641050274,0.995116348573196,9.91284868361372e-05,2.3946896297840665e-07,0.004784283470964924
2023-11-22,-0.02489475053521061,0.01945270620064299,0.054294286872973364,0.46360312933223724,48.62528991699219,-0.0194840544636188,0,0,0.731771490877797,0.5382302421957392,0.731771490877797,0.08131092964933447,8.94940909367087e-06,0.18690863006377673
2023-11-24,-0.0194840544636188,0.017858059727752135,0.024614921265978675,-1.1159788692819383,47.687042236328125,0.009706459119390772,3,3,0.8351816820067265,0.32751078803182004,0.1637509206536928,0.0010662371980681112,1.1601415002623815e-06,0.8351816820067265
2023-11-27,0.009706459119390772,0.017832488793124025,0.01819987441436679,0.2947890695778899,48.15216827392578,-0.008765207927905397,3,3,0.9583191226764401,0.12541180218073528,0.04159649555623875,8.435494447593899e-05,2.6822834744690874e-08,0.9583191226764401
2023-11-28,-0.008765207927905397,0.018154423716503987,0.017774666025525722,0.01462480576311193,47.73194885253906,0.0066487006234172506,3,3,0.9798896540000417,0.07129824447889488,0.020056609858816663,5.373037137969053e-05,5.769799283677908e-09,0.9798896540000417
2023-11-29,0.0066487006234172506,0.01772286280231982,0.018737026146287222,-0.049751419669200755,48.05036163330078,-0.02887157879335043,3,3,0.9932109484288212,0.029465719625226663,0.006759855156203012,2.919433396363971e-05,2.0810208267981734e-09,0.9932109484288212
2023-11-30,-0.02887157879335043,0.018204258615732598,0.03609150542699202,0.3203369867416025,46.68290710449219,-0.00010688903081929262,3,3,0.9972212851830334,0.014557340807145661,0.002429276546861791,0.0003494361426225788,2.127459259528806e-09,0.9972212851830334
2023-12-01,-0.00010688903081929262,0.017436886626855767,0.02166150970816607,-0.3541153304332506,46.67791748046875,-0.027203053736665768,3,3,0.9980890080872431,0.010076129564616808,0.0018942042475394226,1.6781525632253168e-05,6.139590573025161e-09,0.9980890080872431
2023-12-04,-0.027203053736665768,0.017204715125907825,0.02344542698584505,0.16951963284772814,45.42525100708008,0.023026675652468975,3,3,0.9981910344574013,0.009833469175358382,0.001703838967219711,0.00010512624523448692,3.301575223200463e-10,0.9981910344574013
2023-12-05,0.023026675652468975,0.01758360352006304,0.028540104618678265,-0.16303948440141117,46.48337936401367,-0.023092600132683633,3,3,0.9962004702616021,0.018305110716207707,0.0037138602580664903,8.566094601133709e-05,8.534306632800981e-09,0.9962004702616021
2023-12-06,-0.023092600132683633,0.018351679327348575,0.04340378349439796,0.023587177932323136,45.42225646972656,0.02373652749311947,3,3,0.996708230451541,0.017341652757945022,0.002385539606152054,0.0009061969264356862,3.301589009755484e-08,0.996708230451541
2023-12-07,0.02373652749311947,0.018901522180221227,0.0219976287902393,-0.0814408574401942,46.51332092285156,0.01934157899053271,3,3,0.9780559867293747,0.07666946312128362,0.021818513050695567,0.00012524240545226987,2.578145274806014e-07,0.9780559867293747
2023-12-08,0.01934157899053271,0.019317986325966947,0.025070556962978743,0.023664326567830053,47.42171859741211,-0.018676510693218597,3,3,0.9401526064012347,0.16417476016005844,0.05969764247259976,0.00014969854827248888,5.25779265446401e-08,0.9401526064012347
2023-12-11,-0.018676510693218597,0.018548269845425475,0.03648093248557554,0.3499311007714494,46.54426574707031,0.021849893968023438,3,3,0.9879813357063352,0.04777477429855134,0.01178666337107603,0.00023198875203750443,1.2170555156961805e-08,0.9879813357063352
2023-12-12,0.021849893968023438,0.019227375393909594,0.03399288417342932,-0.3139436140189608,47.57244491577149,0.009003094006491526,3,3,0.9729324646854618,0.09100503586404207,0.026742063642266983,0.00032530326563672625,1.6840666694971546e-07,0.9729324646854618
2023-12-13,0.009003094006491526,0.018679149388953122,0.02050407659665678,0.184395202793448,48.00267791748047,0.005433329587825679,3,3,0.9731582166119049,0.08955367891181215,0.02675901670393987,8.274132811452372e-05,2.535606232578464e-08,0.9731582166119049
2023-12-14,0.005433329587825679,0.018440560837074235,0.0258117336777896,-0.13502810448045474,48.26420211791992,0.011106845148288278,3,3,0.9860174641914335,0.053282630862366585,0.013942171872139232,4.035604614582436e-05,7.890290425854565e-09,0.9860174641914335
2023-12-15,0.011106845148288278,0.018408305969287938,0.026263047918965186,0.20437703029386362,48.803253173828125,0.02398888169303433,3,3,0.9865000366496985,0.051943833378722805,0.013421389146671073,7.85711910079823e-05,3.0125784884404987e-09,0.9865000366496985
2023-12-18,0.02398888169303433,0.019187437444517823,0.025620487248602827,-0.15123067207267463,49.98814392089844,-0.00949033763766228,3,3,0.9601283949344291,0.12157888890735412,0.039717881165160444,0.0001536831371187743,4.0763285996045664e-08,0.9601283949344291
2023-12-19,-0.00949033763766228,0.018620869656063865,0.016228536079550326,0.11839389861687644,49.51598358154297,-0.030560592123622197,3,3,0.962577831515752,0.11569492756862493,0.03731683773682024,0.00010531528385366936,1.5463589786591307e-08,0.962577831515752
2023-12-20,-0.030560592123622197,0.0197074671736987,0.03951281358007154,-0.1546553530907541,48.025634765625,0.018105453940741315,3,3,0.9690552136998021,0.10377619435662887,0.029495637075904853,0.0014489071858667323,2.4203842012528343e-07,0.9690552136998021
2023-12-21,0.018105453940741315,0.01940606953230717,0.013798785043490584,-0.2809874993562082,48.903079986572266,-0.0032714253433458727,3,3,0.9245532965306562,0.19357219854141583,0.07533510892270216,0.00011093000639096473,6.645402483260055e-07,0.9245532965306562
2023-12-22,-0.0032714253433458727,0.018867977363102084,0.018758966452226994,-0.1737591676939406,48.74335861206055,0.009153163426515896,3,3,0.9341646846258047,0.1753880214533294,0.0657853656620586,4.992755131729202e-05,2.2160914988978273e-08,0.9341646846258047
2023-12-26,0.009153163426515896,0.01885508838213519,0.012987264318835755,-0.033451409426818485,49.19156265258789,0.00279649217750847,3,3,0.9191042189085074,0.20322472263912514,0.08079460923696978,0.0001011520669941045,1.978753108487351e-08,0.9191042189085074
2023-12-27,0.00279649217750847,0.01871446041682957,0.012040415705279377,-0.044171852378488724,49.32931900024414,0.0021224218089729656,3,3,0.9127950159004871,0.214082267110608,0.0871078231320811,9.713484691377542e-05,2.6120419794067123e-08,0.9127950159004871
2023-12-28,0.0021224218089729656,0.018678110021254465,0.00953112007145336,0.05389916309201388,49.43412780761719,0.0,3,3,0.895950520758976,0.24180775586590578,0.10386927521651561,0.00018017423819778494,2.9786249777440243e-08,0.895950520758976
2023-12-29,0.0,0.01727691988184826,0.02516057940693544,0.4566174010730973,49.43412780761719,-0.027722022881451765,3,3,0.9919077458082854,0.0341758194992159,0.0080352780574088,5.697493460745793e-05,1.1997898848679138e-09,0.9919077458082854
2024-01-02,-0.027722022881451765,0.018581044385467087,0.03529307785441807,0.05487875501282226,48.08253479003906,-0.012513640070880043,3,3,0.9943643183209954,0.026005354401853108,0.005309488044351808,0.00032618130094503065,1.2333735488717516e-08,0.9943643183209954
2024-01-03,-0.012513640070880043,0.01765472086527071,0.018163055953490815,-0.2480939453802756,47.484596252441406,0.00897827504603165,3,3,0.9951783223291485,0.022165153545970553,0.004789070090537335,3.259709061575339e-05,1.0489613939833712e-08,0.9951783223291485
2024-01-04,0.00897827504603165,0.01705238781935527,0.020667539420974778,-0.04578514174305243,47.912845611572266,0.022638267712394293,3,3,0.9982584883183356,0.009320361920532634,0.001719762473171023,2.17487024884477e-05,5.060919628166276e-10,0.9982584883183356
2024-01-05,0.022638267712394293,0.01664021540541796,0.02527651640761917,0.3030405503661331,49.00988006591797,0.06229941485031386,3,3,0.9982295610710722,0.00963304974682675,0.0016766059212975572,9.383273694195657e-05,2.707588371020603e-10,0.9982295610710722
2024-01-08,0.06229941485031386,0.020788818156947792,0.053508918578955324,0.4370098891317344,52.160282135009766,0.01683276856737063,1,1,0.7225226296294182,0.43143931952821224,0.2763188289392123,0.7225226296294182,7.176183756693804e-06,0.0011513652477122033
2024-01-09,0.01683276856737063,0.02070977592473935,0.04958604001684969,0.18502602547584043,53.04571533203125,0.02251457114102417,0,0,0.8429540908254588,0.34271253453237205,0.8429540908254588,0.1480099624436346,0.005966814679606821,0.0030691320513516035
2024-01-10,0.02251457114102417,0.02021023211772642,0.020441584033606828,-0.3703946628273185,54.253562927246094,0.008646999998370597,0,0,0.9843773664127097,0.05975102426408957,0.9843773664127097,0.0003918915721439371,8.508682587062676e-05,0.01514565518934539
2024-01-11,0.008646999998370597,0.019936223376586085,0.03257815008261629,0.1114996032986024,54.724727630615234,-0.002044992984908191,0,0,0.9708029061216648,0.09576712944707284,0.9708029061216648,0.0001265377189773604,5.58808824125649e-07,0.029069997350598814
2024-01-12,-0.002044992984908191,0.02003072903026758,0.01169803327286249,-0.5250622871760084,54.61293029785156,0.03010344364781266,0,0,0.9835383586559677,0.06071198448320105,0.9835383586559677,3.23385222273148e-05,1.624518283075258e-07,0.016429140370031355
2024-01-16,0.03010344364781266,0.020712771076937836,0.03431942037602596,0.24186275398256984,56.28196334838867,-0.005852262783975594,0,0,0.9968953335230395,0.015711875042815758,0.9968953335230395,0.00020253162907401688,3.848486575342805e-07,0.0029017499991678456
2024-01-17,-0.005852262783975594,0.020911466969699238,0.03088146842396038,0.05372438644445437,55.95354843139648,0.01862892541500188,0,0,0.9884266946771718,0.04589671968136215,0.9884266946771718,8.637324859472074e-05,4.6884825191545804e-07,0.011486463225937027
2024-01-18,0.01862892541500188,0.020713480817970857,0.026143906547495894,0.03572888117743664,57.005672454833984,0.0408984412312369,0,0,0.9928235945293605,0.030975351064850828,0.9928235945293605,6.217668812196633e-05,3.278447860845306e-07,0.00711390093782677
2024-01-19,0.0408984412312369,0.0216984721618605,0.0382411034055396,0.10026446525980913,59.38544845581055,0.002736185339684678,0,0,0.9991915980935269,0.005140436840455868,0.9991915980935269,0.00046408276635573174,1.650281640198319e-06,0.00034266885857217225
2024-01-22,0.002736185339684678,0.019679767969552193,0.021138592568917973,-0.18223876368560563,59.54816055297852,0.0036644047964702383,0,0,0.9734102891708664,0.08875121498942459,0.9734102891708664,4.80738908185613e-05,2.9103744575649215e-07,0.02654134590083675
2024-01-23,0.0036644047964702383,0.019660701839787933,0.022130187874776653,-0.4299909961801172,59.76676940917969,0.024565107351624985,0,0,0.9398939119786102,0.16422345148839845,0.9398939119786102,4.93543022321589e-05,2.004774397050975e-07,0.06005653324179318
2024-01-24,0.024565107351624985,0.019654773477876974,0.047439772518165224,0.6426188086247037,61.25312805175781,0.0041469861790261724,0,0,0.9873529330548764,0.053688041728652165,0.9873529330548764,0.0027216865975642733,2.2379123851478315e-07,0.00992515655625537
2024-01-25,0.0041469861790261724,0.01971697157088081,0.03033259130289656,-0.1488657459301606,61.50767135620117,-0.009555823437106826,0,0,0.9543744805422778,0.13431960379055843,0.9543744805422778,0.00010841093511739407,1.3648726867756362e-06,0.04551574364997244
2024-01-26,-0.009555823437106826,0.02018113328809349,0.019825975644590786,-0.21261611620884208,60.92271423339844,0.023224497419847855,0,0,0.9750315122292075,0.08448499898765896,0.9750315122292075,4.461250334074903e-05,2.2549113017839209e-07,0.024923649776395516
2024-01-29,0.023224497419847855,0.020268531512976688,0.025326133256385944,-0.11263214667819176,62.35417175292969,0.004934466904959344,0,0,0.9850830338479415,0.05627553001944788,0.9850830338479415,7.565251024255697e-05,3.82203178416251e-07,0.014840931438588301
2024-01-30,0.004934466904959344,0.020149457843438384,0.019641917723126283,0.16364165125919475,62.66261672973633,-0.020064776297468584,0,0,0.9835621848019803,0.0607972411162423,0.9835621848019803,6.956522570660406e-05,1.5563705072263023e-07,0.016368094335342302
2024-01-31,-0.020064776297468584,0.019417292477636194,0.02550100335211242,0.09969731652845255,61.4178352355957,0.02408702230177942,0,0,0.9400705076393366,0.16448816074391007,0.9400705076393366,0.0001847056475403397,2.3157258611305538e-07,0.059744555140477086
2024-02-01,0.02408702230177942,0.018672088798632986,0.024449844602548586,-0.2064533244725834,62.91516876220703,0.04851308194379368,0,0,0.8474344654115618,0.3089780242380515,0.8474344654115618,0.00015106386963454824,3.521109374625872e-07,0.15241411860797566
2024-02-02,0.04851308194379368,0.02013979139909096,0.04398427579106541,0.25543917355425766,66.0426254272461,0.04683031283644026,0,0,0.9944997515989107,0.026989837280591608,0.9944997515989107,0.003920172608533156,1.9076224845228213e-06,0.001578168170025287
2024-02-05,0.04683031283644026,0.021252335893575343,0.033058325054547553,0.35557609417720654,69.208984375,-0.01612470358781385,0,0,0.9992221848132361,0.004924097774404948,0.9992221848132361,0.0005555286333903085,2.7811816912050823e-06,0.00021950537170978908
2024-02-06,-0.01612470358781385,0.019680782551731755,0.05062801067978808,0.004449867193443353,68.10195922851562,0.027126579448953945,0,0,0.8836338932608653,0.2957464167751128,0.8836338932608653,0.018041806431183773,1.8177438452493397e-05,0.09830612286958126
2024-02-07,0.027126579448953945,0.019910354065933434,0.037375751195905624,-0.32093866009145744,69.97461700439453,-0.0065550040214510386,0,0,0.9397394969441546,0.16828236655832282,0.9397394969441546,0.0010614457089064206,3.109731374368623e-05,0.05916796003329941
2024-02-08,-0.0065550040214510386,0.02030166777142845,0.019227135013915996,-0.17883392623707314,69.5174331665039,0.03515817677337892,0,0,0.9751236813994114,0.08423485832938893,0.9751236813994114,4.277866521965089e-05,4.932576521293801e-07,0.024833046677628853
2024-02-09,0.03515817677337892,0.020900699543672647,0.027352244940223387,0.052217407948634706,72.00501251220703,0.0015930569097918536,0,0,0.9970002171193697,0.015141312255911706,0.9970002171193697,0.00013914887452356632,5.774117093412213e-07,0.002860056594387105
2024-02-12,0.0015930569097918536,0.02077169665981198,0.046520319038954816,0.3404203175809448,72.11981201171875,-0.0016623548202650518,0,0,0.9860764007070155,0.0558484794314031,0.9860764007070155,0.0011926046834333935,1.3408993879410906e-06,0.012729653710234077
2024-02-13,-0.0016623548202650518,0.02068201721042637,0.05309996518919424,-0.01830206723547828,72.0000228881836,0.02427056284852564,0,0,0.9602372900671696,0.13936367704280025,0.9602372900671696,0.013914723228608579,3.512016057102233e-05,0.025812866543548092
2024-02-14,0.02427056284852564,0.02038408929498606,0.03109602805882707,-0.17682637730158549,73.76888275146484,-0.01694937003100777,0,0,0.9850968447342844,0.05667590545630994,0.9850968447342844,0.00018772591517467798,1.026078472145872e-05,0.014705168565844041
2024-02-15,-0.01694937003100777,0.02146613284821379,0.021676856098785426,-0.18384891404386758,72.52908325195312,-0.0006196607532090814,0,0,0.9964280768723978,0.017274223878983246,0.9964280768723978,4.703654549298325e-05,4.731389782129423e-07,0.003524413443153672
2024-02-16,-0.0006196607532090814,0.02051511004721472,0.026179898967494827,0.16467300523731182,72.4841537475586,-0.044507836902753214,0,0,0.9869639287784022,0.05046579510679175,0.9869639287784022,6.897049265419451e-05,1.9803091687477054e-07,0.012966902697920954
2024-02-20,-0.044507836902753214,0.023841635359055688,0.060790184740266984,0.35274274479411893,69.32878112792969,-0.028923268505252026,1,1,0.7521521635917929,0.42016339565667,0.2437450665751974,0.7521521635917929,0.0005502518341259639,0.0035525179987765986
2024-02-21,-0.028923268505252026,0.02519988918065833,0.03912733259533068,-0.045094351973331726,67.35228729248047,0.15186985858142857,0,0,0.8338570120434444,0.40750298728150003,0.8338570120434444,0.09495053875022495,0.07092782273711944,0.0002646264691366018
2024-02-22,0.15186985858142857,0.04116412042156292,0.055450808727650985,0.24997856384037997,78.39865112304688,0.0035462027334801846,1,1,0.999887800422815,0.0008170518645149608,1.5548693014454183e-19,0.999887800422815,0.0001121995771700374,2.1719841220727594e-40
2024-02-23,0.0035462027334801846,0.041170632256104,0.06120503717946757,-0.042157027769044814,78.67716217041016,0.003483133448003297,2,2,0.5145826601716489,0.49969316165330724,5.536264934564305e-14,0.48541733982839724,0.5145826601716489,8.770501192752661e-26
2024-02-26,0.003483133448003297,0.04090856851065181,0.02706982238497766,-0.49816538420948697,78.9516830444336,-0.004956236059197569,2,2,0.9634938190614533,0.11301858040628264,7.410562375647398e-13,0.036506180937756434,0.9634938190614533,7.924242257469542e-23
2024-02-27,-0.004956236059197569,0.04102163548058341,0.029453258529375755,-0.2520136897464068,78.56134796142578,-0.013276680476647271,2,2,0.9972600774180505,0.013634356110098063,1.039996854953927e-13,0.002739922581936467,0.9972600774180505,3.8280156956777105e-23
2024-02-28,-0.013276680476647271,0.04137684525506372,0.023280051122629968,0.0035804654625019162,77.52520751953125,0.018485581781103846,2,2,0.9973611234797837,0.013203157204926928,1.4335181744383673e-14,0.002638876520190492,0.9973611234797837,7.760516905138717e-25
2024-02-29,0.018485581781103846,0.04076449670440335,0.020730096569048374,0.25499138999162524,78.97163391113281,0.03925120035521238,2,2,0.9944846362304083,0.024656537020388333,9.916388576695274e-14,0.005515363769460716,0.9944846362304083,2.339673039696679e-24
2024-03-01,0.03925120035521238,0.04112938774063818,0.034820616640238236,-0.05709846605248232,82.13300323486328,0.03531969922037924,2,2,0.9964473105731938,0.01701205684998112,6.033187553022867e-14,0.003552689426640888,0.9964473105731938,4.6837478886254e-24
2024-03-04,0.03531969922037924,0.04063822159784647,0.04664638534417263,0.25064099766711545,85.08575439453125,0.008540089412549481,2,2,0.9937148057171458,0.027503943084103845,3.6391434966626635e-13,0.006285194282515673,0.9937148057171458,8.274214905663076e-23
2024-03-05,0.008540089412549481,0.03983816084614021,0.031175845728674035,-0.1675664892142906,85.81550598144531,0.03133115397820585,2,2,0.9987120259008909,0.007111192438990212,3.1072356167924235e-12,0.0012879740960567373,0.9987120259008909,2.7467524245541322e-21
2024-03-06,0.03133115397820585,0.03956533959443954,0.030372044383638656,0.11230661629851986,88.54676818847656,0.043774192382983336,2,2,0.9977268106643218,0.011618407700303767,5.322778350055531e-12,0.0022731893303918056,0.9977268106643218,8.672708350810232e-22
2024-03-07,0.043774192382983336,0.04004756122234896,0.034153826622749905,0.04300706688461653,92.50891876220705,-0.05707525157405201,2,2,0.9966661029172207,0.01611749572804164,1.1288496876798573e-12,0.003333897081611679,0.9966661029172207,8.451286416515964e-23
2024-03-08,-0.05707525157405201,0.04290118627747636,0.12446308423556567,0.6304013276427698,87.37680053710938,-0.02024297685154162,1,1,0.9996258018835249,0.002399795230034204,1.6087671513696842e-33,0.9996258018835249,0.0003741981165419544,1.0727726364206192e-35
2024-03-11,-0.02024297685154162,0.04307685913264746,0.0539906800669242,-0.5210878971098605,85.62581634521484,0.0691267227847154,1,1,0.7484304195187125,0.40687819298776506,1.3111869998272346e-16,0.7484304195187125,0.2515695804812919,1.1049660396226013e-27
2024-03-12,0.0691267227847154,0.04509323561855533,0.06321192248403179,-0.015283574348574414,91.75422668457033,-0.011214605678534174,1,1,0.9481165688173052,0.14717219739807016,1.341925362385924e-20,0.9481165688173052,0.05188343118259712,1.5678275904443662e-33
2024-03-13,-0.011214605678534174,0.04529612705596591,0.033766836410229206,-0.04965323905231373,90.73098754882812,-0.03292761343754892,2,2,0.5996243113081697,0.48558496703859905,6.06298724207408e-19,0.4003756886919355,0.5996243113081697,6.231520400122698e-31
2024-03-14,-0.03292761343754892,0.04624718320144747,0.046006609180743896,-0.05396165858875285,87.79208374023438,-0.001217469571363936,2,2,0.7926224008812587,0.3682200615404523,1.0322446483056675e-21,0.2073775991187688,0.7926224008812587,3.9634622718688014e-31
2024-03-15,-0.001217469571363936,0.045920569005423295,0.037444287838473665,0.06393670606263402,87.68526458740234,0.0070110749622235525,2,2,0.9383528268330603,0.16697458662677236,1.9510637793834084e-20,0.06164717316702887,0.9383528268330603,7.097147333869904e-31
2024-03-18,0.0070110749622235525,0.045863830885025936,0.06014357113445312,0.04102593394036504,88.30219268798828,0.010604415991560796,2,2,0.9315534745786755,0.1800497313940852,5.302338655323466e-21,0.06844652542139323,0.9315534745786755,1.3901140154580398e-29
2024-03-19,0.010604415991560796,0.044044276515094634,0.06190291079852273,0.004764587393055413,89.24356842041016,0.010836293315907939,2,2,0.9520700662422676,0.13876876053147982,1.810367776496993e-18,0.04792993375779807,0.9520700662422676,9.333543294087588e-27
2024-03-20,0.010836293315907939,0.042954033342196274,0.02420001825205891,-0.3386806596675769,90.21589660644533,0.011693696435071812,2,2,0.9937071722833565,0.02753181980287686,3.1312754472773774e-16,0.00629282771654968,0.9937071722833565,8.629579614990303e-27
2024-03-21,0.011693696435071812,0.028323937300446966,0.024531130366985274,0.0027286909737660467,91.27704620361328,0.030736174926068456,2,2,0.962343343973164,0.1212951484094612,0.03568845999089251,0.001967997352002274,0.962343343973164,1.9868390991186244e-07
2024-03-22,0.030736174926068456,0.028767942507552578,0.04182884729785961,0.19998519618654548,94.12611389160156,0.0075334993195252595,2,2,0.9666101648549128,0.11547421538109655,0.028590714924637977,0.00479908364211208,0.9666101648549128,3.657825531391793e-08
2024-03-25,0.0075334993195252595,0.028741571685297514,0.034272928377875475,-0.0607516071881464,94.837890625,-0.026030134487180345,2,2,0.9658745845452874,0.11229477417164338,0.03238688870272704,0.0017382970478083788,0.9658745845452874,2.2970428104179223e-07
2024-03-26,-0.026030134487180345,0.02965825801570584,0.041842689942553336,-0.07225618679015203,92.4011001586914,-0.02528427949692873,2,2,0.99559239059992,0.022543468226237803,0.0017130803701589212,0.002694502366868274,0.99559239059992,2.6662940017510546e-08
2024-03-27,-0.02528427949692873,0.030230067553786065,0.04561769268849534,0.13189591155955976,90.0940933227539,0.0011739418449043214,2,2,0.996230630458354,0.01857925038226404,0.000264485389271872,0.0035048777983349927,0.996230630458354,6.354007717081735e-09
2024-03-28,0.0011739418449043214,0.030147068800249612,0.02331889628613742,-0.297600848821313,90.19992065429688,7.74751754194315e-05,2,2,0.9959658038636678,0.020557930263007108,0.003057476840068856,0.0009767153186564853,0.9959658038636678,3.977550235464949e-09
2024-04-01,7.74751754194315e-05,0.02917412735895362,0.03343178212806944,0.038824099207557576,90.2069091796875,-0.010132865526425786,2,2,0.9878655719626941,0.050829865147099376,0.010459619338962974,0.0016747288802379937,0.9878655719626941,7.981820886829106e-08
2024-04-02,-0.010132865526425786,0.028423074791659488,0.02765727906830148,-0.04377184481368176,89.29747009277344,-0.0054702342815691925,2,2,0.9629870591177309,0.11947488636519546,0.03518101596682891,0.0018316266386704265,0.9629870591177309,2.9827670436539535e-07
2024-04-03,-0.0054702342815691925,0.028436834095324968,0.022188740305139773,-0.15720145275872638,88.8103256225586,-0.03499005637890508,2,2,0.9314334244099121,0.18542558247939434,0.06708754055772154,0.001478828682114526,0.9314334244099121,2.063503621625657e-07
2024-04-04,-0.03499005637890508,0.028667474568524254,0.05534026540577314,0.16158149775535696,85.75658416748047,0.024185928741839006,2,2,0.9855589129288177,0.056258977112901724,0.0005877344197397227,0.013853255981295986,0.9855589129288177,9.667008096923774e-08
2024-04-05,0.024185928741839006,0.02733951679056515,0.029031454086707986,-0.08460634516001803,87.85597229003906,-0.009992042612923184,2,2,0.9122316895647299,0.22330909650334338,0.08502189726823046,0.002745198849748741,0.9122316895647299,1.2143173319176503e-06
2024-04-08,-0.009992042612923184,0.024252974189485705,0.024078127630914294,-0.3444352421265775,86.98248291015625,-0.02062861576700611,0,0,0.912847350853254,0.21736844967779506,0.912847350853254,0.0006180924860324276,0.08627589132268831,0.00025866533805210773
2024-04-09,-0.02062861576700611,0.024269873243513075,0.05404549480541664,0.5717783506952946,85.20653533935547,0.0195491776229026,0,0,0.9575704521218766,0.15197384880523576,0.9575704521218766,0.024962698775703285,0.015402216006614669,0.0020646330958473493
2024-04-10,0.0195491776229026,0.018705391838588076,0.04240629867038043,-0.14974110860519443,86.88864135742188,0.04027445139496828,0,0,0.9359673156335659,0.18361876499978788,0.9359673156335659,0.004050366513231754,0.00023310317778061208,0.05974921467550434
2024-04-11,0.04027445139496828,0.020890937854097458,0.042078617723676076,-0.0006762656499409928,90.45945739746094,-0.027182514333963778,0,0,0.9966314030146431,0.01799766046515221,0.9966314030146431,0.0014624511662827025,1.829634982977111e-05,0.0018878494692966517
2024-04-12,-0.027182514333963778,0.020451389562047194,0.02999347245779467,-0.011257722787059955,88.03366088867188,-0.025089510825684967,0,0,0.9822053643634977,0.0654622250897783,0.9822053643634977,0.0002714688550772057,1.7203376122320082e-06,0.01752144644370396
2024-04-15,-0.025089510825684967,0.02121691828463332,0.05446446131822163,0.03741633539148438,85.8524169921875,0.016308265351019084,0,0,0.8911409463241147,0.3025966408648593,0.8911409463241147,0.060291600501534565,7.215991101159678e-05,0.04849529326335655
2024-04-16,0.016308265351019084,0.0215028967055487,0.02349703373088691,-0.17901698875074676,87.26399993896484,-0.03943350623262537,0,0,0.9933326402552032,0.029483880010727277,0.9933326402552032,0.00012190267988069223,3.397619782581316e-05,0.006511480866982554
2024-04-17,-0.03943350623262537,0.02299118291156929,0.05741660459773705,0.2906389359665097,83.88983917236328,0.007539436953863242,0,0,0.6783338267649841,0.49144233194071324,0.6783338267649841,0.30956154153231336,0.00035096456105397926,0.011753667141610214
2024-04-18,0.007539436953863242,0.022897682922425174,0.04473789279272647,-0.10222543605668805,84.52471160888672,-0.10541153521478089,0,0,0.9860108438334095,0.061942344544964986,0.9860108438334095,0.009209467005470102,0.0027093324101427276,0.0020703567508862835
2024-04-19,-0.10541153521478089,0.03202619281414687,0.11440938371510678,0.6713100654745784,76.068359375,0.04262198857380808,1,1,0.9999991146148031,9.53997605633352e-06,3.828869497114998e-24,0.9999991146148031,8.853853104073532e-07,1.5365436429219797e-24
2024-04-22,0.04262198857380808,0.032902855757240335,0.046190757128055496,-0.38363749537085584,79.38063049316406,0.035880985135327004,2,2,0.6485853762052202,0.4680797127460605,5.974618984584032e-05,0.35135487760493933,0.6485853762052202,2.74302807759346e-18
2024-04-23,0.035880985135327004,0.03421515559425229,0.03039197019220062,-0.30731829874012956,82.28060150146484,-0.03388347703474536,2,2,0.988055135101365,0.046734150668893575,3.1021178669954604e-06,0.01194176278074627,0.988055135101365,3.0516575299518334e-14
2024-04-24,-0.03388347703474536,0.03448779727235114,0.06148577324831396,0.15523644018015448,79.53935241699219,0.03641627087441559,2,2,0.9914886569769311,0.03537717018447776,4.27617938463607e-09,0.008511338746933767,0.9914886569769311,5.4353438223056167e-14
2024-04-25,0.03641627087441559,0.03555578871427188,0.06171940943658338,-0.18748668646530323,82.48926544189453,0.059923800647525206,2,2,0.9858101122414602,0.053718744102324606,5.405298136009553e-09,0.014189882353352605,0.9858101122414602,2.0132574680597155e-16
2024-04-26,0.059923800647525206,0.0383577814992993,0.05635151546983974,0.2605106665789862,87.58344268798828,0.00025075827508506054,2,2,0.9711583010833256,0.09427467793314508,4.288003922592057e-11,0.028841698873691358,0.9711583010833256,1.5644735568790103e-21
2024-04-29,0.00025075827508506054,0.038358169439002464,0.031063024114960886,-0.3482499819450892,87.60540771484375,-0.015560916561760646,2,2,0.9984356080541789,0.008417798465625166,1.9012623305721087e-10,0.0015643917556504325,0.9984356080541789,7.925589597366119e-19
2024-04-30,-0.015560916561760646,0.03844185205530756,0.029154385082830435,-0.06715069335463046,86.25273895263672,-0.03967636534857511,2,2,0.9989016245989685,0.006190617896159951,6.817463352298748e-11,0.0010983753327584449,0.9989016245989685,1.4361916473464399e-19
2024-05-01,-0.03967636534857511,0.03936660731725741,0.05714048151704052,0.4313380135858246,82.89754486083984,0.032882722400417994,2,2,0.9878603465104105,0.04733269971750494,1.4325337825505136e-13,0.01213965348939009,0.9878603465104105,7.519528417488963e-20
2024-05-02,0.032882722400417994,0.03942956789515802,0.035389287856214584,-0.39306779300606653,85.66875457763672,0.034045555235171644,2,2,0.9971307493917235,0.014182323758222232,9.24270655853013e-12,0.002869250599078094,0.9971307493917235,1.2274547582092815e-20
2024-05-03,0.034045555235171644,0.03980836730871866,0.02523958235233059,0.05268410443816726,88.63561248779297,0.03704643309398249,2,2,0.9975239857585998,0.012502228083489626,1.6989144634003871e-12,0.002476014239685597,0.9975239857585998,1.0704017877290243e-22
2024-05-06,0.03704643309398249,0.04054226142680188,0.03434991248635627,-0.057179531057414884,91.98082733154295,-0.017362963952309306,2,2,0.9973534984365436,0.013235792244419101,3.350012877688958e-13,0.0026465015630183055,0.9973534984365436,4.4479935365898e-23
2024-05-07,-0.017362963952309306,0.04044943397343009,0.030589445158998807,0.15058660639594712,90.39755249023438,-0.0015691810648669434,2,2,0.9974487839826106,0.012826815597181787,2.4045390071461284e-13,0.0025512160171380412,0.9974487839826106,1.4404778779937162e-22
2024-05-08,-0.0015691810648669434,0.040268743381035775,0.01962131160572203,-0.2946743109969452,90.2558135986328,-0.018587387314771487,2,2,0.9985158312017686,0.008042527440909103,5.751673774932349e-13,0.001484168797715688,0.9985158312017686,4.416308089023605e-23
2024-05-09,-0.018587387314771487,0.03945942801161731,0.03201230166450214,0.14888739984680932,88.59368896484375,0.012663541111803364,2,2,0.9979844116302969,0.01047685039641301,3.710709320964827e-12,0.0020155883658946523,0.9979844116302969,6.3627358456519656e-21
2024-05-10,0.012663541111803364,0.039074165128753946,0.024188384709666975,-0.11982837577444998,89.72273254394531,0.005780049003942463,2,2,0.9988991083898773,0.006202980885807578,1.770783840151602e-11,0.0011008915923155708,0.9988991083898773,6.2512724433102525e-21
2024-05-13,0.005780049003942463,0.03859821977295937,0.02731226798240275,-0.14632334533076827,90.24283599853516,0.010530822489061613,2,2,0.9990940812670802,0.0052318501607132445,7.44920200250665e-11,0.0009059186583376442,0.9990940812670802,8.503421270031687e-20
2024-05-14,0.010530822489061613,0.038510909784910424,0.0297408247422336,0.023293961470683123,91.19818878173828,0.035210553207108565,2,2,0.9989018100254635,0.006189706974587936,9.78869570698194e-11,0.0010981898767172616,0.9989018100254635,1.2226289071545843e-19
2024-05-15,0.035210553207108565,0.037874967430111706,0.03448167159450496,0.3427764332600465,94.4665298461914,-0.002867800481630704,2,2,0.9959272144453861,0.019100398269602387,6.907970991182269e-10,0.004072784863766973,0.9959272144453861,2.90239326385688e-19
2024-05-16,-0.002867800481630704,0.03792325512865358,0.018185900622930976,-0.2542519035189549,94.19600677490234,-0.020125171773305972,2,2,0.99899597376779,0.005723935626001862,2.778910938080223e-10,0.00100402595421476,0.99899597376779,9.875347601781809e-20
2024-05-17,-0.020125171773305972,0.028405980530413454,0.03172610242358813,0.10464997286868229,92.31924438476562,0.02457677081272617,2,2,0.9799174540197142,0.07720417871826869,0.016968024894037093,0.0031141969167544897,0.9799174540197142,3.2416953315606055e-07
2024-05-20,0.02457677081272617,0.027579157866976733,0.01856926070377211,-0.12079431246110313,94.61626434326172,0.006373447523818284,2,2,0.9140839025179163,0.21825639941066946,0.08389428794919321,0.0020214651191863076,0.9140839025179163,3.444137878025344e-07
2024-05-21,0.006373447523818284,0.02683213765596323,0.023273868112401154,0.031442586478614434,95.22122192382812,-0.004581567396290375,2,0,0.5078796602188944,0.507919068175891,0.5078796602188944,0.0016466520085936665,0.49046780273852525,5.885033954724404e-06
2024-05-22,-0.004581567396290375,0.0252161954080152,0.02918374073524706,0.5115634665635915,94.78595733642578,0.08910617381892054,0,0,0.9895602307072447,0.04430069753278394,0.9895602307072447,0.0008041708142085231,0.00953319860327112,0.00010239987519333704
2024-05-23,0.08910617381892054,0.030463272389007846,0.046243247865898944,0.420052496013576,103.61969757080078,0.025397403077139,1,1,0.8907922842425074,0.296097461601381,0.031517773280206024,0.8907922842425074,0.07768994247696279,3.9447645836183297e-13
2024-05-24,0.025397403077139,0.028482845655695897,0.03263859354694931,-0.6649017945380359,106.28507232666016,0.06747576850928812,2,2,0.5651671856241502,0.7112780592512609,0.21698141601247714,0.21785073818984824,0.5651671856241502,6.601735209260261e-07
2024-05-28,0.06747576850928812,0.03115336328418595,0.0443894233809214,0.4185527318549211,113.70423126220705,0.008079626457463508,2,2,0.7833268121723513,0.3866017599488253,0.002418986757039384,0.21425420106949458,0.7833268121723513,1.0172786525391653e-12
2024-05-29,0.008079626457463508,0.030451737057938393,0.039982546576018005,-0.1578020414016793,114.62664031982422,-0.038393701905492725,2,2,0.9896864210293825,0.044677843930192376,0.0016288380799263204,0.008684736795494901,0.9896864210293825,4.095269717692598e-09
2024-05-30,-0.038393701905492725,0.030333374773343434,0.055710391221542706,-0.14013164557480834,110.30911254882812,-0.007877158690687997,2,2,0.9894208846440483,0.04235578896268716,8.84990253382867e-06,0.010570264437732901,0.9894208846440483,1.015794726776398e-09
2024-05-31,-0.007877158690687997,0.030387237120361562,0.05269399046626703,0.23556706497340316,109.443603515625,0.04779376038260132,2,2,0.9941987969873692,0.026366835625920515,0.00020705455830063795,0.0055941444186886355,0.9941987969873692,4.035599116041439e-09
2024-06-03,0.04779376038260132,0.031054510438520408,0.026060883895210597,-0.335680394154199,114.80133819580078,0.01241821995160374,2,2,0.997890046511517,0.011360397905198851,0.0001912710181156033,0.0019186824402468515,0.997890046511517,3.0118317853562866e-11
2024-06-04,0.01241821995160374,0.030531927072028085,0.02194320003826578,-0.08337327813305938,116.23585510253906,0.05027082381756565,2,2,0.99759398039542,0.013383095052439736,0.0013786048152239566,0.0010274141106502764,0.99759398039542,6.786668789210366e-10
2024-06-05,0.05027082381756565,0.030886745821239545,0.040681109759094586,0.2701171484932982,122.2284927368164,-0.011847266280361647,2,2,0.9928089100972624,0.032070496904046536,0.0004966823156562472,0.006694407570598191,0.9928089100972624,1.646372466305878e-11
2024-06-06,-0.011847266280361647,0.03126163601929013,0.060058829278442825,0.22947243562469782,120.7889633178711,-0.0009094554731768125,2,2,0.9919565011084794,0.03381853293362883,1.0233771474936799e-05,0.00803326488440226,0.9919565011084794,2.355774360975757e-10
2024-06-07,-0.0009094554731768125,0.030515819071882083,0.03035866383860885,-0.477369989334155,120.67916107177734,0.007433834430319168,2,2,0.9967001220352799,0.01761676554988724,0.0018064172617124699,0.001493454441554581,0.9967001220352799,6.261446914705277e-09
2024-06-10,0.007433834430319168,0.03056335547746753,0.050004074982432985,-0.2743706733031114,121.5796127319336,-0.007169670937182708,2,2,0.9964636726110063,0.01749427181425454,0.00019715697897999427,0.0033391679718318603,0.9964636726110063,2.4382880745546134e-09
2024-06-11,-0.007169670937182708,0.030908469841695926,0.03415767726179289,-0.342431943145736,120.71104431152344,0.03486595332030631,2,2,0.9981741525748212,0.01045790742902659,0.0006058664438909859,0.001219978914611049,0.9981741525748212,2.0667546971960095e-09
2024-06-12,0.03486595332030631,0.03121956657910165,0.03442490146685461,0.29727437509118737,124.99398040771484,0.034617638314930456,2,2,0.9957648975130249,0.02098490255028229,0.0005973287959441979,0.00363777362320841,0.9957648975130249,6.777171070979745e-11
2024-06-13,0.034617638314930456,0.0312004016055509,0.02036879389874479,-0.13904398057496903,129.39674377441406,0.01736248326882782,2,2,0.9985404492796871,0.008386199146463097,0.0002306542440153692,0.0012288964515242023,0.9985404492796871,2.4861478483290666e-11
2024-06-14,0.01736248326882782,0.03089207326789091,0.03427349746982721,0.17099005088891062,131.6630096435547,-0.006847737269837157,2,2,0.9972609541238991,0.014916665836326436,0.0009742151249504793,0.001764830060220416,0.9972609541238991,6.908926957494728e-10
2024-06-17,-0.006847737269837157,0.030192818423367497,0.031684181034156364,-0.06966729576750545,130.76449584960938,0.034517165442449385,2,2,0.9967769043742393,0.01719273584981166,0.0020303572083330544,0.0011927318375169818,0.9967769043742393,6.579908658861021e-09
2024-06-18,0.034517165442449385,0.03039816966824132,0.04159905084435979,0.02000857705116136,135.35691833496094,-0.03604532582038765,2,2,0.9965851962936055,0.01787070315561881,0.000900746334332688,0.0025140568921789763,0.9965851962936055,4.798160301962703e-10
2024-06-20,-0.03604532582038765,0.03264204466133878,0.08594578941190774,0.5648091238486301,130.5648193359375,-0.03272117718698754,2,2,0.6873040414926898,0.4481305051712166,9.77656088135957e-11,0.31269595840944175,0.6873040414926898,3.356043530902114e-14
2024-06-21,-0.03272117718698754,0.03413820659126559,0.05001186573688166,0.22659134579036183,126.36172485351562,-0.06917922218280775,2,2,0.9677129235481935,0.1028694879028847,2.2206263334791202e-07,0.03228685438883258,0.9677129235481935,2.716431696968962e-13
2024-06-24,-0.06917922218280775,0.03424924527473901,0.05435609292836328,-0.31057359659771805,117.91563415527344,0.06537970761016289,2,2,0.9603018664843082,0.1204532227338566,6.906713572955119e-10,0.03969813282490764,0.9603018664843082,2.9656248314296907e-15
2024-06-25,0.06537970761016289,0.03650523750527771,0.05694345716320842,-0.13921470418755794,125.8825225830078,0.002455516174175349,2,2,0.9541523458355423,0.13424455269815003,7.903260933979985e-10,0.04584765337415126,0.9541523458355423,1.8518284295731213e-19
2024-06-26,0.002455516174175349,0.03376543230036435,0.04367085899074338,-0.13199464216027282,126.19200897216795,-0.019250580909539034,2,2,0.9978562732110773,0.011061094604548105,2.4219849864236505e-06,0.002141304802604243,0.9978562732110773,1.2886188364445853e-12
2024-06-27,-0.019250580909539034,0.03419351521286751,0.028147476032692513,-0.36264127207395414,123.78597259521484,-0.0036359056709781056,2,2,0.9990748131070765,0.005337817260581287,1.6545400787349539e-06,0.0009235323528034874,0.9990748131070765,1.0909633279983719e-13
2024-06-28,-0.0036359056709781056,0.03278821595526884,0.040148931906388304,0.22251644363229486,123.3367156982422,0.006133081742294212,2,2,0.9983272702222429,0.00900613706951319,2.256345487077479e-05,0.0016501663061991067,0.9983272702222429,1.6792091021856845e-11
2024-07-01,0.006133081742294212,0.03263484347734543,0.048350718900090656,-0.10212426727685582,124.09547424316406,-0.013200311262359009,2,2,0.9983063079811638,0.00906164702049064,1.026918371500179e-05,0.0016834228172092258,0.9983063079811638,1.7834705303944333e-11
2024-07-02,-0.013200311262359009,0.031377127749046003,0.019401686788440932,-0.2658781559927984,122.4681396484375,0.044717794849187587,2,2,0.9986988678805077,0.00770649242557058,0.00033090270441291157,0.0009702293615523158,0.9986988678805077,5.348348656997062e-11
2024-07-03,0.044717794849187587,0.03267902520602605,0.053944482653535325,-0.012093494206382694,128.06893920898438,-0.019283764596850154,2,2,0.9935022290608997,0.028305334202147602,4.634398147047252e-06,0.006493136540668434,0.9935022290608997,1.7715228318706195e-13
2024-07-05,-0.019283764596850154,0.031260858463721675,0.025192766051104758,-0.0073143197056419985,125.6229476928711,0.018659666470015483,2,2,0.9981873230740408,0.010150677099226027,0.0003025662947791553,0.0015101105017892133,0.9981873230740408,1.2944351484854914e-10
2024-07-08,0.018659666470015483,0.031326219934048244,0.02909519068428291,0.10411249602537023,127.9890365600586,0.024502455400524207,2,2,0.9981870153746383,0.01030335768887757,0.00046028886343837787,0.0013526956191029908,0.9981870153746383,1.4275626895847948e-10
2024-07-09,0.024502455400524207,0.03167717908881428,0.03935160020998546,0.18286079818441717,131.163818359375,0.02651406838403026,2,2,0.9977689677726089,0.011949168854396513,0.00021864352876475328,0.002012388634827511,0.9977689677726089,6.380356429961145e-11
2024-07-10,0.02651406838403026,0.032065722396067343,0.01986515352325215,-0.13640772046650554,134.68801879882812,-0.05727620226399115,2,2,0.9989941924305223,0.005911417716810333,6.753302297072063e-05,0.0009382745422842626,0.9989941924305223,4.1533211377736415e-12
2024-07-11,-0.05727620226399115,0.034907906217054224,0.07142849871063844,0.4089794423518196,127.19036865234376,0.0143393007966604,2,2,0.9401142204904113,0.1634956699852309,1.3259880224024723e-11,0.05988577949623427,0.9401142204904113,1.576545588345356e-15
2024-07-12,0.0143393007966604,0.03420442746985666,0.036366424856665504,-0.39422054653210814,129.02732849121094,-0.006209209198173348,2,2,0.9975948927918123,0.012207727808154363,2.2739663539808065e-06,0.0024028332413935614,0.9975948927918123,3.7982536643002153e-13
2024-07-15,-0.006209209198173348,0.03333672441213755,0.03277794304304252,-0.19302072433385134,128.22865295410156,-0.01632682375025347,2,2,0.9992250688193066,0.004598290425729285,9.06260522750079e-06,0.000765868573010851,0.9992250688193066,2.490302427815142e-12
2024-07-16,-0.01632682375025347,0.0332401290845212,0.035295911946305984,0.03046023951951283,126.15208435058594,-0.06853519852753792,2,2,0.9989262382216194,0.006099137595850502,6.78990219881454e-06,0.001066971873235332,0.9989262382216194,2.8383588251082574e-12
2024-07-17,-0.06853519852753792,0.03641093824572972,0.043478238378655026,0.5968023803405468,117.79584503173828,0.02593415861974191,2,2,0.937814426676196,0.16803020959505224,7.138911771292827e-11,0.06218557325244733,0.937814426676196,2.025920212939142e-17
2024-07-18,0.02593415861974191,0.03596576540580946,0.048228624526415395,-0.19499048217980597,120.89073944091795,-0.02644278106367707,2,2,0.9951237955549191,0.022233744059715423,2.1669104692592547e-08,0.004876182776070399,0.9951237955549191,8.647037002554284e-16
2024-07-19,-0.02644278106367707,0.035600908971409495,0.03586869936905614,-0.3904490996783651,117.73594665527344,0.04647376440038818,2,2,0.9985106512915661,0.008067211351310265,4.3690565862783393e-08,0.0014893050177921898,0.9985106512915661,4.2231024034817456e-15
2024-07-22,0.04647376440038818,0.036760741456475954,0.03407802374351055,0.17229844504856257,123.3367156982422,-0.007719566971400671,2,2,0.997099859866632,0.014312625605912925,5.175004264579569e-09,0.0029001349584697224,0.997099859866632,2.3571213067189342e-18
2024-07-23,-0.007719566971400671,0.03317384221029806,0.021127368012528545,-0.39468292942869465,122.38827514648438,-0.07045631125732497,2,2,0.9991815156412523,0.004847919287752314,1.751502961043844e-05,0.0008009693281821649,0.9991815156412523,9.113766826856497e-13
2024-07-24,-0.07045631125732497,0.03338948226108489,0.05698025826552268,0.6337895199241125,114.06201171875,-0.017393484151686286,2,2,0.8843399658794224,0.2583779157213965,3.4726891942620575e-09,0.11566003064776129,0.8843399658794224,1.6581248554163013e-13
2024-07-25,-0.017393484151686286,0.033453323995877804,0.09200208687181503,0.339038937022847,112.09523010253906,0.0069229052677506385,1,1,0.6884103810921688,0.44749994338961235,3.5424110073432872e-12,0.6884103810921688,0.31158961890438974,1.0358275063422337e-16
2024-07-26,0.0069229052677506385,0.03341643330103508,0.04086321614144029,-0.44983833283129165,112.87394714355467,-0.013087089808858492,2,2,0.9489641927364302,0.14559165961614617,3.350011495831668e-05,0.05100230714427575,0.9489641927364302,4.2832081674105606e-12
2024-07-29,-0.013087089808858492,0.03346865806588369,0.044627617985216375,-0.16749193359845876,111.40637969970705,-0.07304001970719703,2,2,0.9972750782630752,0.013583854172416322,2.288001290188309e-06,0.0027226337323976216,0.9972750782630752,3.204812034492271e-12
2024-07-30,-0.07304001970719703,0.03660689115904982,0.09110186679282037,0.6738799000689263,103.55931854248048,0.12055325506856558,1,1,0.7737590484615477,0.3857003305385525,1.2533493692337289e-17,0.7737590484615477,0.22624095153848486,3.6193937778389276e-20
2024-07-31,0.12055325506856558,0.0466483227714685,0.06374978036640275,-0.028458156472826127,116.82742309570312,-0.06907203806348271,1,1,0.9998032649849905,0.0013529478533693127,5.768631481894286e-27,0.9998032649849905,0.00019673501497374926,4.303319729169535e-45
2024-08-01,-0.06907203806348271,0.04753533819011285,0.12224160988399549,0.10100140421845381,109.0302963256836,-0.01792373713125638,1,1,0.9999995434251238,5.1376863540530465e-06,9.826358648373066e-43,0.9999995434251238,4.5657486750369216e-07,5.4342566935268736e-48
2024-08-02,-0.01792373713125638,0.04751938780538937,0.06851867907274853,-0.08246384607061448,107.09347534179688,-0.06568885247672372,1,1,0.9512806520142262,0.1404658647902381,5.727844050542543e-25,0.9512806520142262,0.04871934798572221,7.530200879646704e-39
2024-08-05,-0.06568885247672372,0.048757618926477994,0.12663018026030642,0.13707180358129087,100.28470611572266,0.037131695894771985,1,1,0.9999998696291725,1.5848908312622183e-06,5.0387672559338974e-46,0.9999998696291725,1.3037088598984522e-07,1.1043733098026216e-48
2024-08-06,0.037131695894771985,0.049336272093398255,0.06868101710038232,-0.30132822998901393,104.07844543457033,-0.05258138519395216,1,1,0.9965526857406211,0.01658247259713143,5.441600320242387e-28,0.9965526857406211,0.0034473142592871607,9.344074194078974e-45
2024-08-07,-0.05258138519395216,0.04929331857807509,0.10221413644760101,0.005919433704133398,98.74724578857422,0.059464225779561626,1,1,0.9999527680560868,0.0003734284658662486,1.6935303109977774e-37,0.9999527680560868,4.723194380651694e-05,1.3980517097286797e-43
2024-08-08,0.059464225779561626,0.05097182059146365,0.07602175158744026,-0.048631952067917684,104.79727172851562,-0.0020980807047392244,1,1,0.9997232488335451,0.0018350841766597837,2.730612528727676e-32,0.9997232488335451,0.0002767511664638926,1.430658450442866e-48
2024-08-09,-0.0020980807047392244,0.05069587271680909,0.03026251235269988,-0.29824449298617967,104.57762908935548,0.039954900418483416,1,1,0.9460215901526671,0.1515311994947051,1.3769348298931825e-28,0.9460215901526671,0.05397840984744602,2.0510814349362466e-44
2024-08-12,0.039954900418483416,0.05193747512623589,0.04412032385528099,0.11275874068844378,108.84061431884766,0.063264938343604,1,1,0.9886082242625089,0.04494231969112041,2.2042264995389826e-31,0.9886082242625089,0.011391775737438797,2.3732355862699673e-45
2024-08-13,0.063264938343604,0.05427824095946743,0.04003789865951537,-0.04047267027178001,115.94889068603516,0.01656611347198866,1,1,0.9994250444884349,0.0035091093771847616,1.650818290443201e-37,0.9994250444884349,0.0005749555114871313,8.115662253631276e-54
2024-08-14,0.01656611347198866,0.052269245167679314,0.03836381020537467,0.08165288799137245,117.88571166992188,0.03968305527861738,1,1,0.9844991220485315,0.05768621932300489,6.731425650646135e-32,0.9844991220485315,0.015500877951499088,1.788038331495752e-47
2024-08-15,0.03968305527861738,0.052716256354646523,0.04696399653590952,-0.06440269988567522,122.6578369140625,0.01390259158944284,1,1,0.9947323142315564,0.023724349040680947,4.5375160925417134e-33,0.9947323142315564,0.005267685768399903,3.4619395229007007e-47
2024-08-16,0.01390259158944284,0.052392846391653244,0.030663024873001637,-0.04994556372835284,124.37500762939452,0.04258623643245473,1,1,0.9836597366981802,0.060183381466333605,2.36445070537617e-32,0.9836597366981802,0.016340263301739627,1.2023061577729158e-47
2024-08-19,0.04258623643245473,0.05222902176959241,0.05061539870042056,0.050721466107289115,129.78607177734375,-0.02138062409983493,1,1,0.9944035479727317,0.024959958598448902,3.9277353797933045e-32,0.9944035479727317,0.005596452027228429,3.112894758879014e-46
2024-08-20,-0.02138062409983493,0.052459197807136045,0.03135564238242878,-0.059026123948385426,127.04061889648438,0.009775224368648607,1,1,0.9842899986288423,0.05831140702058105,5.45515231238395e-33,0.9842899986288423,0.01571000137124845,7.412154909244199e-48
2024-08-21,0.009775224368648607,0.04962897038460053,0.020933871139348248,-0.1515654452338529,128.28855895996094,-0.037746430597525985,1,1,0.9104718803900858,0.21744638876408853,5.398342335987853e-27,0.9104718803900858,0.08952811960982457,3.341656969904058e-42
2024-08-22,-0.037746430597525985,0.05033489692755288,0.061823191029153804,0.37758362217078406,123.536376953125,0.044494101005274525,1,1,0.9781523438945372,0.0758462893549324,2.5349281335272644e-30,0.9781523438945372,0.021847656105437808,1.282323634877935e-39
2024-08-23,0.044494101005274525,0.05111108183998848,0.033856419943781794,-0.15172687024446677,129.15713500976562,-0.02275052774641257,1,1,0.9806957581315535,0.06875802037519232,6.914740964536262e-30,0.9806957581315535,0.019304241868344955,1.0041956296474707e-44
2024-08-26,-0.02275052774641257,0.05135345997455242,0.05448356642523396,0.026663565709664466,126.25191497802734,0.01444541912109374,1,1,0.9755647705926965,0.08283319115368314,5.4039422577353525e-31,0.9755647705926965,0.02443522940721225,4.110006192288224e-42
2024-08-27,0.01444541912109374,0.047850162935307854,0.0414653123014976,-0.09085170666899486,128.0889129638672,-0.021189610523753684,1,1,0.759775910798512,0.3977063666683666,6.281825276203988e-23,0.759775910798512,0.24022408920141808,1.8223324942090067e-35
2024-08-28,-0.021189610523753684,0.04067046971920657,0.04529896038339271,0.39084194530492533,125.40331268310548,-0.06597801854514852,2,2,0.8001095527251749,0.3608544676693821,4.549724426176161e-13,0.1998904472744134,0.8001095527251749,5.356516917102466e-22
2024-08-29,-0.06597801854514852,0.04038460604635329,0.0656518535685636,0.01092468244061451,117.39649200439452,0.015024028948001512,2,2,0.787314032210761,0.3732927987125739,4.271609119129775e-17,0.21268596778914903,0.787314032210761,6.90144217010368e-23
2024-08-30,0.015024028948001512,0.040127433935578036,0.03794922237636108,-0.30554655532843444,119.17357635498048,-0.10009673083171995,2,2,0.9889351747175679,0.04388619179928751,2.6542797230176125e-12,0.011064825279685378,0.9889351747175679,3.7535575544405684e-21
2024-09-03,-0.10009673083171995,0.043893945857194694,0.08259257563838253,0.3574445915584304,107.82228088378906,-0.01671290297640323,1,1,0.8773384325083082,0.26848168718515086,1.951650538287489e-27,0.8773384325083082,0.1226615674917901,1.8855789312424923e-31
2024-09-04,-0.01671290297640323,0.043378811994757766,0.08615002330625236,-0.24768429217162757,106.03523254394533,0.00937130983569498,1,1,0.9864560121811494,0.05173183248032883,4.014034557568417e-22,0.9864560121811494,0.01354398781886067,1.0236308123957945e-28
2024-09-05,0.00937130983569498,0.041528950901297386,0.04561141154189831,-0.19379599301984962,107.0335922241211,-0.04171248377384153,2,2,0.7548542193339702,0.40174666012154164,2.1897302451303607e-13,0.24514578066586132,0.7548542193339702,3.670577308687679e-24
2024-09-06,-0.04171248377384153,0.0405720907072605,0.07001852036787869,0.29863012686260065,102.6607894897461,0.03478618849639951,2,2,0.8184924468367291,0.34168196333038625,3.140246382358984e-16,0.18150755316321013,0.8184924468367291,5.086620495769712e-22
2024-09-09,0.03478618849639951,0.04135177917943065,0.02686203228666287,-0.41218455002060406,106.29480743408205,0.015193341297442296,2,2,0.9829733534461093,0.062201783278955404,5.004755617724634e-14,0.017026646553788095,0.9829733534461093,2.835252833921578e-24
2024-09-10,0.015193341297442296,0.04047971460710078,0.04116563034644285,-0.020761884221919196,107.92211151123048,0.07834774337628758,2,2,0.9974881467374025,0.012657120212156437,5.091199270488009e-13,0.00251185326200941,0.9974881467374025,7.801639616338294e-22
2024-09-11,0.07834774337628758,0.041846123422127166,0.08356859093681968,0.49795723745873494,116.71762084960938,0.01898045349612208,1,1,0.8883423718868974,0.2524478537224991,1.0942480483131993e-17,0.8883423718868974,0.11165762811305878,1.7681251943276666e-31
2024-09-12,0.01898045349612208,0.04189887419005632,0.04540879377056167,-0.1872249280492511,118.95413208007812,-0.0003359433604282347,2,2,0.794557400855543,0.3663403202984605,5.844534326390378e-14,0.2054425991444649,0.794557400855543,3.520598916678746e-24
2024-09-13,-0.0003359433604282347,0.04086962330737543,0.019815286654805125,-0.42900230832276753,118.91417694091795,-0.01967154913102121,2,2,0.9887003143323316,0.044645547997712046,2.4053122581784023e-13,0.011299685667510022,0.9887003143323316,8.671059678042162e-24
2024-09-16,-0.01967154913102121,0.0408910324654294,0.03271107839317293,0.04276301647753909,116.59780883789062,-0.010242419262076124,2,2,0.9973997491867728,0.013037594165036475,6.3428717588928e-14,0.0026002508132413325,0.9973997491867728,4.64744505533207e-23
2024-09-17,-0.010242419262076124,0.03945691303333234,0.034345543269143186,-0.07012009616510116,115.40966033935548,-0.01939258311154507,2,2,0.9987646134154519,0.006858017220994809,5.465578315387952e-12,0.0012353865790924229,0.9987646134154519,1.5989455822416462e-20
2024-09-18,-0.01939258311154507,0.03941826640546634,0.039516588330277186,0.29118255430076295,113.19313049316406,0.0389255933202048,2,2,0.9970244605267209,0.014629506989943544,3.693154651838581e-12,0.002975539469522673,0.9970244605267209,3.152415706975609e-20
2024-09-19,0.0389255933202048,0.040546128937771306,0.020446284940629302,-0.05570103357483457,117.68611907958984,-0.015992179283915237,2,2,0.9968874797968449,0.015201779906232208,1.0446684084847888e-13,0.0031125202029560982,0.9968874797968449,1.7266984569411822e-24
2024-09-20,-0.015992179283915237,0.03988848380216363,0.027844856525289723,0.2647309029585981,115.81903076171876,0.002238834722853526,2,2,0.9963733537581616,0.017312202147647452,1.2095748777482685e-12,0.003626646240738222,0.9963733537581616,5.818927948971336e-22
2024-09-23,0.002238834722853526,0.038315977544097456,0.018320980683641123,-0.6176455704242411,116.07862091064452,0.038886510899920367,2,2,0.9983421707177045,0.008851143152964874,2.5831862583168075e-10,0.001657829023881227,0.9983421707177045,1.4345142168021756e-19
2024-09-24,0.038886510899920367,0.03930771728974638,0.0531149636175663,0.5430394866183532,120.68142700195312,0.02160658435004566,2,2,0.9797512118541529,0.07141757384162477,2.1215995691342037e-11,0.020248788124594755,0.9797512118541529,5.082241681922015e-21
2024-09-25,0.02160658435004566,0.039500007413426116,0.026961394004201455,-0.22061320853404834,123.31731414794922,0.004281983094617081,2,2,0.9982796692761753,0.009138871472352136,6.880168083172471e-12,0.0017203307169147192,0.9982796692761753,2.5010264119025492e-21
2024-09-26,0.004281983094617081,0.03925514162688539,0.047323404336195245,0.060944234071710665,123.84648895263672,-0.02151319993699533,2,2,0.9981202311693951,0.009865560090795466,7.762706419185084e-12,0.0018797688228598154,0.9981202311693951,1.1237315416314449e-19
2024-09-27,-0.02151319993699533,0.036523075680494885,0.03929156987736585,-0.11020252086999181,121.21060943603516,0.00032939092429993655,2,2,0.9988881581982754,0.006256776560740885,4.042215198448068e-09,0.0011118377594611878,0.9988881581982754,3.071801126540048e-16
2024-09-30,0.00032939092429993655,0.0363863327931518,0.027585625879227395,-0.17917076572761487,121.25054168701172,-0.03724632883419643,2,2,0.9993144101129586,0.004097424074922565,1.7295698306098455e-08,0.0006855725914123783,0.9993144101129586,1.4059523001506473e-16
2024-10-01,-0.03724632883419643,0.029215327037680996,0.05683761987930677,0.28775787941947056,116.81747436523438,0.015688200209863005,2,2,0.9828694890058356,0.06279834647020917,6.118040026668317e-05,0.01706931224841682,0.9828694890058356,1.834559216690954e-08
2024-10-02,0.015688200209863005,0.02890260741772768,0.035675203350488495,-0.3087568856362654,118.66458129882812,0.03310190175919791,2,2,0.9870288555719537,0.05439020976607981,0.010610977350948668,0.00236003757221131,0.9870288555719537,1.2950495363473865e-07
2024-10-03,0.03310190175919791,0.029544410779913884,0.032722867907139366,0.22246041155941476,122.65834045410156,0.01670944859446635,2,2,0.9872034081233964,0.05487861456033079,0.009212725862865706,0.0035838611691515507,0.9872034081233964,4.844578960641566e-09
2024-10-04,0.01670944859446635,0.027296744300956063,0.025696438773008763,-0.1285953162524689,124.72511291503906,0.02216677305510913,2,2,0.8678826092136237,0.2886455920797125,0.1302658006593468,0.00184965418651142,0.8678826092136237,1.9359404716949697e-06
2024-10-07,0.02216677305510913,0.026829024387730795,0.04455059808192281,0.35131354311322105,127.52073669433594,0.03968140734058667,2,2,0.49815927455259407,0.5286141881703024,0.49418080790060254,0.0076554985940619855,0.49815927455259407,4.418952782731633e-06
2024-10-08,0.03968140734058667,0.02766728226643519,0.03055156578554403,-0.19214057504521417,132.68267822265625,-0.0018077412485752286,2,0,0.5423542383361577,0.5089036394212414,0.5423542383361577,0.0025779147892906772,0.4550669122223445,9.346522980408765e-07
2024-10-09,-0.0018077412485752286,0.02264527617184392,0.023671311979846666,-0.14891096550795735,132.4430389404297,0.01615231034027529,0,0,0.9957582653380558,0.02170191300104559,0.9957582653380558,7.571497336721403e-05,0.0031616666369985733,0.0010043530515980938
2024-10-10,0.01615231034027529,0.022570763662826638,0.029671389900155158,-0.015886831429345924,134.59967041015625,-7.402958749452793e-05,0,0,0.9990382632259689,0.005722046274859703,0.9990382632259689,5.4039739513464824e-05,1.6413549341140458e-05,0.000891283485108222
2024-10-11,-7.402958749452793e-05,0.022566860748573996,0.015726966388669196,-0.3531932318683605,134.58970642089844,0.023968781673093943,0,0,0.9993863805054036,0.0037930955417653524,0.9993863805054036,2.419649481273553e-05,5.74645896182984e-07,0.0005888483539584109
2024-10-14,0.023968781673093943,0.022038144146653036,0.023900940658376873,0.3112049253546821,137.85462951660156,-0.0479939571249118,0,0,0.999185116695737,0.004975887875636663,0.999185116695737,9.090735084532613e-05,3.0165981783707945e-07,0.0007236742935368597
2024-10-15,-0.0479939571249118,0.02511802887897261,0.07469605908165748,0.4862120490754738,131.3946990966797,0.03082679750253985,1,1,0.9994459546690698,0.003666577431789347,0.00036771200309413987,0.9994459546690698,0.00018191599973254528,4.417328192485824e-06
2024-10-16,0.03082679750253985,0.02490410842761765,0.037135228712066926,-0.35517124504798026,135.5082550048828,0.008876035725900778,0,0,0.741814098202188,0.5406626639602305,0.741814098202188,0.13788508720576562,0.12030043558094951,3.7901117713943643e-07
2024-10-17,0.008876035725900778,0.02388923351903843,0.029358098937311592,0.14573283745472768,136.7163848876953,0.007783714215272864,0,0,0.9978404847335296,0.012421926023396042,0.9978404847335296,0.0004659853806785264,0.0014584171073542527,0.00023511277853836135
2024-10-18,0.007783714215272864,0.023241766913988885,0.011739095052083334,-0.5540122343498551,137.78469848632812,0.04054382964619079,0,0,0.9997089200458035,0.002014496472845414,0.9997089200458035,2.9956124556125338e-05,7.845376917113687e-06,0.00025327845281006853
2024-10-21,0.04054382964619079,0.024239618866222067,0.039732840074498475,0.407050915467602,143.48580932617188,-0.0008354647318082837,0,0,0.9994171497401848,0.0036035022895900106,0.9994171497401848,0.0005689369826348052,2.33663445322928e-06,1.1576642775456805e-05
2024-10-22,-0.0008354647318082837,0.023413052195140102,0.01838567767239223,-0.15613446850651796,143.36598205566406,-0.028467286539112447,0,0,0.9997255396929975,0.0019019018432740156,0.9997255396929975,3.378073191723655e-05,1.4831485958143585e-06,0.0002391964264212157
2024-10-23,-0.028467286539112447,0.02459773857991456,0.03561182322196181,0.2338342149016801,139.34228515625,0.0060720217520949405,0,0,0.9987642525998331,0.0074600632772845055,0.9987642525998331,0.0008162675163392026,8.226130774339903e-06,0.0004112537529817693
2024-10-24,0.0060720217520949405,0.024593998644373796,0.02058257470459937,-0.5061913025396173,140.19094848632812,0.008015632664506103,0,0,0.9998270076560704,0.0012867393261542309,0.9998270076560704,4.1932021528202314e-05,3.6052784164365634e-06,0.00012745504392056332
2024-10-25,0.008015632664506103,0.023713441130122127,0.023526932238316985,0.17404968851138763,141.31918334960938,-0.00723248822464238,0,0,0.9997302911758621,0.001900264387730061,0.9997302911758621,5.941168468138143e-05,9.233482161664168e-07,0.0002093737913411077
2024-10-28,-0.00723248822464238,0.023896298073884974,0.021989725618704676,-0.16692822520130887,140.30078125,0.005181472839207372,0,0,0.9997637561460506,0.001678435732586804,0.9997637561460506,4.1245413788305814e-05,1.4190125100757463e-06,0.00019357942776228445
2024-10-29,0.005181472839207372,0.021496675222962888,0.023787614940542035,-0.09665761892595602,141.02963256835938,-0.013614438171877444,0,0,0.9966345164016722,0.016387332945886304,0.9966345164016722,3.408748901971139e-05,3.672765510297131e-07,0.003331028832802964
2024-10-30,-0.013614438171877444,0.022038568701197702,0.025261980515093103,0.12969926893506592,139.1226043701172,-0.04837387750695707,0,0,0.9976055316441522,0.012386183821770917,0.9976055316441522,7.26336566283188e-05,4.4360995820302887e-07,0.0023213910891928782
2024-10-31,-0.04837387750695707,0.02453414744910762,0.04142814272048497,0.40884977851332177,132.55288696289062,0.019690359309325653,0,0,0.9729506643051553,0.09324116749462283,0.9729506643051553,0.025912152774071447,5.230471517893856e-05,0.0010848782057051867
2024-11-01,0.019690359309325653,0.02462508148636476,0.020236265567853493,-0.2652326208484241,135.1887664794922,0.00478911109769862,0,0,0.9997214169531229,0.0020636270249410685,0.9997214169531229,0.00010953378941772461,9.763496351072352e-05,7.141429392699375e-05
2024-11-04,0.00478911109769862,0.024255181666495703,0.024917304767415348,-0.09940675996059391,135.83775329589844,0.027976859409581868,0,0,0.9997921975832553,0.0015112864320022147,0.9997921975832553,4.6078235516438154e-05,3.12254787436454e-06,0.00015860163327775033
2024-11-05,0.027976859409581868,0.02345561942080688,0.021728205321719304,-0.15540229686995966,139.6917266845703,0.039932517138764084,0,0,0.9997491370001214,0.0017916658378167713,0.9997491370001214,6.432886111872981e-05,1.8390656838889994e-06,0.00018469507311104567
2024-11-06,0.039932517138764084,0.024860147871641078,0.031110492138648017,0.41059217743191445,145.38284301757812,0.022208859218496555,0,0,0.9995763463124567,0.0027195735916316598,0.9995763463124567,0.00041283948955407113,2.525153694558084e-06,8.289044319294818e-06
2024-11-07,0.022208859218496555,0.02504370540034687,0.018538382699600287,-0.1548397040463069,148.6477508544922,-0.008431654418616083,0,0,0.9998706835656015,0.0009979763854410942,0.9998706835656015,9.183038962232937e-05,7.330595583558447e-06,3.0155449164706095e-05
2024-11-08,-0.008431654418616083,0.025201421331804384,0.02377572071755479,-0.1656960843424225,147.39967346191406,-0.016184009068524623,0,0,0.9998655722933312,0.0010398149244280565,0.9998655722933312,7.459289371210956e-05,4.652795907050459e-06,5.5182017004570374e-05
2024-11-11,-0.016184009068524623,0.025172023795180975,0.036348609245255056,0.03721077341695761,145.03335571289062,0.020644652943644943,0,0,0.9994171003300064,0.003863645872890558,0.9994171003300064,0.0003619752569020267,1.1602136845403082e-05,0.00020932227626472202
2024-11-12,0.020644652943644943,0.02245201481223914,0.024546493724798276,0.08567335971850375,148.0586395263672,-0.013715568501128726,0,0,0.9993196628249432,0.004209310681567757,0.9993196628249432,5.3442558522910105e-05,8.328516966331162e-07,0.0006260617648738915
2024-11-13,-0.013715568501128726,0.02206239751810842,0.023449838205932827,-0.034475860087921216,146.0417938232422,0.0033442103476368705,0,0,0.9982517975706063,0.009434754534990033,0.9982517975706063,5.0412574543611835e-05,5.039657011331759e-07,0.001697285889208805
2024-11-14,0.0033442103476368705,0.022029309874923415,0.023507747869815368,0.013251856986202017,146.531005859375,-0.03311215064608945,0,0,0.9982118720818446,0.009581220858274887,0.9982118720818446,3.678310246881203e-05,4.121596541789276e-07,0.0017509326561097266
2024-11-15,-0.03311215064608945,0.02345908959650379,0.03634317380887565,0.2517489203045362,141.7584991455078,-0.012973058291958618,0,0,0.9973969493371082,0.014349880502284872,0.9973969493371082,0.0010874097687967963,5.01473617242666e-06,0.0015106261579127484
2024-11-18,-0.012973058291958618,0.02175183770717236,0.03139500069135437,-0.12290114703488648,139.93133544921875,0.04778738376240157,0,0,0.9947833582522427,0.023882681457733413,0.9947833582522427,9.423029336293357e-05,1.7425746243767487e-06,0.005120668879701875
2024-11-19,0.04778738376240157,0.024361747856369423,0.0417658636764518,0.02953001426573254,146.7806396484375,-0.007647614459276329,0,0,0.9985042975589633,0.008202206040855226,0.9985042975589633,0.0014702281599903964,1.4862138980651367e-05,1.0612141989929855e-05
2024-11-20,-0.007647614459276329,0.023456365529359414,0.033107148202492886,0.3075370969993541,145.6623992919922,0.005332217635234719,0,0,0.9990405812575427,0.005809654150270966,0.9990405812575427,0.00014645423059193128,2.6498380316997043e-06,0.0008103146737776279
2024-11-21,0.005332217635234719,0.02345055039619161,0.08311176514344062,0.25766991051352856,146.44117736816406,-0.03271035462823413,1,1,0.9995395406866,0.0030227946743255876,0.00039302750214784756,0.9995395406866,6.736749161614091e-05,6.431962693761718e-08
2024-11-22,-0.03271035462823413,0.02465452334350019,0.042691072130162475,-0.5282767394343748,141.72853088378906,-0.042672932842500746,1,1,0.627884282853038,0.6538496758316521,0.2322504067209127,0.627884282853038,0.13986420572266797,1.1047034706014837e-06
2024-11-25,-0.042672932842500746,0.026422861771872017,0.04580205507904405,0.37782448513003297,135.8077850341797,0.006595061052468415,1,1,0.6014310917645177,0.6678931769356394,0.13206193584724077,0.6014310917645177,0.26647409033349995,3.2882054715435444e-05
2024-11-26,0.006595061052468415,0.02644391589266402,0.026511867742894973,-0.594838859626402,136.70640563964844,-0.011606756538139171,0,0,0.8728107649303009,0.30943345307914016,0.8728107649303009,0.015777726668952295,0.11138204565473069,2.9462745918002594e-05
2024-11-27,-0.011606756538139171,0.0263995077705311,0.04004727586524913,0.17363766707296846,135.1288604736328,0.021273483077412815,0,0,0.9714603281222288,0.09856886882130297,0.9714603281222288,0.001718327448425337,0.026745153423639905,7.619100554315247e-05
2024-11-29,0.021273483077412815,0.02440297394132507,0.02386982315918852,-0.467311591528443,138.03431701660156,0.002744781877528203,0,0,0.9992946032273171,0.004636957404027692,0.9992946032273171,7.268747818130074e-05,0.00046074362774956175,0.00017196566655217088
2024-12-02,0.002744781877528203,0.02404899393612872,0.01897128710517348,0.19078537519171912,138.41371154785156,0.011689436851522893,0,0,0.9998013863053613,0.0014753430757015297,0.9998013863053613,8.247027800149146e-05,4.441850890831512e-06,0.00011170156555005669
2024-12-03,0.011689436851522893,0.024152789048039303,0.01846568115874548,-0.04326095101507084,140.0411834716797,0.034200872546373697,0,0,0.9998546124407888,0.0011070666661728017,0.9998546124407888,5.300797854993864e-05,1.9120017246893798e-06,9.046757875868571e-05
2024-12-04,0.034200872546373697,0.024548424061517034,0.037894446900433615,0.3410005979342511,144.91355895996094,-0.00048237108436141807,0,0,0.9996328411473953,0.0024259021701381815,0.9996328411473953,0.00034505754489800244,2.733563511560785e-06,1.9367744396719937e-05
2024-12-05,-0.00048237108436141807,0.02285210582679304,0.017854655876748195,-0.29228863662830024,144.8436737060547,-0.018226670986792422,0,0,0.9994885712915716,0.0032431168080557103,0.9994885712915716,2.5944973832606332e-05,8.479645566555843e-07,0.0004846357701780371
2024-12-06,-0.018226670986792422,0.022553280435432664,0.030819989570375753,0.08802811621646417,142.22756958007812,-0.025814778925956235,0,0,0.9978894456187531,0.011247733938625597,0.9978894456187531,0.00012439888604650357,1.0236617511844295e-06,0.0019851318334361727
2024-12-09,-0.025814778925956235,0.023133265826893318,0.02031548242221766,0.004250773047289661,138.6029815673828,-0.027312691889504383,0,0,0.9996181947032845,0.0026135523842186026,0.9996181947032845,0.0001091421152895848,1.2374816016018208e-06,0.0002714256998791517
2024-12-10,-0.027312691889504383,0.023594380415593502,0.05945075592400678,0.1038285618579403,134.86859130859375,0.030908361403944217,0,0,0.7649536365132189,0.41235954005610626,0.7649536365132189,0.22991220457203632,0.0004999785767704443,0.004634180338090758
2024-12-11,0.030908361403944217,0.02425265900794706,0.035603987811369774,-0.1273637882673032,139.1022491455078,-0.014242130807284472,0,0,0.995900282274567,0.021511547232188743,0.995900282274567,0.0022635383260837445,0.001740727637653326,9.54517618054926e-05
2024-12-12,-0.014242130807284472,0.024265049387599515,0.01922236391468499,-0.1496103824207732,137.1351776123047,-0.02275572959315882,0,0,0.9998305035826335,0.0013078902195769566,0.9998305035826335,6.291225412409478e-05,2.6850890007635867e-05,7.973327344023643e-05
2024-12-13,-0.02275572959315882,0.024597179182918205,0.0525885498501513,0.374411355419311,134.0498046875,-0.016902029406532425,0,0,0.9813829504859386,0.07086134647191096,0.9813829504859386,0.017070397579160502,7.465513074848133e-05,0.0014719968042241312
2024-12-16,-0.016902029406532425,0.023859060480585354,0.030151482784386837,0.027420956070293215,131.80313110351562,-0.012271893453089164,0,0,0.9993136032070152,0.004499909644917584,0.9993136032070152,0.00018397258483682284,4.577788215189961e-05,0.0004566463260257404
2024-12-17,-0.012271893453089164,0.023845137082853518,0.03627575542357563,0.08634578773387769,130.19554138183594,-0.011415517083418382,0,0,0.9990513523440944,0.005819752383191356,0.9990513523440944,0.00019995367713691701,4.62087917709094e-06,0.0007440730996047469
2024-12-18,-0.011415517083418382,0.020580667459257483,0.065316871691473,0.06720993507359009,128.71774291992188,0.013637133152473621,1,1,0.7308032672623234,0.44887647672076536,0.26035496840362404,0.7308032672623234,0.00019027939423406912,0.008651484939632902
2024-12-19,0.013637133152473621,0.021066376834499224,0.034282185327741715,-0.27985142009672187,130.485107421875,0.03029851814395633,0,0,0.9761119561549492,0.09723735299675916,0.9761119561549492,0.009467703725859655,0.002080994479862986,0.012339345639430302
2024-12-20,0.03029851814395633,0.0224372396564636,0.05241275217924852,0.37954156951829265,134.49911499023438,0.036232395722880506,0,0,0.9953850890468667,0.02202960231422669,0.9953850890468667,0.004371904358479752,9.418941672886257e-05,0.0001488171778076622
2024-12-23,0.036232395722880506,0.02312073419568754,0.033435943510906806,-0.5545231364862444,139.46170043945312,0.0039302246608490955,0,0,0.9987836372792552,0.0074327989665113154,0.9987836372792552,0.0004927666552726451,2.3380671653812913e-05,0.0007002153935993329
2024-12-24,0.0039302246608490955,0.02092318508529611,0.023177863155803096,-0.5153334546217962,140.01089477539062,-0.0020704187342730253,0,0,0.9892199301736371,0.04314532919603229,0.9892199301736371,3.774275863083522e-05,4.46408661684001e-07,0.010741880658914365
2024-12-26,-0.0020704187342730253,0.02090235847424091,0.02229693803533348,0.09990656453030856,139.7213134765625,-0.021088412374471833,0,0,0.9922350881388531,0.03301559697238235,0.9922350881388531,5.1396128637654796e-05,2.1763670035529395e-07,0.0077132980957214875
2024-12-27,-0.021088412374471833,0.02130907386021939,0.031457541284542624,0.38385860086227924,136.8056640625,0.003497341925611865,0,0,0.9872597614037647,0.05029629660840617,0.9872597614037647,0.0003151139818174503,3.703161591817684e-07,0.012424754298170321
