Date,log_return,rolling_volatility_20,daily_range,volume_change,current_close,next_log_return,state_viterbi_past_only,state_posterior_argmax,posterior_confidence,posterior_entropy,p_state_0,p_state_1,p_state_2,p_state_3
2023-05-10,0.0005126985003456703,0.020718603138153713,0.023373406662281777,0.10214985471485145,126.89185333251952,-0.0031554118523614795,0,0,0.9998233481308705,0.0012286150811143411,0.9998233481308705,6.619393788967209e-24,7.090370542053973e-09,0.0001766447787587086
2023-05-11,-0.0031554118523614795,0.02076299780095389,0.014038982868546853,-0.14191649822163438,126.4920883178711,-0.014436587774705151,0,0,0.9997974492326537,0.0013887447271171717,0.9997974492326537,5.2263748896076034e-24,7.270144153480531e-09,0.00020254349720735907
2023-05-12,-0.014436587774705151,0.012946601488323101,0.028784492428523215,0.34738190060264434,124.67909240722656,0.00839093185155028,0,0,0.8740573386033456,0.2753824556263836,0.8740573386033456,1.2117458201127932e-12,0.1254612026630694,0.0004814587323963047
2023-05-15,0.00839093185155028,0.012966287138757925,0.01264506033501184,-0.26811228668914305,125.72966766357422,-0.006751772903785699,2,2,0.9182910798018623,0.20838662416672565,0.08064336280807266,0.00098755048042168,0.9182910798018623,7.800690965444628e-05
2023-05-16,-0.006751772903785699,0.012647649340782207,0.014740884600756395,-0.1650438377934533,124.88362884521484,0.03028432358556946,2,2,0.9959328244995986,0.02109855819698308,0.0017857667804335338,0.0022799714494819642,0.9959328244995986,1.437270464049561e-06
2023-05-17,0.03028432358556946,0.014630766013562894,0.02260736506331268,0.6742187773298947,128.72349548339844,0.007555292119890082,2,2,0.9864067832554588,0.05193771135298175,0.01358480507501255,1.4364509395263094e-06,0.9864067832554588,6.975218599900342e-06
2023-05-18,0.007555292119890082,0.014745221009651045,0.01412187254984319,-0.14464818704623936,129.69972229003906,-0.002296752895997349,2,2,0.995445198834312,0.02117339987197859,0.004510801737307772,4.351306320184456e-05,0.995445198834312,4.863651672651978e-07
2023-05-19,-0.002296752895997349,0.014747418865344463,0.01695646453904597,0.20425283218787132,129.4021759033203,-0.008296807061954639,2,2,0.995387898127473,0.021396620160583562,0.004567678773837877,4.422177796121226e-05,0.995387898127473,2.0132071471115896e-07
2023-05-22,-0.008296807061954639,0.014841650667194037,0.028834280683454026,-0.1682791110849868,128.33299255371094,-0.010487321453805893,2,2,0.9119178884552351,0.21505893896025444,0.08807713171433927,2.0705114959999235e-06,0.9119178884552351,2.909318953868669e-06
2023-05-23,-0.010487321453805893,0.014193356602258707,0.01881537546184677,-0.18097363863232557,126.99415588378906,-0.009193560872532307,2,2,0.9845481559913807,0.057868801808136604,0.015382892379983125,6.512802753773276e-05,0.9845481559913807,3.8236011083313994e-06
2023-05-24,-0.009193560872532307,0.013756107945874648,0.009383806020581214,-0.10365820487670421,125.83197784423828,0.002435271602487807,2,2,0.9981940892144692,0.010011984024637365,0.0015887165152094907,0.00021656609946584215,0.9981940892144692,6.281708704382271e-07
2023-05-25,0.002435271602487807,0.013411486305485417,0.012456714558967904,-0.012375161595619376,126.13878631591795,0.009317464857469381,2,2,0.9986850593147464,0.007896270309177606,0.0006164569827466122,0.0006984545528818954,0.9986850593147464,2.9149618501030656e-08
2023-05-26,0.009317464857469381,0.01343643604270059,0.014385871079168756,0.012596633921226433,127.31957244873048,0.0037901406854056936,2,2,0.9987758517438663,0.007406852922619808,0.0006996947713649985,0.000524434521441019,0.9987758517438663,1.8963314504911142e-08
2023-05-30,0.0037901406854056936,0.01249036798055083,0.012367211299362529,-0.14795577181499345,127.80304718017578,-0.012812788880266223,2,2,0.9950894094207345,0.02324722698361104,0.0003348144894772598,0.004575760417698567,0.9950894094207345,1.567209710004281e-08
2023-05-31,-0.012812788880266223,0.012294718480959583,0.017979532242974418,0.653175905396261,126.1759796142578,0.013685349999014574,2,2,0.9961115683069349,0.020002779362763345,0.0010480432714734618,0.002840102174460012,0.9961115683069349,2.862471330042861e-07
2023-06-01,0.013685349999014574,0.011747938216476066,0.02020641621091599,-0.149271569081209,127.91461181640624,0.020788234654720687,2,2,0.9940162317812493,0.02825798461951902,0.0009254178004114009,0.005058200792446945,0.9940162317812493,1.4962589981085582e-07
2023-06-02,0.020788234654720687,0.012062503626795708,0.015234565181544502,0.05359915516770306,130.6015625,-0.009872852613657286,2,2,0.9954760956911242,0.0222569520704056,0.0006808101244641622,0.003842795236792115,0.9954760956911242,2.9894763210794927e-07
2023-06-05,-0.009872852613657286,0.011653443612074585,0.01423535681695662,-0.4175047936780792,129.31849670410156,0.0017959049152050776,2,2,0.9868425257575866,0.05184171619415461,0.00040661770579051974,0.012750747032799386,0.9868425257575866,1.0950381574792366e-07
2023-06-06,0.0017959049152050776,0.011649925311054942,0.013563940285065813,0.09171623844518847,129.5509490966797,0.009641774491771848,2,2,0.9655048776686712,0.1093810679714643,0.00027349276620631873,0.03422140820565286,0.9655048776686712,2.2135946756064332e-07
2023-06-07,0.009641774491771848,0.011729693983568296,0.01734311179945034,-0.00516902536662941,130.80609130859375,0.0002844737037009853,2,2,0.9769201664677656,0.08079883662812093,0.00044781183659992735,0.02263136680344666,0.9769201664677656,6.548921613786865e-07
2023-06-08,0.0002844737037009853,0.011730861740242291,0.01001921200110898,-0.23085252642350707,130.8433074951172,0.001987540202651176,2,2,0.9660565157059577,0.10794513579680906,0.00024357507616615517,0.03369950930673999,0.9660565157059577,3.9991114760543693e-07
2023-06-09,0.001987540202651176,0.01167892704286771,0.011275770511526008,-0.01628254783523185,131.10362243652344,-7.076594712984965e-05,2,2,0.9534523918198528,0.13688350863011894,0.0002453610126572081,0.04630163463614827,0.9534523918198528,6.125313236766894e-07
2023-06-12,-7.076594712984965e-05,0.011053408605587262,0.011063920690658246,0.04682345554232727,131.09434509277344,0.00720793928519877,2,2,0.817422281240971,0.3440811850504198,0.00022022225608914878,0.1823560886646379,0.817422281240971,1.4078383028708256e-06
2023-06-13,0.00720793928519877,0.011023399104301555,0.019222614036130087,0.013727320709494308,132.0426788330078,-0.0037388600901070526,2,2,0.7815248452755267,0.3813388635516246,0.0005104181819813463,0.21795824530328395,0.7815248452755267,6.491239196683758e-06
2023-06-14,-0.0037388600901070526,0.010911050400900759,0.020566849594545876,0.1634008247145345,131.54991149902344,0.011244639819273846,2,2,0.7395221284232115,0.41672619429738156,0.0005692750560441089,0.2599004113327465,0.7395221284232115,8.185188019336815e-06
2023-06-15,0.011244639819273846,0.00903839634095772,0.02355157735296633,0.029809178757642312,133.03749084472656,0.001187309886790556,1,1,0.8993749201248841,0.24044019351324963,0.0010535720414603523,0.8993749201248841,0.09943820621401134,0.00013330161966901822
2023-06-16,0.001187309886790556,0.00893087749553931,0.01026107271442748,0.39100827189359777,133.19554138183594,-0.005108624855671029,1,1,0.9996573216573421,0.002259150793178912,1.7976649169900354e-06,0.9996573216573421,0.0003312439855052003,9.636692263716685e-06
2023-06-20,-0.005108624855671029,0.00901273098246273,0.013751538136909654,-0.49401569017222513,132.51683044433594,-0.00147403407587509,1,1,0.9997058218863754,0.0019837256737133013,4.204698115752199e-06,0.9997058218863754,0.0002804791420052088,9.494273506173456e-06
2023-06-21,-0.00147403407587509,0.008760370498800454,0.01637156907775249,0.1635772639798274,132.32164001464844,-0.01944054557674685,1,1,0.9998997546409787,0.0007595223485658985,2.089735204993922e-06,0.9998997546409787,9.325079214757284e-05,4.904831676431425e-06
2023-06-22,-0.01944054557674685,0.009595733613217219,0.026149943454588487,0.014869010097344712,129.77407836914062,-0.005243784483377746,1,1,0.9499778072223892,0.1627789378940778,0.004959648019109178,0.9499778072223892,0.042105910209360324,0.0029566345491274337
2023-06-23,-0.005243784483377746,0.009411993455279056,0.011235127763917696,-0.015574441951651464,129.09535217285156,0.0024460647513918406,1,1,0.9990762375784052,0.005370885484503549,4.2020531069735914e-06,0.9990762375784052,0.0009125726120354055,6.987756425131921e-06
2023-06-26,0.0024460647513918406,0.009412063479382046,0.01666780677302105,-0.1627413326087767,129.41151428222656,7.145033332369411e-05,1,1,0.9994084047823685,0.003651941541247073,6.93946654105002e-06,0.9994084047823685,0.0005780114994383141,6.644251630291936e-06
2023-06-27,7.145033332369411e-05,0.009221686776161704,0.009339102588063877,-0.03325257979485136,129.42076110839844,-0.004391523393966483,1,1,0.9998233161773276,0.0012492984125101374,1.3298826317681455e-06,0.9998233161773276,0.00017092941108700399,4.424528938284385e-06
2023-06-28,-0.004391523393966483,0.009264295280722177,0.009019410008154023,-0.07582261653969884,128.85365295410156,0.03432724242508978,1,1,0.999751590750849,0.0016926549513183395,1.6511443711517316e-06,0.999751590750849,0.0002412705087754908,5.487596010574004e-06
2023-06-29,0.03432724242508978,0.011459783174476814,0.02586621797760555,0.713186881445759,133.3536376953125,0.01391627750723808,2,2,0.6039014275537299,0.7549062115158612,0.05678850675222914,0.10806590895754577,0.6039014275537299,0.23124415673649495
2023-06-30,0.01391627750723808,0.011471474083486956,0.016089083461294253,-0.08172990226982255,135.22239685058594,0.00801244578817915,2,2,0.9060885277501604,0.23797963068545627,0.0022914194001743674,0.09012325811602964,0.9060885277501604,0.0014967947336173412
2023-07-03,0.00801244578817915,0.010748725099013737,0.010094780174460798,-0.5720050638057209,136.31021118164062,-0.0066839350125971,2,2,0.6471787523680883,0.47031479935706194,0.0003319693980339963,0.352473485919618,0.6471787523680883,1.579231424793777e-05
2023-07-05,-0.0066839350125971,0.010583545302703234,0.00739762216499473,0.10782705337938059,135.40216064453125,-0.009935696730348692,1,1,0.7158871270707464,0.43137346666590093,0.00010974730064151444,0.7158871270707464,0.28397983314952585,2.3292479105016324e-05
2023-07-06,-0.009935696730348692,0.010932230949952035,0.013616345624075493,0.08313983106457826,134.06350708007812,0.007859439910191056,1,1,0.7980040233566178,0.36376639141614386,0.0001108764160749273,0.7980040233566178,0.2018669746721678,1.8125555148471504e-05
2023-07-07,0.007859439910191056,0.010871281690708562,0.019675740681345016,-0.07793788144478425,135.12132263183594,0.005596086205386933,1,1,0.8069572022902397,0.35567415025951093,0.00028411942745468563,0.8069572022902397,0.19272474874911588,3.3929533205542294e-05
2023-07-10,0.005596086205386933,0.010901702453846326,0.010265281128614304,0.013118496246661275,135.8795928955078,0.015517929793201586,1,1,0.9314730542924515,0.18054667011192743,4.1668442149354884e-05,0.9314730542924515,0.06847176603934549,1.3511226048336148e-05
2023-07-11,0.015517929793201586,0.011319975339096641,0.014312851964178383,0.21305114599602384,138.00460815429688,0.004939644394542254,1,1,0.8862450082850785,0.2570420499434642,0.00019489881787873863,0.8862450082850785,0.11348769213429166,7.240076276505083e-05
2023-07-12,0.004939644394542254,0.01131401536142753,0.01937222568630565,0.005517169869944699,138.68798828125,0.004848139401171447,1,1,0.7840848996692767,0.37829714573012846,0.0003211763645411979,0.7840848996692767,0.2155600915459265,3.383242025792668e-05
2023-07-13,0.004848139401171447,0.011278044505794107,0.010881945122066217,-0.00782871349826701,139.36199951171875,0.006027415747334075,1,1,0.8347694884188683,0.32398298704810835,8.486810969753928e-05,0.8347694884188683,0.16512943606008507,1.6207411341481577e-05
2023-07-14,0.006027415747334075,0.011195827221508177,0.029912503169787417,0.8778631602065201,140.20452880859375,0.02381784440707082,2,2,0.708314782718643,0.47780154068676733,0.00969668251706362,0.27908394890194554,0.708314782718643,0.00290458586231685
2023-07-17,0.02381784440707082,0.011996527025808978,0.022167126015428706,-0.4483574392326977,143.583984375,0.0018237499876952049,2,2,0.989892321659025,0.04607289547959639,0.006532802395213468,0.0033616302142542224,0.989892321659025,0.00021324573155355724
2023-07-18,0.0018237499876952049,0.011990033826790194,0.010282354123457762,-0.24645604426149975,143.84608459472656,0.0038321121173175206,2,2,0.9855076282870453,0.05575389775632539,0.0003195753030954972,0.014172177526988718,0.9855076282870453,6.18882926287542e-07
2023-07-19,0.0038321121173175206,0.011803813757263021,0.019384152305763777,-0.07554635707461904,144.39837646484375,0.012242664025167618,2,2,0.9882037436236288,0.047844735023133106,0.0005498774492339077,0.011246147781925014,0.9882037436236288,2.311452568430528e-07
2023-07-20,0.012242664025167618,0.011849478729594206,0.013960888639076222,-0.23037386375058175,146.17706298828125,-0.007714658205949629,2,2,0.9853237243041634,0.05657319274301281,0.0004181720643561276,0.014257874214715112,0.9853237243041634,2.294168079365258e-07
2023-07-21,-0.007714658205949629,0.01082329156264666,0.009357837862536574,0.0681276200687222,145.05369567871094,0.019492279316584118,2,2,0.8668778606638524,0.2843109938957756,0.00025462252509496363,0.13286661410032288,0.8668778606638524,9.027107115391666e-07
2023-07-24,0.019492279316584118,0.010935824210290471,0.025696187079707278,0.3016536241979024,147.9088592529297,-0.007496027710886057,2,2,0.972439863584095,0.09895220887149739,0.0035119609441277315,0.023973176881548645,0.972439863584095,7.499859018382872e-05
2023-07-25,-0.007496027710886057,0.01136192830276402,0.011223022730749037,-0.36889595905644623,146.8042755126953,0.005975997490467232,2,2,0.9510673086934677,0.1422390123722066,0.000297179994415444,0.04863453337213649,0.9510673086934677,9.779399562222497e-07
2023-07-26,0.005975997490467232,0.011267748799218604,0.012487330687741386,-0.1304347554991151,147.6842041015625,-0.011090413221648217,2,2,0.8819674106365715,0.2632059934165597,0.0002649797002129577,0.11776653667880897,0.8819674106365715,1.072984450529932e-06
2023-07-27,-0.011090413221648217,0.011702854914406896,0.020702446090813165,0.21093914102019962,146.0553741455078,0.005688205981600024,2,2,0.9750333916975596,0.08687722829226491,0.0008236597636879088,0.02413960487385579,0.9750333916975596,3.3436649383109872e-06
2023-07-28,0.005688205981600024,0.009662835537211239,0.007392796093532261,-0.1688522226823875,146.88853454589844,0.0066694550469990534,1,1,0.8179527691271478,0.3430042526102019,0.00011908442545699433,0.8179527691271478,0.18192577705898932,2.3693884295533234e-06
2023-07-31,0.0066694550469990534,0.009437565258574651,0.014117567052067959,-0.02346119332646902,147.87147521972656,-0.0049503681712742215,1,1,0.9971171658058248,0.014296161618420768,5.993873476419422e-06,0.9971171658058248,0.002872060743991813,4.779576758537523e-06
2023-08-01,-0.0049503681712742215,0.009624823189730064,0.01176998466548904,-0.2604128821250888,147.14126586914062,-0.011389244687589313,1,1,0.9992132808910189,0.0046643784194641946,3.9496288941515844e-06,0.9992132808910189,0.0007774692209230921,5.300259189951351e-06
2023-08-02,-0.011389244687589313,0.009947273764912116,0.011261261703560404,0.19136538970738304,145.47494506835938,0.006094766658589202,1,1,0.9978182847029324,0.011336945090558227,1.0698227984829688e-05,0.9978182847029324,0.0021537495121277395,1.7267556985324703e-05
2023-08-03,0.006094766658589202,0.009432782416330386,0.016437428622344645,-0.31052084863589224,146.36428833007812,-0.0021128148283244847,1,1,0.9992577965697855,0.004470662520864163,1.0225679635171727e-05,0.9992577965697855,0.0007218232426512479,1.0154507911813934e-05
2023-08-04,-0.0021128148283244847,0.009502998563854888,0.013459851596006505,0.020401898522998844,146.0553741455078,0.004731740567248882,1,1,0.9995509618244017,0.0028501831997128947,2.9920470557530424e-06,0.9995509618244017,0.00044203032719126615,4.015801363517209e-06
2023-08-07,0.004731740567248882,0.009496797792691436,0.007017038040777646,0.15518544099325565,146.74810791015625,-0.005629563381251517,1,1,0.999674924286396,0.0021697017391513096,2.5551440852805462e-06,0.999674924286396,0.00030869676034804783,1.3823809128118157e-05
2023-08-08,-0.005629563381251517,0.009304344848351626,0.021747493478698386,0.1732297245491483,145.92430114746094,-0.013498522999877473,1,1,0.9987052151083744,0.007352274618992324,3.4371639086795434e-05,0.9987052151083744,0.0012334673581266586,2.6945894450529055e-05
2023-08-09,-0.013498522999877473,0.009969807692664692,0.013329885826470484,-0.3174598378295296,143.9677734375,-0.0014968157282271896,1,1,0.995853212367155,0.01959346853608588,2.223972931138817e-05,0.995853212367155,0.0041022176830419425,2.2330220492650798e-05
2023-08-10,-0.0014968157282271896,0.009970941527752823,0.015303504433952177,-0.04607713172542188,143.75244140625,0.00577938557377473,1,1,0.9981822415565255,0.009652050574391812,8.90128880451699e-06,0.9981822415565255,0.0018032616236020554,5.595531080964006e-06
2023-08-11,0.00577938557377473,0.009965233354042202,0.01223696618318352,-0.1460022866309008,144.5856475830078,0.0020696066970719816,1,1,0.9988357222776955,0.0065633621948422835,5.707099653400068e-06,0.9988357222776955,0.0011533059076053631,5.264715052061099e-06
2023-08-14,0.0020696066970719816,0.008482411337296185,0.012922400625376676,-0.026681289336718664,144.88519287109375,-0.025786937910532604,1,1,0.9999634586593766,0.00030653775447551,7.838354227620549e-07,0.9999634586593766,3.233723630847987e-05,3.4202689405526734e-06
2023-08-15,-0.025786937910532604,0.010299479843023904,0.020155197958076014,0.7139141280851441,141.19680786132812,-0.004252082397648125,1,1,0.9372216098569484,0.18354710518910639,0.0024344485549009803,0.9372216098569484,0.0580942358105259,0.002249705777584778
2023-08-16,-0.004252082397648125,0.010261337744731066,0.008522631448689871,-0.38938201716357784,140.5977020263672,-0.010440991308913109,1,1,0.9914859009563987,0.03553441408314696,1.3722351670781215e-05,0.9914859009563987,0.008486489547583007,1.3887144332574718e-05
2023-08-17,-0.010440991308913109,0.009930031952635199,0.019242417522670023,0.3551734303118765,139.13735961914062,0.0022847145055817156,1,1,0.9955645245000008,0.02080312287949576,4.04656600690773e-05,0.9955645245000008,0.0043705548817213795,2.445495823611936e-05
2023-08-18,0.0022847145055817156,0.00990365073714802,0.013828271072790067,-0.15584156362033652,139.4556121826172,0.0034175867318708853,1,1,0.998698510992334,0.0072279674254916585,6.346228505129571e-06,0.998698510992334,0.001290296140061828,4.846639060801111e-06
2023-08-21,0.0034175867318708853,0.008642333500812394,0.013914917651228455,-0.022619623299302286,139.9330291748047,-0.020956390698680473,1,1,0.9999428799224083,0.0004576498043022226,1.1427318142695332e-06,0.9999428799224083,5.2274408802477155e-05,3.702936990710569e-06
2023-08-22,-0.020956390698680473,0.009510148403630458,0.02589146850464289,0.14986626562893304,137.0310516357422,0.006740465960079942,1,1,0.9609875146344072,0.13460442907800893,0.003922374155753493,0.9609875146344072,0.0325639934693851,0.002526117740510026
2023-08-23,0.006740465960079942,0.009551451457357467,0.014453346641761683,-0.20783739174634724,137.95782470703125,-0.0009505463258269698,1,1,0.9987873605417812,0.006820363616268678,8.754707576742752e-06,0.9987873605417812,0.001195818645679112,8.06610493657442e-06
2023-08-24,-0.0009505463258269698,0.009389862415905089,0.01643685552653084,-0.18451280795738959,137.82675170898438,-0.0012233176271496044,1,1,0.9993956035986094,0.0037188015711841177,6.5777216202136495e-06,0.9993956035986094,0.0005913944145283762,6.424265228954711e-06
2023-08-25,-0.0012233176271496044,0.009182060263306454,0.018837055125370587,0.024416345774605296,137.6582489013672,0.0034622424634465922,1,1,0.9995236015806507,0.003035467721647094,8.630478473312354e-06,0.9995236015806507,0.0004587589083729866,9.009032489557026e-06
2023-08-28,0.0034622424634465922,0.009026483826596826,0.010029789590850186,-0.2733526516505441,138.13568115234375,0.008099238639620266,1,1,0.999883133451053,0.0008647745195691573,1.2365038526771098e-06,0.999883133451053,0.00011175980187662315,3.8702432404771065e-06
2023-08-29,0.008099238639620266,0.009373885267893187,0.011226226737038722,0.2183224630384402,139.25901794433594,-0.004041474641406093,1,1,0.9997781158155318,0.001539515134507184,2.2425899301173823e-06,0.9997781158155318,0.00021204036362990663,7.601230862865047e-06
2023-08-30,-0.004041474641406093,0.009159116488346617,0.01322888368407469,-0.009465518616117713,138.6973419189453,-0.012428408569152262,1,1,0.9997796932211579,0.0015195974511869373,2.0170802395561213e-06,0.9997796932211579,0.0002143398607524019,3.949837813379281e-06
2023-08-31,-0.012428408569152262,0.009192929514392217,0.016332941705336758,0.5549281029219287,136.98422241210938,0.00334303757054824,1,1,0.9994846154014914,0.0032961576316608,9.98759192198333e-06,0.9994846154014914,0.0004791636629386027,2.623334368374778e-05
2023-09-01,0.00334303757054824,0.009310572344065491,0.016210358017193106,-0.32456235531187777,137.44293212890625,-0.011095178643877351,1,1,0.9994823208866971,0.0032581725582247357,7.52928405986081e-06,0.9994823208866971,0.0005016889904196937,8.460838848119327e-06
2023-09-05,-0.011095178643877351,0.009287926863288241,0.02203865202677602,-0.006193620591316228,135.92640686035156,-0.0016542502455970938,1,1,0.9973205827372489,0.013887385835356432,8.912780880692209e-05,0.9973205827372489,0.0025215475149945425,6.874193889571092e-05
2023-09-06,-0.0016542502455970938,0.009289929456766047,0.009864739304295671,0.09403972217031487,135.7017364501953,-0.008590828631372583,1,1,0.9997690331637058,0.001586529768831209,1.6105035443418869e-06,0.9997690331637058,0.00022413400874017928,5.222323979290741e-06
2023-09-07,-0.008590828631372583,0.00907798045404335,0.013081024678850906,-0.030055959132251862,134.5409393310547,0.0007650231098768654,1,1,0.9997411064176568,0.001759386746322455,2.547214280286082e-06,0.9997411064176568,0.0002505657430302403,5.78062502891677e-06
2023-09-08,0.0007650231098768654,0.00911676087130219,0.010220407439261628,-0.16388900024365585,134.64390563964844,0.004370749309135212,1,1,0.9998560517093612,0.001039673540216429,1.247861644308098e-06,0.9998560517093612,0.00013909711982979932,3.603309193095444e-06
2023-09-11,0.004370749309135212,0.009048330404268785,0.009414374547588967,-0.03634523847086387,135.2336883544922,0.012929727791596027,1,1,0.9998962942504186,0.0007786051010380232,1.0844441767476702e-06,0.9998962942504186,9.818983116584017e-05,4.431474290427391e-06
2023-09-12,0.012929727791596027,0.00969316100178525,0.02234525320685868,0.19897952590898033,136.9935760498047,0.0004784993052727039,1,1,0.9964183931739732,0.017791516896691912,0.00010518519950392945,0.9964183931739732,0.003379370289036992,9.705133744933452e-05
2023-09-13,0.0004784993052727039,0.00805594136478615,0.012840581770369664,-0.004469990845165135,137.05914306640625,0.019211950035408085,1,1,0.9999833592929566,0.0001521294893810005,5.231355421206339e-07,0.9999833592929566,1.2300838888092058e-05,3.816732637415964e-06
2023-09-14,0.019211950035408085,0.009251866295461948,0.015946329139185512,0.18669787894522136,139.7177734375,-0.002952628654895456,1,1,0.9994877222983204,0.0033290430916763075,1.4359276051782901e-05,0.9994877222983204,0.00045073400331080356,4.7184422362221004e-05
2023-09-15,-0.002952628654895456,0.008967616634847582,0.009542357316323387,0.6828098252763992,139.30584716796875,0.002081068738656164,1,1,0.9998428759637572,0.001186232916216978,2.727522340745602e-06,0.9998428759637572,0.00010412204121627809,5.027447266845702e-05
2023-09-18,0.002081068738656164,0.008965073495069444,0.00932134814352758,-1.1151707904777535,139.59605407714844,-0.001275110539049527,1,1,0.9996804269255553,0.00223613919829676,8.837268855743258e-06,0.9996804269255553,0.00023898557862555723,7.175022699492459e-05
2023-09-19,-0.001275110539049527,0.008933660771644853,0.01685351930621634,0.19863334331430682,139.4181671142578,-0.004239067923847089,1,1,0.9998457454050814,0.001114868753618663,2.8120616272237755e-06,0.9998457454050814,0.00014602352194229508,5.419011360937824e-06
2023-09-20,-0.004239067923847089,0.007565099115248132,0.014227920208573134,-0.08009306521207053,138.8284149169922,-0.007852798626368354,1,1,0.999987585103085,0.00011774509386589716,6.05386388568932e-07,0.999987585103085,5.4400927559929825e-06,6.369417802712401e-06
2023-09-21,-0.007852798626368354,0.007650197541931905,0.015087679964060853,0.09372185366507761,137.74249267578125,-0.00962880722727082,1,1,0.9999823317093555,0.00016313878120084716,8.797387752633603e-07,0.9999823317093555,8.456049836966473e-06,8.332501990655157e-06
2023-09-22,-0.00962880722727082,0.007942802427892377,0.01591979780035958,-0.1298692800214618,136.4225616455078,0.0049282267097858065,1,1,0.9999559519495137,0.00037466607077349525,2.1063855337445286e-06,0.9999559519495137,2.997289351949459e-05,1.196877145101316e-05
2023-09-25,0.0049282267097858065,0.008032409098048475,0.019255769088307912,-0.0038253425696062483,137.09654235839844,-0.010433033457002723,1,1,0.9999488009502989,0.00043405944250197266,4.073301228590747e-06,0.9999488009502989,3.067718902199237e-05,1.6448559446805134e-05
2023-09-26,-0.010433033457002723,0.008295204592761776,0.011108815922962536,0.05840522505757546,135.67364501953125,0.005847902008833833,1,1,0.9999526587626156,0.00039327058389496366,9.806535837732634e-07,0.9999526587626156,3.815187367714735e-05,8.20871008762547e-06
2023-09-27,0.005847902008833833,0.008181159396563276,0.010838262068081958,-0.10592006612720926,136.46937561035156,0.012339504413779187,1,1,0.9999831355589617,0.0001542308019327515,5.011662262413668e-07,0.9999831355589617,1.2140387533905068e-05,4.222887240888223e-06
2023-09-28,0.012339504413779187,0.00866741207995903,0.0193780112562908,0.2776998482084259,138.1637725830078,-0.017566557179423476,1,1,0.9998435862234617,0.0011764925044054381,8.048267139182438e-06,0.9998435862234617,0.00012013969762345148,2.82258118019705e-05
2023-09-29,-0.017566557179423476,0.00911382614794275,0.026892799486870362,0.2955725126545678,135.75790405273438,-0.00865709515151524,1,1,0.9861566068124301,0.06020352522599587,0.001966133977964984,0.9861566068124301,0.01021606048057955,0.001661198728988181
2023-10-02,-0.00865709515151524,0.009245063391448892,0.020797037946167267,-0.26203036596449925,134.58770751953125,-0.007399930363108275,1,1,0.9972432004261145,0.014215454077616888,8.192886362051799e-05,0.9972432004261145,0.0026011817186378573,7.368899162621176e-05
2023-10-03,-0.007399930363108275,0.009068985053252451,0.008688880779475919,0.02801002395464944,133.59544372558594,0.004474566445745353,1,1,0.9997898495954577,0.0014672271500477201,1.6494958945465205e-06,0.9997898495954577,0.00020024338735955344,8.257521339510495e-06
2023-10-04,0.004474566445745353,0.009144143030220559,0.010742996019196588,-0.14861172965989874,134.19456481933594,0.004207711847717212,1,1,0.9998555673526605,0.001043700906961923,1.4081365622034916e-06,0.9998555673526605,0.00013927355092901758,3.7509598461661544e-06
2023-10-05,0.004207711847717212,0.008999117742876653,0.01588526500641638,0.05358991577696117,134.76040649414062,0.015277992080973418,1,1,0.9998465516941543,0.0011075842377926087,2.5694435320194867e-06,0.9998465516941543,0.00014605919185724516,4.819670484016132e-06
2023-10-06,0.015277992080973418,0.009620792399330077,0.02577536413400224,0.18029451987196118,136.8350830078125,-0.0022768826304038745,1,1,0.987287885166512,0.05396680509068514,0.0009299702481178011,0.987287885166512,0.010806408332844296,0.0009757362524889701
2023-10-09,-0.0022768826304038745,0.009606016923151307,0.013124223529817245,-0.3884021951970976,136.5238800048828,0.006060019181778805,1,1,0.998969430846863,0.005912405766303786,6.068783172774491e-06,0.998969430846863,0.0010176370004865208,6.863369495466121e-06
2023-10-10,0.006060019181778805,0.00925357666241169,0.010230041576404265,0.48292783413450946,137.35372924804688,0.0034270608279603726,1,1,0.9998262939990393,0.0012610875596666617,2.287393786605954e-06,0.9998262939990393,0.00015303764956925325,1.83809576546863e-05
2023-10-11,0.0034270608279603726,0.009282841755493567,0.015121392729194539,-0.26069497605864417,137.82525634765625,-0.0023290830605947324,1,1,0.9996365616094183,0.0023768467788845976,4.473125067593301e-06,0.9996365616094183,0.00035329999403774985,5.665271420174343e-06
2023-10-12,-0.0023290830605947324,0.008151150501185409,0.012550592289251643,0.18677233040714245,137.50462341308594,0.014907904016347518,1,1,0.9999811713746797,0.00017047070282830555,5.375370836656324e-07,0.9999811713746797,1.3800141223174319e-05,4.490947047843416e-06
2023-10-13,0.014907904016347518,0.008851046028311743,0.03560813697608742,1.0320241821403762,139.56988525390625,-0.0010140867692756234,3,3,0.6711274314929694,0.5855348390462025,0.04893176667360966,0.270872236053275,0.009068565780115289,0.6711274314929694
2023-10-16,-0.0010140867692756234,0.008841540474246562,0.01893813281142119,-0.8431887804472216,139.4284210205078,-0.0021667039875742163,1,1,0.8939618940142668,0.2647419314633583,0.003714524898099869,0.8939618940142668,0.002778721880982749,0.09954485920669152
2023-10-17,-0.0021667039875742163,0.008850232654547487,0.017081300707057104,-0.09788228492723314,139.12664794921875,-0.011041447262227843,1,1,0.9996791021056615,0.002269406611465005,9.234611457999447e-06,0.9996791021056615,0.0002023536682400876,0.0001093096146336372
2023-10-18,-0.011041447262227843,0.009143338499045113,0.014460972910656556,-0.17696610565327647,137.59893798828125,-0.004258593969842085,1,1,0.99950278955189,0.0031438584507235273,5.503597719717428e-06,0.99950278955189,0.00048168442503939617,1.0022425319027432e-05
2023-10-19,-0.004258593969842085,0.009024623155006973,0.014729158844642121,0.14698989285626438,137.0142059326172,-0.016236475130802605,1,1,0.999827023940825,0.0012290725788095585,2.155308456917444e-06,0.999827023940825,0.0001662883322574093,4.532418411902645e-06
2023-10-20,-0.016236475130802605,0.009494197191378523,0.021126298264660955,0.1793693228388686,134.8075408935547,-0.013735032845481318,1,1,0.9955227833168515,0.02139255960674124,0.00011716490045682817,0.9955227833168515,0.004272048769401324,8.800301324800852e-05
2023-10-23,-0.013735032845481318,0.00983382346077956,0.02092196417193041,-0.27439776624789664,132.96861267089844,0.0012051171911801521,1,1,0.9867836153929122,0.052233542372438074,0.0002611773021615896,0.9867836153929122,0.012804527158917679,0.00015068014601974218
2023-10-24,0.0012051171911801521,0.009621220635987582,0.009704576999058662,-0.1318776964347197,133.1289520263672,-0.0054694198582213695,1,1,0.9993583165928751,0.0038973052143720694,2.5839767499734293e-06,0.9993583165928751,0.0006345106338025553,4.58879661662611e-06
2023-10-25,-0.0054694198582213695,0.009532973272515382,0.011894574369971746,-0.07464337410348836,132.40280151367188,0.002560809071881966,1,1,0.9994498401107588,0.0034091434572516466,3.111451545282106e-06,0.9994498401107588,0.0005421984894038185,4.849948303911943e-06
2023-10-26,0.002560809071881966,0.009022210269382082,0.015913651467606996,0.09999101928085491,132.74229431152344,-0.03668373553757515,1,1,0.9998395193916306,0.0011513436693838446,2.474918113473129e-06,0.9998395193916306,0.00015344025568622582,4.565434556690707e-06
2023-10-27,-0.03668373553757515,0.011445335000938254,0.02881570927672284,0.6491556257991404,127.96104431152344,0.012669261660263694,2,2,0.49641012285534486,0.7237037147338014,0.3886777878022234,0.01257377062454849,0.49641012285534486,0.10233831871790282
2023-10-30,0.012669261660263694,0.011871864233546338,0.014553922475978955,-0.5704327982267339,129.592529296875,0.011863447272774835,2,2,0.9702474789795431,0.11315917304803073,0.017978470543605816,0.010936863031971871,0.9702474789795431,0.0008371874448559915
2023-10-31,0.011863447272774835,0.012178856777267176,0.012728349658679777,-0.018742867392316124,131.13909912109375,-0.0008632667965158434,2,2,0.9908172789111999,0.03926320813054292,0.0005911938471167934,0.008588679858037303,0.9908172789111999,2.847383646439245e-06
2023-11-01,-0.0008632667965158434,0.012112541640664937,0.014826525999684589,-0.025178644357461206,131.02593994140625,0.01769205032003322,2,2,0.9893560389127233,0.0435599304136611,0.0003225820514220753,0.010321277762473604,0.9893560389127233,1.0127339958863624e-07
2023-11-02,0.01769205032003322,0.012785669288121302,0.015910055360855477,0.07692569982743595,133.36468505859375,0.011110576868068755,2,2,0.9981453572278788,0.010635084533314364,0.0006864004804366564,0.0011679888887761254,0.9981453572278788,2.534028545771889e-07
2023-11-03,0.011110576868068755,0.01254636501985861,0.013426560621995192,-0.06567665523150042,134.85470581054688,0.007523811418595166,2,2,0.996402153722618,0.01812941302921224,0.0004189206915436176,0.003178896345126376,0.996402153722618,2.9240711663556132e-08
2023-11-06,0.007523811418595166,0.01267347627341709,0.009716887406172162,-0.2239117706694293,135.87315368652344,-0.00048582293827468756,2,2,0.9964930767562971,0.017698071192538144,0.0003826284504651455,0.003124241556495,0.9964930767562971,5.323674639158693e-08
2023-11-07,-0.00048582293827468756,0.012586470056127189,0.009999216981768814,-0.1912291926653267,135.80715942382812,0.004918080549843116,2,2,0.9957855497062638,0.02048662121043947,0.00032484578627130293,0.0038895592032375105,0.9957855497062638,4.530423251239518e-08
2023-11-08,0.004918080549843116,0.012615748991845482,0.008430080226730927,0.1903238768254143,136.47671508789062,-0.002975754783825585,2,2,0.9963602167736159,0.01829973865613677,0.0004160280581054286,0.003223605757610072,0.9963602167736159,1.4941063857573962e-07
2023-11-09,-0.002975754783825585,0.012621533525607565,0.013514429544502547,0.047963480630195725,136.07119750976562,0.014722277163282933,2,2,0.9962639683165586,0.01862757803525009,0.00037170981641094624,0.0033642817964698334,0.9962639683165586,4.0070609383824404e-08
2023-11-10,0.014722277163282933,0.012609650979065749,0.016390043136847887,-0.0011517421371062511,138.08929443359375,-0.004448531880415095,2,2,0.9976428498161789,0.012939543029621121,0.000585599506697446,0.0017714851684627903,0.9976428498161789,6.550863929264697e-08
2023-11-13,-0.004448531880415095,0.012639893294599896,0.007476995109190673,-0.1787879179367286,137.4763641357422,0.0180820742020327,2,2,0.9970804111041878,0.015184327282516345,0.00036203761337581943,0.002557495420597629,0.9970804111041878,5.586182633674484e-08
2023-11-14,0.0180820742020327,0.01330984353967291,0.018391240114784248,0.3967648880012429,139.98483276367188,0.008719623201642525,2,2,0.9985863460055512,0.008199030312868207,0.0011523669463828446,0.0002611485498861385,0.9985863460055512,1.384982042325185e-07
2023-11-15,0.008719623201642525,0.013155603409496074,0.011352991090412348,-0.17123663236569595,141.21078491210938,0.011355056069852853,2,2,0.9984309251714264,0.009168368606243284,0.0005398496203654689,0.0010292012508158832,0.9984309251714264,2.3957356288192152e-08
2023-11-16,0.011355056069852853,0.013271427068498296,0.009508104789849344,-0.02899878789551331,142.82337951660156,0.009005306693775325,2,2,0.9986796789925222,0.007925601881515889,0.0006297332490410363,0.0006905484017199669,0.9986796789925222,3.935674489665629e-08
2023-11-17,0.009005306693775325,0.012622631007214107,0.00863766039101319,-0.03938119463745916,144.1153564453125,0.0030706420299279487,2,2,0.9966158180979563,0.017211243243793875,0.00040000829353716786,0.002984137088443116,0.9966158180979563,3.6520066795898845e-08
2023-11-20,0.0030706420299279487,0.011968680600208042,0.011938168903424673,-0.10709145723231478,144.55856323242188,-0.0020894135531462506,2,2,0.9848761641791733,0.05753074730533046,0.0002698090253279151,0.014853980523875427,0.9848761641791733,4.627164149253655e-08
2023-11-21,-0.0020894135531462506,0.01203425058778772,0.006929447278126117,0.009147378088984224,144.2568359375,0.0023503099363352277,2,2,0.9876488461980285,0.049011313172825546,0.00029483653220503713,0.012055774490594752,0.9876488461980285,5.42779202018321e-07
2023-11-22,0.0023503099363352277,0.011835313019150381,0.0063915148674421945,-0.31402541971117787,144.59628295898438,0.0013686957868885325,2,2,0.979287920377432,0.07376681616548372,0.0002747158552369715,0.020436985558578865,0.979287920377432,3.782087420924217e-07
2023-11-24,0.0013686957868885325,0.011848083824631383,0.007555058700228186,-0.39186585439310007,144.79432678222656,-0.002282131076313645,2,2,0.9757206480331931,0.08348604290076618,0.0002680555266921382,0.024010805191141807,0.9757206480331931,4.912489418956196e-07
2023-11-27,-0.002282131076313645,0.007139721344354777,0.005352777938255643,0.582159543075073,144.46426391601562,0.002282131076313671,1,1,0.9994390565173552,0.00365666779225486,2.6026401858348004e-05,0.9994390565173552,0.0004668112099614108,6.810587085427576e-05
2023-11-28,0.002282131076313671,0.007010678071743303,0.007489865486324978,0.05040859071155173,144.79432678222656,0.005067313935028685,1,1,0.9999872405902601,0.00011501461948697744,1.5083042932155735e-07,0.9999872405902601,4.915217953439976e-07,1.2117057512085041e-05
2023-11-29,0.005067313935028685,0.006851244960088807,0.010562498739310838,0.3266934446288258,145.5299072265625,0.011340184334797878,1,1,0.999982835058044,0.00014997454622871892,1.824681042735394e-07,0.999982835058044,2.7063740474902324e-07,1.6711836396651153e-05
2023-11-30,0.011340184334797878,0.006825624722180063,0.011212198740837077,0.07834114966712447,147.18963623046875,0.004857551490047914,1,1,0.9999805935325837,0.00016810539401916562,2.838896749131693e-07,0.9999805935325837,3.130447341980883e-07,1.8809533006596717e-05
2023-12-01,0.004857551490047914,0.006227460639740404,0.013006843495060545,-0.10163217429194306,147.90635681152344,0.007305714834814055,1,1,0.9999788827329085,0.00018067945972954235,2.62062014791065e-07,0.9999788827329085,9.57375999482657e-08,2.0759467431281753e-05
2023-12-04,0.007305714834814055,0.0060932491862411495,0.013735034454690265,0.07469662793323953,148.99087524414062,-0.00012669445528990802,1,1,0.9999687543311059,0.00025782897044462476,2.8653135598045785e-07,0.9999687543311059,5.782843925905344e-08,3.09013091481737e-05
2023-12-05,-0.00012669445528990802,0.0061651547000686965,0.009685375498347198,-0.05036517433883177,148.9720001220703,-0.010563918856104203,1,1,0.9999817621947937,0.00015754709915865838,1.2249671703849502e-07,0.9999817621947937,6.358709697595434e-08,1.8051721396121368e-05
2023-12-06,-0.010563918856104203,0.006963101452186149,0.02060009769686093,0.02490724164331986,147.40655517578125,0.0030659639854037682,1,1,0.9998859875534936,0.0008692419102100385,8.02769520427159e-06,0.9998859875534936,7.402024674638216e-06,9.858272660489012e-05
2023-12-07,0.0030659639854037682,0.0069639357805222945,0.007398454695973067,-0.14141449222153507,147.85919189453125,0.01097351203481338,1,1,0.9999888267991602,0.00010191183372821345,1.4928705564677918e-07,0.9999888267991602,4.618812775951319e-07,1.0562032452481896e-05
2023-12-08,0.01097351203481338,0.006926390501548722,0.011355053010621953,-0.09833532677882256,149.49066162109375,0.0036521903228879603,1,1,0.9999841610410114,0.00014045841498821975,3.3603701787007475e-07,0.9999841610410114,4.921175852751684e-07,1.5010804429714816e-05
2023-12-11,0.0036521903228879603,0.0065135848746623905,0.007228215657799562,0.09377439978562106,150.03762817382812,0.008885576019897617,1,1,0.9999774702525241,0.0001912200924633349,1.216376055654902e-07,0.9999774702525241,1.1441190034804747e-07,2.2293698006555907e-05
2023-12-12,0.008885576019897617,0.006264894698861199,0.011026594608529654,0.2335293922282636,151.37673950195312,0.0033583558297671156,1,1,0.9999673146966942,0.0002682098435954949,1.8211516045504517e-07,0.9999673146966942,5.615362167819708e-08,3.244703452116396e-05
2023-12-13,0.0033583558297671156,0.0054339350598877605,0.014032003856288089,0.19136948293911415,151.88597106933594,0.018028688005893582,1,1,0.9999301616659295,0.0005337055045119888,2.466244286310643e-07,0.9999301616659295,9.32677707863707e-09,6.958238284665131e-05
2023-12-14,0.018028688005893582,0.006197350731135963,0.019086465755096954,0.09721700286674594,154.64910888671875,0.007533012300141155,1,1,0.9993685162009525,0.0038411773619375757,6.962719115235477e-06,0.9993685162009525,3.5284529508005316e-07,0.0006241682346074723
2023-12-15,0.007533012300141155,0.006033061729028217,0.017490767199522226,0.3978523396371939,155.8184814453125,0.006033728135605171,1,1,0.9999068014628463,0.0006946489586169875,7.337579135577911e-07,0.9999068014628463,6.72722213914392e-08,9.23975070625891e-05
2023-12-18,0.006033728135605171,0.005948485212288487,0.009023642173814345,-0.8745956271708979,156.76148986816406,0.013266524248863756,1,1,0.9997982547079899,0.0013876577563367784,7.105245041877943e-07,0.9997982547079899,7.965102213782232e-08,0.00020095511646106446
2023-12-19,0.013266524248863756,0.00627409069709471,0.01733451007329201,0.2000876924001717,158.8550262451172,-0.011343134523482139,1,1,0.999883702911944,0.000850270063890782,1.3858211727713364e-06,0.999883702911944,1.7965886967512344e-07,0.00011473160804808917
2023-12-20,-0.011343134523482139,0.007090426794331851,0.01777248069426527,0.03691051052192115,157.06329345703125,0.005687698812910002,1,1,0.9999575448106786,0.0003570257027510667,2.4682511427768518e-06,0.9999575448106786,5.315839982542344e-06,3.467109817128376e-05
2023-12-21,0.005687698812910002,0.0070825666555917564,0.01438808156483209,-0.34510957847989726,157.95916748046875,-0.0005971636643556502,1,1,0.9999813429278582,0.0001663246843789732,8.222617559316872e-07,0.9999813429278582,1.6005033525139877e-06,1.6234307015324843e-05
2023-12-22,-0.0005971636643556502,0.0071405392880368405,0.0059737158689406695,-0.1448996293379742,157.8648681640625,0.005896556880483056,1,1,0.9999865507000484,0.0001215227495286592,1.678157703720936e-07,0.9999865507000484,8.878681584564212e-07,1.239361602767068e-05
2023-12-26,0.005896556880483056,0.006974732759943033,0.009442434838428009,-0.33940523215882196,158.79847717285156,0.005979960582493265,1,1,0.9999887058595515,0.00010344534064238885,2.387470753530285e-07,0.9999887058595515,5.891459637812944e-07,1.0466247450042163e-05
2023-12-27,0.005979960582493265,0.006955407909878038,0.011157021592358284,0.3166897401571419,159.7509307861328,0.005298924523331325,1,1,0.9999846416231345,0.00013591436096111075,2.069723653316027e-07,0.9999846416231345,3.6813987955233075e-07,1.4783264647946224e-05
2023-12-28,0.005298924523331325,0.00695586750981483,0.009747525733190177,-0.017021754331177155,160.5996856689453,-0.001175030064710929,1,1,0.9999902593153016,8.999204458848468e-05,1.7280762162320208e-07,0.9999902593153016,4.2768137094399823e-07,9.140195654789112e-06
2023-12-29,-0.001175030064710929,0.006911331655324395,0.006231613877477939,0.01803235012448807,160.4110870361328,0.011572885459566905,1,1,0.9999822643814504,0.0001549110364085306,1.5030237273305436e-07,0.9999822643814504,4.5823679066414626e-07,1.7127079371393102e-05
2024-01-02,0.011572885459566905,0.007100336221958507,0.018944644770730223,0.4385551543969014,162.27828979492188,-0.004368030427373628,1,1,0.9999330693874342,0.0005244299392243765,2.0386326899728416e-06,0.9999330693874342,1.6352503444798411e-06,6.325672957886449e-05
2024-01-03,-0.004368030427373628,0.007344986367296844,0.009747260556222175,-0.012617604875192714,161.5709991455078,0.006614385836051567,1,1,0.9999907905385065,8.781363347976339e-05,2.3332292331223169e-07,0.9999907905385065,1.9143155068275594e-06,7.061823030868943e-06
2024-01-04,0.006614385836051567,0.00729760840289344,0.01639351704887673,0.1949074227700334,162.6432342529297,0.0050045372785087324,1,1,0.9999849004887827,0.00013806809873933895,7.394351318161638e-07,0.9999849004887827,1.9663137421277904e-06,1.2393762347942533e-05
2024-01-05,0.0050045372785087324,0.006392778566069264,0.011087267746789671,-0.1734489448804591,163.459228515625,-0.00145226076420966,1,1,0.9999841511387036,0.00013906866532899687,1.9389983927790167e-07,0.9999841511387036,1.2466519086178168e-07,1.5530296213151476e-05
2024-01-08,-0.00145226076420966,0.006548914927825342,0.016684077699717647,0.10941645563703492,163.22201538085938,-0.007937433791680652,1,1,0.9999785946657951,0.00018496916731323897,6.200344441200496e-07,0.9999785946657951,4.2203028390718446e-07,2.036326943970032e-05
2024-01-09,-0.007937433791680652,0.00698312845146708,0.009902655258130675,-0.12366410530206397,161.93157958984375,0.0021073018149864744,1,1,0.9999866643807025,0.00012130590675072544,2.59531280800029e-07,0.9999866643807025,1.1346384316704504e-06,1.1941449563288388e-05
2024-01-10,0.0021073018149864744,0.006995676497274759,0.012454711902702783,-0.025866766914548794,162.27317810058594,-0.004219053730267129,1,1,0.999991734953987,7.819791426370864e-05,2.4424639260775283e-07,0.999991734953987,6.722239546307501e-07,7.348575667120329e-06
2024-01-11,-0.004219053730267129,0.007118709757411363,0.010099830827251247,0.20912672267411742,161.58998107910156,-0.007367040500331977,1,1,0.999988298431187,0.00010739448757204053,2.1406197790227575e-07,0.999988298431187,9.302402650820898e-07,1.055726660230539e-05
2024-01-12,-0.007367040500331977,0.007504785025676837,0.04383320631967492,0.4889770272219679,160.40391540527344,-0.0062900560163862695,3,3,0.9312430370451338,0.18090213973785962,0.0687161856692749,1.9277452386652843e-05,2.1499833201798143e-05,0.9312430370451338
2024-01-16,-0.0062900560163862695,0.00683555210579876,0.022560826014658576,-0.12187133403745394,159.39813232421875,-0.0053716971034564725,3,3,0.9905498673234989,0.040377895634230485,0.008848424428024027,0.0004976261335915903,0.0001040821148436124,0.9905498673234989
2024-01-17,-0.0053716971034564725,0.006846378011462358,0.015440791714648128,-0.4376608518052954,158.544189453125,0.0019728654084746056,3,3,0.9117386787062385,0.223444253775605,0.002181789403260756,0.08594008048870418,0.00013945140180939567,0.9117386787062385
2024-01-18,0.0019728654084746056,0.006744545261724971,0.013678134698233336,-0.16879562030839185,158.85728454589844,0.01711466135851422,1,1,0.9826050610190357,0.0634552024324175,3.039737201304136e-05,0.9826050610190357,2.4903324590027073e-06,0.01736205127647716
2024-01-19,0.01711466135851422,0.007164785499519182,0.02049207646757998,0.33498505037419873,161.59947204589844,-0.0011749407196977365,1,1,0.9990828410016247,0.005348995215174386,1.0139227297643436e-05,0.9990828410016247,4.424256907677845e-06,0.0009025955142147353
2024-01-22,-0.0011749407196977365,0.006591366266686814,0.013344241993575898,-0.021439410639056716,161.4097137451172,-0.006605720667718231,1,1,0.9999863562272497,0.0001220812057122659,2.6405171020763265e-07,0.9999863562272497,3.0453958374495036e-07,1.3075181459091865e-05
2024-01-23,-0.006605720667718231,0.006738587741507738,0.007751923285467564,-0.4288164589565197,160.3470001220703,0.008895653301393646,1,1,0.9999783736388956,0.0001861110023792078,2.2774823059532228e-07,0.9999783736388956,6.219041580751125e-07,2.0776708661133697e-05
2024-01-24,0.008895653301393646,0.006969068512989399,0.012609934876741202,0.17573555274609165,161.77975463867188,0.014209571904306079,1,1,0.9999856382520589,0.0001284166214660691,2.937937774560647e-07,0.9999856382520589,4.764191297360842e-07,1.359153503927954e-05
2024-01-25,0.014209571904306079,0.007490744082768837,0.012027303120684367,-0.11622036205176596,164.09498596191406,-0.003823788973902861,1,1,0.9999804965068482,0.00017453043966294564,7.560901582684109e-07,0.9999804965068482,2.7040690763919778e-06,1.6043333901944358e-05
2024-01-26,-0.003823788973902861,0.007512568576609078,0.007429758465094059,-0.17579531361470893,163.46871948242188,0.0026086336999635055,1,1,0.9999887370652132,0.00010616619738888388,2.3994012687479514e-07,0.9999887370652132,2.9709851547679444e-06,8.05200956079945e-06
2024-01-29,0.0026086336999635055,0.007458265435171403,0.00891561005166681,-0.06548661699673307,163.8957061767578,0.020287328461087724,1,1,0.9999920325699565,7.689373850401644e-05,2.0804903261739437e-07,0.9999920325699565,1.7381205234748614e-06,6.021260487460737e-06
2024-01-30,0.020287328461087724,0.00858533133564299,0.022295300280963583,0.4398029632329589,167.25466918945312,-0.010894714178074865,1,1,0.9990903989438251,0.005829745110186023,7.14442372313975e-05,0.9990903989438251,0.0003109469800057444,0.0005272098388852918
2024-01-31,-0.010894714178074865,0.008747446330279716,0.022711669534326018,0.06265055344798584,165.44236755371094,-0.0036199403800095003,1,1,0.999018881448317,0.005992570603887814,6.46883001167247e-05,0.999018881448317,0.0008272808751652027,8.914937643375726e-05
2024-02-01,-0.0036199403800095003,0.008725010174383041,0.01962818019898698,-0.20835131250620764,164.8445587158203,0.0057395413111805795,1,1,0.9996614555043781,0.002293328476275762,1.3468902426381811e-05,0.9996614555043781,0.00030369273576981925,2.138285740624082e-05
2024-02-02,0.0057395413111805795,0.008697546550185852,0.01465124981388259,-0.08324404661752578,165.7934112548828,-0.0013171509819962194,1,1,0.9999268479177879,0.0005733844154057077,1.6636263510678463e-06,0.9999268479177879,6.685201342173452e-05,4.636442404838345e-06
2024-02-05,-0.0013171509819962194,0.008657571945062439,0.012435519592809814,-0.09593540426050819,165.57518005371094,0.0034323605464862913,1,1,0.9999409017955501,0.00047042720196204956,9.359962960248467e-07,0.9999409017955501,5.480015384756663e-05,3.3620543210868443e-06
2024-02-06,0.0034323605464862913,0.008664246152981883,0.012050260061693957,-0.14497743242401717,166.14447021484375,0.001883068229016068,1,1,0.999947711592656,0.00042202221254769546,9.20310162410081e-07,0.999947711592656,4.79243098665912e-05,3.443787276241783e-06
2024-02-07,0.001883068229016068,0.008412419413976963,0.01088746783938043,0.06588373850252142,166.45762634277344,-0.0035976378684740126,1,1,0.9999745609191257,0.0002220748107754065,5.333624502748367e-07,0.9999745609191257,2.1065336240827217e-05,3.840382184089553e-06
2024-02-08,-0.0035976378684740126,0.008482827570867227,0.009954177368405386,-0.17585713194985966,165.85984802246094,0.0012004981619141988,1,1,0.9999589412993264,0.0003407939723054039,6.523094189419019e-07,0.9999589412993264,3.628128133092275e-05,4.125109977437346e-06
2024-02-09,0.0012004981619141988,0.008390260391031783,0.008171007253614056,0.03826638283115458,166.05908203125,0.00444692742828063,1,1,0.999974498742763,0.00022423871368466156,4.7495829876391035e-07,0.999974498742763,1.944915145336741e-05,5.577147482252796e-06
2024-02-12,0.00444692742828063,0.008155805276245414,0.017691567945448548,0.30465335059032506,166.79917907714844,-0.008741503144350127,1,1,0.999969454256603,0.00026865381324053236,1.6405503951541176e-06,0.999969454256603,1.9897449686143173e-05,9.007743372261522e-06
2024-02-13,-0.008741503144350127,0.008303324233761187,0.020716175393945328,-0.016733086488417214,165.3474578857422,0.010105910930932846,1,1,0.9997908835208681,0.0015330804731773443,1.4741873406389821e-05,0.9997908835208681,0.00015971108196759614,3.466352376452897e-05
2024-02-14,0.010105910930932846,0.008317828000945033,0.009543872897918242,-0.17396843060637876,167.02691650390625,0.021579830970721983,1,1,0.9999757318927586,0.00021576784807647128,7.070518928570294e-07,0.9999757318927586,1.7169564259545024e-05,6.391491144644712e-06
2024-02-15,0.021579830970721983,0.00933279321291817,0.022571929324497197,0.21203155005022578,170.67050170898438,-0.004680827177562619,1,1,0.9957295675914093,0.022008767585338845,0.00029740104137433433,0.9957295675914093,0.0032594478399210437,0.00071358352727518
2024-02-16,-0.004680827177562619,0.008933973779446623,0.01016584973378301,-0.06767217540117007,169.8734893798828,0.0039021645328340027,1,1,0.9998704245883396,0.0009499551024691166,1.1859034442936544e-06,0.9998704245883396,0.00012350990639521051,4.879601860282073e-06
2024-02-20,0.0039021645328340027,0.00889620810393645,0.01140601513653573,0.17048456805910875,170.53765869140625,0.006488894573359378,1,1,0.9999281868077109,0.0005620304190920588,9.977121244532182e-07,0.9999281868077109,6.62729032414552e-05,4.542576974126248e-06
2024-02-21,0.006488894573359378,0.008649827699658847,0.013653959668547867,-0.3194886065084211,171.64785766601562,0.011924234282457572,1,1,0.9999260708168338,0.000581488589641734,1.889808014881415e-06,0.9999260708168338,6.624889601859831e-05,5.7904791892162235e-06
2024-02-22,0.011924234282457572,0.008776586283981468,0.01190797284407398,0.28030512890516474,173.70687866210938,0.005012777679741258,1,1,0.9999350422929612,0.000525658515774254,1.5178673402491423e-06,0.9999350422929612,5.178968654988322e-05,1.165015309903314e-05
2024-02-23,0.005012777679741258,0.00842286284227642,0.010924476584738274,-0.26872663326461305,174.57981872558594,-0.003429973135102095,1,1,0.99996920027356,0.00026414394646313914,7.336993834917052e-07,0.99996920027356,2.5970473260205873e-05,4.0955537565710575e-06
2024-02-26,-0.003429973135102095,0.008406276439766748,0.010798489200137863,0.005557441046500774,173.98204040527344,0.0004907546079555839,1,1,0.9999677801942858,0.00027447893713636844,5.963028834712617e-07,0.9999677801942858,2.7589083821596385e-05,4.034419014738383e-06
2024-02-27,0.0004907546079555839,0.008426326595330663,0.007086333140335209,-0.22300710919956518,174.06744384765625,0.005056671192149489,1,1,0.99996946521045,0.0002631463778727784,5.080056631899392e-07,0.99996946521045,2.457853479289756e-05,5.44824912661597e-06
2024-02-28,0.005056671192149489,0.007409666029615501,0.012148769796370728,0.06999404348951241,174.9498748779297,0.00907041012769825,1,1,0.9999919223922648,7.793289407923824e-05,2.889805422848539e-07,0.9999919223922648,1.6279037301358517e-06,6.160723495009877e-06
2024-02-29,0.00907041012769825,0.006870992414593248,0.013866422692245646,0.4527765362184321,176.54396057128906,-0.004147314427087226,1,1,0.9999715539091629,0.00023804334396137876,3.661628019531548e-07,0.9999715539091629,3.3926706227520866e-07,2.7740660979040322e-05
2024-03-01,-0.004147314427087226,0.006899686025465386,0.007231887238623692,-0.4238113661647494,175.81329345703125,0.007473845389738593,1,1,0.9999837329934057,0.00014407216955975133,2.0217393018517094e-07,0.9999837329934057,7.417440495215704e-07,1.532308859177008e-05
2024-03-04,0.007473845389738593,0.00694376279609651,0.017784402162452303,0.1125339391933342,177.13221740722656,0.009967357269389819,1,1,0.9999715580113221,0.00024242054483671107,1.221905423589537e-06,0.9999715580113221,1.1817669010568992e-06,2.6038316327952084e-05
2024-03-05,0.009967357269389819,0.007006372442129444,0.015592693682424275,-0.0651918481245199,178.90658569335938,0.005184229477810511,1,1,0.9999772135431158,0.00019808790726709392,8.995971533977339e-07,0.9999772135431158,1.1338965652168874e-06,2.0752963216986895e-05
2024-03-06,0.005184229477810511,0.007011536822996174,0.012873964317635933,0.13481309680563955,179.83648681640625,-0.008797199740491734,1,1,0.9999900834167762,9.201927814375803e-05,2.588896913076389e-07,0.9999900834167762,5.816651978579414e-07,9.076028385289049e-06
2024-03-07,-0.008797199740491734,0.007563033635866636,0.0205993251597921,0.005977162457879426,178.26136779785156,0.001861132934044756,1,1,0.9999159973944278,0.0006846303356463878,8.558826343180365e-06,0.9999159973944278,2.6839987411957318e-05,4.860379186963178e-05
2024-03-08,0.001861132934044756,0.007392823403814429,0.013494891767339381,-0.21049790931292886,178.59344482421875,0.0003720162662274834,1,1,0.9999900536265731,9.528190894165093e-05,4.821839075286341e-07,0.9999900536265731,2.6880571826573882e-06,6.7761322946439e-06
2024-03-11,0.0003720162662274834,0.0074098582409003605,0.011790330340760725,-0.06866657663153128,178.65989685058594,0.00819824700845936,1,1,0.9999925499454443,7.277694416168802e-05,2.779596008552844e-07,0.9999925499454443,2.0466252953601165e-06,5.125469696806952e-06
2024-03-12,0.00819824700845936,0.007478070309122459,0.011852086195762935,-0.009449987507271952,180.130615234375,0.008079401933931824,1,1,0.9999904775282638,9.084438853097507e-05,3.565571125378182e-07,0.9999904775282638,1.99023745480824e-06,7.17567718822533e-06
2024-03-13,0.008079401933931824,0.006912559738559625,0.009875636646606222,0.3116078698903701,181.59185791015625,-0.017978692331250712,1,1,0.9999781224223694,0.00018710493191258497,2.071541010798018e-07,0.9999781224223694,3.010229034516099e-07,2.1369400579179848e-05
2024-03-14,-0.017978692331250712,0.00843782485017489,0.024099583709519957,0.2796549439739373,178.3562469482422,0.012319476965425,1,1,0.9982995649844194,0.010172315325523373,0.000223994650267442,0.9982995649844194,0.0010394749745968963,0.00043696539071821276
2024-03-15,0.012319476965425,0.0075926120308089625,0.023436713832601375,0.5125330365014813,180.5670928955078,0.012325235616950108,1,1,0.9996664873739819,0.002274500747825897,2.0353881278094083e-05,0.9996664873739819,1.9488957263557868e-05,0.00029366978744168665
2024-03-18,0.012325235616950108,0.007660525149523832,0.014585266818129907,-0.6469778882955919,182.806396484375,0.00584802999031567,1,1,0.9999163718246346,0.0006664275750575934,5.2445025116729235e-06,0.9999163718246346,1.3143701180889829e-05,6.523997163882402e-05
2024-03-19,0.00584802999031567,0.007675987794595656,0.007998286014078022,-0.06119960014921205,183.8785858154297,0.013021920882843954,1,1,0.9999897981349185,9.706419159304832e-05,2.6140947132680505e-07,0.9999897981349185,2.7814026033913046e-06,7.159053021255664e-06
2024-03-20,0.013021920882843954,0.007932674540906631,0.015025706314517601,0.09963573806190953,186.2886962890625,0.013809228131543312,1,1,0.9999747093250014,0.00022692330965614626,1.3692442210501225e-06,0.9999747093250014,1.0017660927816983e-05,1.3903769795546135e-05
2024-03-21,0.013809228131543312,0.008041078033101097,0.015573148210323242,0.17906013224395864,188.8790435791016,-0.012333409903379725,1,1,0.9999671241753958,0.00028889854962580136,1.7637394022858227e-06,0.9999671241753958,1.3853041909427486e-05,1.7259043316652662e-05
2024-03-22,-0.012333409903379725,0.008842817681702003,0.020038666154263408,-0.323303114766324,186.56382751464844,-0.009196838233174593,1,1,0.9988374271806961,0.006881093988775911,5.211109844752984e-05,0.9988374271806961,0.0010218753884325622,8.858633243574871e-05
2024-03-25,-0.009196838233174593,0.009162722975107972,0.013243002433323131,0.0611351929709735,184.85589599609372,0.004660138006108927,1,1,0.9996732979784939,0.0021627117333434115,3.0220603733289033e-06,0.9996732979784939,0.0003171159882010463,6.563972979982144e-06
2024-03-26,0.004660138006108927,0.009149301188754327,0.013283636439326844,-0.3687629574115521,185.7193603515625,0.01917840927975326,1,1,0.9997709685064399,0.001579828548128289,3.0108331070929894e-06,0.9997709685064399,0.00022064558268169193,5.3750777783892015e-06
2024-03-27,0.01917840927975326,0.009817424326353331,0.016138738731710938,0.3809620271655329,189.31553649902344,0.0039017091610196258,1,1,0.9982555192890616,0.009593037263590854,2.9831588432987394e-05,0.9982555192890616,0.0016340352706105898,8.06138518772134e-05
2024-03-28,0.0039017091610196258,0.009743172873504777,0.010883713935875455,-0.011236655992549175,190.05563354492188,-0.006812853807732838,1,1,0.9994072221650229,0.0036389357997310694,3.0881768017656436e-06,0.9994072221650229,0.0005848695144894609,4.820143713214479e-06
2024-04-01,-0.006812853807732838,0.00987334522626311,0.011913114949747394,-0.16594103293877863,188.7652130126953,-0.00040223377325942404,1,1,0.9986061899171895,0.007674108548916065,6.044096864578155e-06,0.9986061899171895,0.001381233369011657,6.532616905883837e-06
2024-04-02,-0.00040223377325942404,0.009865842269659777,0.00854871237566362,-0.041098518360795235,188.68930053710935,-0.0028200946249803322,1,1,0.9991319436359434,0.005085660254338292,3.57327023966288e-06,0.9991319436359434,0.0008575838728020125,6.8992210015471005e-06
2024-04-03,-0.0028200946249803322,0.00981570783691719,0.009379730618894947,0.28773196642709375,188.15792846679688,-0.007637648574417621,1,1,0.9991746666296977,0.004889735885986096,4.487334148797937e-06,0.9991746666296977,0.0008080101684800714,1.2835867655737471e-05
2024-04-04,-0.007637648574417621,0.010048558041810565,0.021109071059867018,-0.011786857042033442,186.726318359375,0.009158170726289435,1,1,0.992164463667604,0.03360309409131778,0.00010195660953081822,0.992164463667604,0.007695588278139015,3.799144471386455e-05
2024-04-05,0.009158170726289435,0.009844457406033472,0.01524433807727494,-0.3471939547285923,188.4442443847656,0.0052030089043685075,1,1,0.998031921008546,0.010384997274757926,1.6368792448427248e-05,0.998031921008546,0.0019396594339462336,1.2050765037933514e-05
2024-04-08,0.0052030089043685075,0.0098564379152313,0.006852078998522642,0.20280743207405946,189.42727661132807,-0.006723531056240403,1,1,0.999163075528701,0.0049761738167151135,5.0958689966404725e-06,0.999163075528701,0.0008101307484512462,2.1697853797625288e-05
2024-04-09,-0.006723531056240403,0.010079097958365705,0.020136958374889134,-0.08466215983241204,188.15792846679688,-0.008557882903401008,1,1,0.9931827783003043,0.02985396707664025,7.323652545901579e-05,0.9931827783003043,0.006716035242038033,2.794993220215976e-05
2024-04-10,-0.008557882903401008,0.010282731217926722,0.014784952322041554,0.04389744817756571,186.5545654296875,-0.00020482972864275216,1,1,0.9947208564250359,0.023916045190918285,1.9590186429626592e-05,0.9947208564250359,0.005248931183892288,1.062220460008343e-05
2024-04-11,-0.00020482972864275216,0.010180786048529773,0.017039359135519894,0.2774593257637449,186.516357421875,-0.0668642611427023,1,1,0.9970944218692399,0.014448034224850602,1.5241141136408503e-05,0.9970944218692399,0.0028813577079320075,8.979281663068447e-06
2024-04-12,-0.0668642611427023,0.01795935532532994,0.034958146640148756,1.1347512693198785,174.452880859375,0.0005469535719443573,0,0,0.5414573759461849,0.4975175828020878,0.5414573759461849,4.04318671014862e-20,7.827605939209162e-10,0.4585426232711089
2024-04-15,0.0005469535719443573,0.017687015634794193,0.02876051059751229,-0.758644543596661,174.54832458496094,-0.011493344550464196,0,0,0.9759364791964187,0.08193466409966352,0.9759364791964187,7.499832854339731e-21,1.5281429600740874e-05,0.02404823937403426
2024-04-16,-0.011493344550464196,0.017494137926077468,0.019413770499882996,0.10806702001747504,172.5536651611328,-0.003990361630982631,0,0,0.999105596359432,0.005620055024147322,0.999105596359432,4.285457470935089e-14,0.00042562412853423517,0.00046877951195260743
2024-04-17,-0.003990361630982631,0.017373527413580874,0.0178809484005005,-0.6013121190982782,171.86648559570312,0.006476110489241464,0,0,0.9992825758048062,0.004535056710275248,0.9992825758048062,2.4580698612119636e-12,0.000561396450281122,0.00015602774249961058
2024-04-18,0.006476110489241464,0.01710794647599183,0.01870344490840533,0.058224337724551635,172.98312377929688,0.02479367858499213,0,0,0.996461376511707,0.01739078123865951,0.996461376511707,2.1878315569610657e-11,0.003393907020923495,0.00014471644550796342
2024-04-19,0.02479367858499213,0.01785961677939214,0.024058133193130018,0.33807922167529225,177.32562255859375,0.019243212928750697,0,0,0.9992003165000773,0.0050628259183147575,0.9992003165000773,1.582538900843661e-13,0.00027776464974102054,0.000521918850013283
2024-04-22,0.019243212928750697,0.018393355842652767,0.021910189932083598,-0.15050001915733724,180.7709808349609,0.014310127407687773,0,0,0.9997674420747288,0.0016627069384030242,0.9997674420747288,4.165372279757821e-15,5.465345987698314e-05,0.00017790446538887145
2024-04-23,0.014310127407687773,0.018630353139902397,0.00889971614713272,-0.23178464479412744,183.37643432617188,0.004880414858132496,0,0,0.9997228419406806,0.00191689287126568,0.9997228419406806,9.870475662180399e-16,3.762326783491765e-05,0.00023953479151949878
2024-04-24,0.004880414858132496,0.018633567962224668,0.015848340219466253,-0.27225842044077453,184.2735748291016,0.0015006265216606005,0,0,0.9998463011617291,0.001144109009134589,0.9998463011617291,2.0618386337506777e-15,3.5304145185227264e-05,0.00011839469312322314
2024-04-25,0.0015006265216606005,0.01806710724589655,0.014273205953965912,0.3417338023908731,184.55030822753903,0.0006205757419325595,0,0,0.9995076984262378,0.003303130831387518,0.9995076984262378,2.0372621469186548e-14,0.00021528227520048498,0.0002770192985305809
2024-04-26,0.0006205757419325595,0.018032493778682726,0.009354475720750986,-0.42418072452544253,184.6648712158203,-0.0010859295327107382,0,0,0.9996015866748144,0.002736233635180104,0.9996015866748144,1.5222136748473558e-13,0.0001958823782376626,0.00020253094684164808
2024-04-29,-0.0010859295327107382,0.017988079288454095,0.00946813867245707,-0.1742991891580341,184.4644470214844,-0.00799969351816834,0,0,0.9995266639523651,0.003191949973721255,0.9995266639523651,1.531197090401644e-13,0.00024025725440246994,0.0002330787930301194
2024-04-30,-0.00799969351816834,0.018051514183150798,0.01747160742433111,0.41433467362728144,182.9946746826172,0.0006257662600101828,0,0,0.9996583736665992,0.0023703262460305894,0.9996583736665992,7.862394927496027e-14,0.00011410859959799961,0.0002275177337313045
2024-05-01,0.0006257662600101828,0.018055019436355162,0.01912860114697802,-0.09088885113711603,183.10922241210935,-0.0010429389693878898,0,0,0.9997167411730049,0.0020102820682461526,0.9997167411730049,6.871177234459262e-14,0.000172311325531355,0.0001109475013823759
2024-05-02,-0.0010429389693878898,0.017994454100653902,0.020765916996201776,-0.13551927965655766,182.91835021972656,-0.006018540443218098,0,0,0.9997456172205257,0.0018266155936127744,0.9997456172205257,8.66428669922694e-14,0.00014937990543204002,0.00010500287398957004
2024-05-03,-0.006018540443218098,0.017861707071500647,0.021363666908738723,0.3165461175125812,181.8207550048828,0.0077908650550208135,0,0,0.9996699408800782,0.002310057435154848,0.9996699408800782,1.0106957704002009e-13,0.00018405101962938543,0.00014600810015124658
2024-05-06,0.0077908650550208135,0.017924288143467013,0.012395779291788736,-0.12034296209414737,183.24282836914065,-0.001302955013748034,0,0,0.9994041613271476,0.0038805173266009364,0.9994041613271476,2.5862994831878646e-13,0.00042229614620891077,0.00017354252632255978
2024-05-07,-0.001302955013748034,0.017884626155258935,0.006675352173647179,-0.028502112059404883,183.0042266845703,0.020134757439635224,0,0,0.9993178665607345,0.00440363555129562,0.9993178665607345,2.16088718820295e-13,0.00025312788109958936,0.0004290055579348814
2024-05-08,0.020134757439635224,0.01842199955452026,0.028878068350330407,0.18243426850785552,186.726318359375,0.009411258524250688,0,0,0.9996155928853095,0.0025168653858192907,0.9996155928853095,2.7922021774137693e-16,2.1144962833512717e-05,0.0003632621517779429
2024-05-09,0.009411258524250688,0.018540216249270037,0.012607545490506617,-0.14559898468961377,188.491943359375,0.0064098306681242565,0,0,0.9997690284504289,0.0016588054874958587,0.9997690284504289,1.5193543453382524e-15,6.231905051869385e-05,0.00016865249894457848
2024-05-10,0.0064098306681242565,0.009612630645207352,0.005383066068475147,-0.057731527311078286,189.7040252685547,-0.0002012679080531148,2,2,0.6369582077846268,0.5416981842453651,0.33918601638114104,0.0024076454033077205,0.6369582077846268,0.021448130430847315
2024-05-13,-0.0002012679080531148,0.009628999304523631,0.009107899442942328,-0.06595434582602377,189.6658477783203,0.013891942364009402,1,1,0.752001682548404,0.41640150033557694,0.002461995637666174,0.752001682548404,0.24508017995748482,0.00045614185651839426
2024-05-14,0.013891942364009402,0.009117500865868496,0.016971853814572568,0.19840610993716726,192.31906127929688,0.002973085518548978,1,1,0.9969642087031296,0.015047197390880642,1.7880319324732185e-05,0.9969642087031296,0.0029980257573314836,1.9885220149566176e-05
2024-05-15,0.002973085518548978,0.008868698833715742,0.01444756894823237,-0.026666360643860614,192.8916931152344,0.0017796334995103735,1,1,0.9998910641163009,0.0008136202214456886,1.6448020070671713e-06,0.9998910641163009,0.0001034852759898694,3.8058057708814784e-06
2024-05-16,0.0017796334995103735,0.008911108622827542,0.012298069933138988,0.015165189647298565,193.2352752685547,0.011393276781849876,1,1,0.9999128779698143,0.0006648216319113168,1.0990846797044504e-06,0.9999128779698143,8.266329233720416e-05,3.359653115007653e-06
2024-05-17,0.011393276781849876,0.007824431413747711,0.010938061265690618,0.08593896873203664,195.44944763183597,-0.0460154187387551,1,1,0.9999854638782961,0.0001351880847281759,5.049694026131487e-07,0.9999854638782961,4.450506511300337e-06,9.580645684142305e-06
2024-05-20,-0.0460154187387551,0.013243576481085127,0.05358426673592583,0.6291765020567038,186.6595458984375,0.01994492042536201,3,3,0.6329693158084292,0.4741837105132255,0.36703057325610333,2.066257976887715e-17,1.1093556663868425e-07,0.6329693158084292
2024-05-21,0.01994492042536201,0.013583705482774397,0.016539633732477285,-0.1862629361174149,190.4198303222656,-0.006082960354042369,0,2,0.5167505604454542,0.6104231539792478,0.43648448977251486,2.61213923086498e-10,0.5167505604454542,0.04676494952076419
2024-05-22,-0.006082960354042369,0.01367733316339243,0.016388482880394056,-0.4252740457537783,189.26502990722656,-0.00703389405909451,2,2,0.9576116739749977,0.1285666722267891,0.04194502768255675,0.0002259036880272287,0.9576116739749977,0.0002173946545114265
2024-05-23,-0.00703389405909451,0.013804483181282563,0.01132437410255236,-0.15531843299080847,187.9384307861328,0.019063389707930915,2,2,0.9972382582290602,0.01434690022221048,0.0025072299388712443,0.00025285714612878897,0.9972382582290602,1.6546859740687454e-06
2024-05-24,0.019063389707930915,0.014387824640639238,0.0159433851885829,-0.09253563501344733,191.5555419921875,-0.006046705752942675,2,2,0.996861880251672,0.01542949422895985,0.0031085855458078816,2.9392308272170885e-05,0.996861880251672,1.4189422933693305e-07
2024-05-28,-0.006046705752942675,0.01448321582024238,0.008771929824561403,-0.06254491414119445,190.4007568359375,-0.006992032471345454,2,2,0.9972077875769435,0.014064449268014484,0.0027329453880644266,5.9053679683624255e-05,0.9972077875769435,2.133552920876797e-07
2024-05-29,-0.006992032471345454,0.014449837407676504,0.010600202397889067,-0.12143648439654489,189.07411193847656,0.006139376118707401,2,2,0.9973941294829989,0.013298656777471005,0.002534397145851763,7.134107239767129e-05,0.9973941294829989,1.3229884415621164e-07
2024-05-30,0.006139376118707401,0.0144821468956523,0.007274430310095387,0.10963079677992399,190.2384796142578,0.01642009507384909,2,2,0.9971951719087876,0.014093541646288375,0.0027543558363773498,5.018297372261245e-05,0.9971951719087876,2.8928106985332293e-07
2024-05-31,0.01642009507384909,0.014817311661602819,0.024428746133155155,0.7472775968794494,193.38800048828125,-0.004005525674634611,2,2,0.9877372078323835,0.04777037201911707,0.012255430482547276,5.8710039840489325e-06,0.9877372078323835,1.4906810812518568e-06
2024-06-03,-0.004005525674634611,0.014761108927042903,0.01600433857060641,-0.8052744710177046,192.61492919921875,-0.013267712563551933,2,2,0.9843715147329292,0.05824408241068318,0.015595440876468619,3.101183566611332e-05,0.9843715147329292,2.0325550397649824e-06
2024-06-04,-0.013267712563551933,0.015138876702761206,0.018578012051654186,0.060804427125191754,190.0762481689453,-0.009585860119296302,2,2,0.9760293566848132,0.08168320631751311,0.02395675974985887,1.178493512195922e-05,0.9760293566848132,2.0986303132158137e-06
2024-06-05,-0.009585860119296302,0.015341057987250079,0.014701456129123732,0.198452690981988,188.26290893554688,-0.0017757695819309012,2,2,0.9757930982550009,0.08232707631241279,0.02419098991657987,1.2050983022629475e-05,0.9757930982550009,3.860845504449153e-06
2024-06-06,-0.0017757695819309012,0.01470307418616595,0.013661075574515612,-0.0890162678498766,187.92889404296875,0.015320440285207218,2,2,0.9944143540442223,0.02515083989541992,0.005529077925839422,5.568875680067662e-05,0.9944143540442223,8.79273183381494e-07
2024-06-07,0.015320440285207218,0.014952613056941979,0.01955490733576488,-0.09261105227725781,190.8302154541016,-0.0017018772930346782,2,2,0.9912261312624787,0.036332227173987264,0.008763930337652244,9.529259280906915e-06,0.9912261312624787,4.09140572718032e-07
2024-06-10,-0.0017018772930346782,0.0148971091716616,0.012023415105184574,-0.13733542504219537,190.50572204589844,-0.026653260541446015,2,2,0.9948575416771859,0.02341851302358405,0.005103006712544828,3.9016393255892674e-05,0.9948575416771859,4.3521708227041633e-07
2024-06-11,-0.026653260541446015,0.016064145967863794,0.022329678556604747,0.4195427061308106,185.4951934814453,-0.014667764506250737,2,2,0.5199714504773466,0.49960623539705307,0.48000564025009046,2.1096929623733302e-07,0.5199714504773466,2.2698303216513118e-05
2024-06-12,-0.014667764506250737,0.015929038754337408,0.02824624704531763,0.32260012895653717,182.79425048828125,0.011059766935735812,0,0,0.9372077282808661,0.17001762791806835,0.9372077282808661,3.779285996413184e-08,0.06263288691403365,0.00015934701222596018
2024-06-13,0.011059766935735812,0.016177041349002212,0.019105632956084223,-0.3952906357550125,184.8271331787109,0.00061931653832204,0,0,0.9609717171976975,0.1196215000703935,0.9609717171976975,3.5715227178744574e-08,0.038877784593830074,0.00015046249333292055
2024-06-14,0.00061931653832204,0.016164337520516804,0.017752102709651798,-0.2225964130084468,184.94163513183597,0.006173390953117459,0,0,0.9583448321157036,0.1255883106783623,0.9583448321157036,6.602639968767217e-08,0.04151595717256226,0.00013914468537928667
2024-06-17,0.006173390953117459,0.015974442222787353,0.015078482438344844,0.23849213388219256,186.08688354492188,0.010306926950594262,0,0,0.9066658519334251,0.22513189967845076,0.9066658519334251,1.9135009829787657e-07,0.09305300147061508,0.00028095524596316254
2024-06-18,0.010306926950594262,0.012471340925792735,0.01944163366017608,0.03353856070252889,188.0147857666016,0.008441323142366336,2,2,0.8709994429204289,0.28271456893537095,0.12775382874755045,0.0011159188587135985,0.8709994429204289,0.00013080947332096024
2024-06-20,0.008441323142366336,0.011765949969044441,0.016811780181576915,-0.03288550880752393,189.6085968017578,-0.01200112800312858,2,2,0.9841926836749769,0.06349616682763108,0.0024105369658236958,0.013392918650219895,0.9841926836749769,3.860709060964794e-06
2024-06-21,-0.01200112800312858,0.011993552567794644,0.015028002559247902,0.8763016187565237,187.3466796875,0.01305769182256193,2,2,0.991832283976876,0.03681548591670288,0.001312795161577935,0.006850752947527653,0.991832283976876,4.167913983409393e-06
2024-06-24,0.01305769182256193,0.01225684155364531,0.010709923429851616,-0.7622504088263893,189.8090362548828,-0.00408120661278417,2,2,0.9944142529376859,0.026571215202382724,0.0007950151189545521,0.004790388406325616,0.9944142529376859,3.435370082532579e-07
2024-06-25,-0.00408120661278417,0.011479399240619059,0.011763526757691805,-0.35487076729932515,189.0359649658203,-0.0032362500874575056,2,2,0.9665960772845109,0.10673345871534094,0.00027214853786757204,0.03313166125068683,0.9665960772845109,1.1292687291017916e-07
2024-06-26,-0.0032362500874575056,0.011427097183593107,0.008408062217960097,0.12273009871207481,188.42518615722656,0.008774432109028325,2,2,0.9382470865693505,0.1684125462905533,0.00026109672433406885,0.06149026944711475,0.9382470865693505,1.5472592327050765e-06
2024-06-27,0.008774432109028325,0.011500823855820144,0.01486170980107341,0.01976825624347702,190.08578491210935,0.015395278314519749,2,2,0.9292848772811125,0.18582848181529038,0.0003322292041763329,0.07038156746807576,0.9292848772811125,1.3260467304876642e-06
2024-06-28,0.015395278314519749,0.011927874877219238,0.0163156488746283,0.6597792753028197,193.03485107421875,0.015648576390281357,2,2,0.9778241105130625,0.079119733931376,0.0007260198587679485,0.021438613609028413,0.9778241105130625,1.1256019206433407e-05
2024-07-01,0.015648576390281357,0.011875592539586255,0.0215623886180798,-0.40539325096014367,196.07933044433597,0.016318101854378344,2,2,0.9957526597654711,0.021915948812589327,0.001969605489820111,0.002276010416015534,0.9957526597654711,1.724328764930147e-06
2024-07-02,0.016318101854378344,0.012314003859286323,0.01958529091619472,-0.2684607266651228,199.3052215576172,-0.0006707365517512785,2,2,0.9975623889987209,0.013555090593103733,0.0011835697981634676,0.0012538761604173885,0.9975623889987209,1.6504269250622892e-07
2024-07-03,-0.0006707365517512785,0.011819989739936254,0.013081656784658863,-0.33873549380228224,199.1715850830078,-0.013339026843747246,2,2,0.9836703352941487,0.06126494368570849,0.0003116005154098979,0.016018024167336734,0.9836703352941487,4.0023110602010816e-08
2024-07-05,-0.013339026843747246,0.012046861188032418,0.013916650901709736,0.37525188112809976,196.532470703125,0.0018538774841046562,2,2,0.9927574172470985,0.03231894934267392,0.0005281240568555863,0.0067138552406556164,0.9927574172470985,6.034553981813695e-07
2024-07-08,0.0018538774841046562,0.012011906382382437,0.014280804707950543,0.07311545305190692,196.89715576171875,0.011918751767893417,2,2,0.9860391817078475,0.05406805670653215,0.00030200903463195014,0.013658715937440051,0.9860391817078475,9.332018511618597e-08
2024-07-09,0.011918751767893417,0.011841168440925804,0.02075806702902292,0.03962040003374638,199.25796508789065,0.0008184376412727857,2,2,0.9929482581648197,0.032040294282355795,0.0007780801854990937,0.006273266747396939,0.9929482581648197,3.9490239464061676e-07
2024-07-10,0.0008184376412727857,0.01181127058991472,0.011501440589744111,-0.08406433194519944,199.42111206054688,-0.0016857539058706314,2,2,0.9776649584280075,0.07818419126734595,0.0002545961085407376,0.02208033610237907,0.9776649584280075,1.093609970187734e-07
2024-07-11,-0.0016857539058706314,0.009727065229918556,0.013111599232183765,0.24663679851893014,199.0852203369141,-0.012173202539907479,1,1,0.7626259684402088,0.39626249159897825,0.00015377032322391195,0.7626259684402088,0.23721874192879147,1.5193078604269496e-06
2024-07-12,-0.012173202539907479,0.00949458297628902,0.026105156538466373,0.3708615611545021,196.6764068603516,0.024628452993290244,1,1,0.9118066899236049,0.2215941560870202,0.0012518598310547276,0.9118066899236049,0.08659000911526828,0.0003514411301488205
2024-07-15,0.024628452993290244,0.010484351657906217,0.02328016814378972,-0.365098557432018,201.58038330078125,0.01685316301351289,1,1,0.5048801534273742,0.5751184521502098,0.014958030615916383,0.5048801534273742,0.4730282422526059,0.007133573704186347
2024-07-16,0.01685316301351289,0.010804782077146457,0.026495664223774758,0.07520814381686466,205.0064392089844,0.015099304199969766,2,2,0.8795730003336483,0.29462089763404103,0.009524848781806684,0.10953862334893465,0.8795730003336483,0.0013635275355515625
2024-07-17,0.015099304199969766,0.011031246877702674,0.019781405370598543,0.0013402799299843697,208.12538146972656,-0.0322858871098681,2,2,0.9092811899105299,0.2241673543686314,0.0011900410187926352,0.08950437394246039,0.9092811899105299,2.439512825145609e-05
2024-07-18,-0.0322858871098681,0.013830261946341963,0.03524142321674422,0.0702818797768545,201.51318359375,-0.000952873157175857,0,0,0.7017217440324194,0.4466147740494493,0.7017217440324194,7.372355227209545e-08,0.2967203129476683,0.0015578692963615806
2024-07-19,-0.000952873157175857,0.013811932592546674,0.016350500307605067,-0.4275557130099733,201.32125854492188,0.0023806338402954227,2,2,0.8976924277282025,0.2393821433831201,0.10208114888980921,0.00017614017620655968,0.8976924277282025,5.0283205803169916e-05
2024-07-22,0.0023806338402954227,0.013356871802936833,0.011698646896322521,-0.054928109603624826,201.8011016845703,0.00023769905612188192,2,2,0.9965703570743443,0.017845098122575818,0.0026512547265017533,0.0007764224235081389,0.9965703570743443,1.9657757292361103e-06
2024-07-23,0.00023769905612188192,0.013191565259083276,0.010126893954645276,-0.32131727228230095,201.8490753173828,-0.008307228547435538,2,2,0.9983713413718814,0.009468509621868923,0.0005509730008474977,0.0010776259749569503,0.9983713413718814,5.965224858125967e-08
2024-07-24,-0.008307228547435538,0.013345178717523642,0.018984570327444737,0.24765488731749224,200.17921447753903,0.0003835700818625172,2,2,0.9983610609419836,0.009434966365701545,0.0012214429349272891,0.0004174668040001142,0.9983610609419836,2.9319061751629322e-08
2024-07-25,0.0003835700818625172,0.013282493365425018,0.01025542439462635,-0.105875701955899,200.25601196289065,0.016963754436467544,2,2,0.99857827013601,0.008428232166632138,0.0005365342731595012,0.0008851670393714143,0.99857827013601,2.855135628995071e-08
2024-07-26,0.016963754436467544,0.013591064558059867,0.021390917958057032,0.22601895365274358,203.6820831298828,-0.006570811359175933,2,2,0.9980567070336513,0.01041992067713304,0.00185126947519858,9.196564120328526e-05,0.9980567070336513,5.784986508657824e-08
2024-07-29,-0.006570811359175933,0.013462250706405112,0.014512674745152675,-0.20595242475665193,202.34811401367188,0.020374407019578544,2,2,0.9986446496440193,0.008064599500229197,0.0008852981117741494,0.0004700196889808353,0.9986446496440193,3.255511714420888e-08
2024-07-30,0.020374407019578544,0.013746321965563137,0.013151106185967898,0.3035384588751798,206.51312255859372,-0.011168573453978384,2,2,0.998404793622754,0.008849482559307058,0.001485790217469089,0.00010929302090952331,0.998404793622754,1.2313893442890067e-07
2024-07-31,-0.011168573453978384,0.01367566098341354,0.017481208493208226,0.024652102365461285,204.2194976806641,-0.023007052685838743,2,2,0.9981515817578672,0.01018368698403956,0.0016464703524378262,0.00020190817268322787,0.9981515817578672,3.971703304288868e-08
2024-08-01,-0.023007052685838743,0.014710873356574028,0.03582418112965663,0.18531910266700408,199.57464599609372,-0.043337712874513525,0,0,0.695186139076929,0.44368667884466545,0.695186139076929,2.69022638495717e-08,0.304795983739532,1.7850281178877846e-05
2024-08-02,-0.043337712874513525,0.01743119168161603,0.039067986357045704,0.5022179882583213,191.1102752685547,-0.02152154905161344,0,0,0.9989618517024651,0.005894597608510136,0.9989618517024651,5.4440006439349254e-18,1.675665790264267e-07,0.0010379807308691475
2024-08-05,-0.02152154905161344,0.017976746053910517,0.027039530207784008,-0.2588563431569404,187.04122924804688,0.027529286145878757,0,0,0.9997478985123436,0.0017075101760918535,0.9997478985123436,4.1434788447928035e-19,5.4297930867076645e-06,0.0002466716944644117
2024-08-06,0.027529286145878757,0.018951307465924414,0.04292705530956957,-0.27242838078442977,192.26187133789065,0.00029963588433691633,0,0,0.9921445665476887,0.03310721500681962,0.9921445665476887,1.3874165298055078e-25,6.49135192915206e-09,0.007855426960867698
2024-08-07,0.00029963588433691633,0.018947908125738034,0.027694626850261476,-0.14171939069224337,192.31948852539065,0.018098693204279457,0,0,0.9997635046879252,0.0016030739979687083,0.9997635046879252,3.1221441244779915e-21,1.9353607824043676e-06,0.0002345599513676015
2024-08-08,0.018098693204279457,0.01946431390753069,0.015289671730397112,-0.17054466917930147,195.8319091796875,0.008490784116398689,0,0,0.999816195905802,0.0012828221716126012,0.999816195905802,5.932116128794347e-19,2.579290498131813e-06,0.00018122480365652594
2024-08-09,0.008490784116398689,0.019378411652189318,0.017346974107288426,-0.3371063602243839,197.5017547607422,0.0018932927238257925,0,0,0.999878565483226,0.0008860039684818622,0.999878565483226,2.580325799028515e-18,2.4440647400806134e-06,0.00011899045200564657
2024-08-12,0.0018932927238257925,0.018518318389258357,0.016877616209971257,0.22469463828764416,197.87603759765625,0.008451382884667152,0,0,0.999771414154964,0.0016379482851854462,0.999771414154964,2.154053860207383e-16,5.4668118541888645e-05,0.00017391772658058682
2024-08-13,0.008451382884667152,0.018186053512900414,0.012936435557483675,-0.08233531831942206,199.55545043945312,0.011000086355933247,0,0,0.9996322604777156,0.0025462871794353927,0.9996322604777156,2.25503947674465e-14,0.0001959936234259485,0.0001717458988979944
2024-08-14,0.011000086355933247,0.01801321730493591,0.017313543067648082,0.09149165605975228,201.7626953125,0.006211760156733515,0,0,0.9994965715384403,0.0033526908887096443,0.9994965715384403,1.3781964974363764e-13,0.0003341553325850619,0.00016927312894135648
2024-08-15,0.006211760156733515,0.016554022006199987,0.013188339616569239,0.0001714187764897398,203.0198974609375,0.011374353476945591,0,0,0.9836084643601632,0.061176797520999915,0.9836084643601632,1.8752384575780601e-10,0.016171480586981812,0.00022005486543673572
2024-08-16,0.011374353476945591,0.016730628062731293,0.011683880851228911,0.12475135228911191,205.34230041503903,0.006893022433152396,0,0,0.985944356536035,0.05448145392823055,0.985944356536035,2.675057367838001e-09,0.013708569171882911,0.0003470716170178051
2024-08-19,0.006893022433152396,0.016780735767401418,0.007936836757017538,-0.26402491229973213,206.7626190185547,-0.004325673990299018,0,0,0.9901900381033812,0.04074126304266223,0.9901900381033812,1.8491301562787749e-09,0.00950667806041695,0.00030328198699259244
2024-08-20,-0.004325673990299018,0.016825679600710016,0.010814876365898814,-0.07689537047447283,205.8701629638672,0.0003728207011655572,0,0,0.9926993614801226,0.03197434959246792,0.9926993614801226,1.2961337846495777e-09,0.007037034693869324,0.0002636025298174548
2024-08-21,0.0003728207011655572,0.016684702109438603,0.010065254429990258,-0.08078323001949123,205.94692993164065,0.009414944779821138,0,0,0.988524888520358,0.046158475790332054,0.988524888520358,1.9463574698390025e-09,0.011195644116019896,0.0002794654172766579
2024-08-22,0.009414944779821138,0.016777127487613622,0.01135579863554874,0.008574707542111839,207.8950653076172,0.007725240534280571,0,0,0.9882274260099965,0.0471166039132749,0.9882274260099965,1.892978239860931e-09,0.01149327526728938,0.0002792968296426198
2024-08-23,0.007725240534280571,0.01646399114576014,0.012321938855247624,0.318348039448759,209.50732421875,0.003931585904655476,0,0,0.9780467781169558,0.07775694246724821,0.9780467781169558,5.8822418037908326e-09,0.02148948513564164,0.0004637308651970668
2024-08-26,0.003931585904655476,0.016363227160734434,0.007437101964872829,-0.3457639543549486,210.3326416015625,0.0045976806295701346,0,0,0.9732543895722807,0.09021814093010626,0.9732543895722807,1.6793322333961484e-08,0.02640426318576598,0.00034133044860866393
2024-08-27,0.0045976806295701346,0.015798039351559018,0.005586319231785296,0.015548785617352049,211.30191040039065,0.005028611660935509,0,0,0.9240032794097833,0.1971856797539079,0.9240032794097833,8.36083209552867e-08,0.0751887208044233,0.0008079161775358648
2024-08-28,0.005028611660935509,0.015546678307868485,0.01364726993577159,0.22697789412667768,212.3671417236328,0.004148895168234056,0,0,0.7494000587561477,0.40787687399588457,0.7494000587561477,1.5507476091146271e-06,0.25028260027763166,0.00031579021859034486
2024-08-29,0.004148895168234056,0.014394926366259437,0.01818096919161231,-0.013975851392763267,213.25006103515625,0.011588232774559915,2,2,0.8197792710873409,0.34097041044133264,0.18011602027070053,5.0288872896273394e-05,0.8197792710873409,5.4419768962529416e-05
2024-08-30,0.011588232774559915,0.009398537230818278,0.01579182830767326,0.28993557479782245,215.73562622070312,-0.02022075062087054,1,1,0.7868437920768785,0.3853120155024377,0.0029050450460306938,0.7868437920768785,0.21017452343186144,7.663944512385285e-05
2024-09-03,-0.02022075062087054,0.00920002442586529,0.022060828611108488,0.043588833097657605,211.41709899902344,-0.004412905688720495,1,1,0.9443873678568134,0.1592345055496364,0.0007435074461351937,0.9443873678568134,0.0545269473258789,0.0003421773711783771
2024-09-04,-0.004412905688720495,0.007980468784947986,0.022158394062728907,-0.19227479070065495,210.48619079589844,-0.007781080231544742,1,1,0.9995194229453914,0.00326503798874214,3.862534632674201e-05,0.9995194229453914,0.0003392703642711932,0.00010268134409293783
2024-09-05,-0.007781080231544742,0.008399375356052582,0.02191795324835584,0.08783315169714766,208.854736328125,-0.024042697993217357,1,1,0.9997138454816824,0.0020313129969863637,2.1921416945739672e-05,0.9997138454816824,0.000220980974745224,4.325212654198541e-05
2024-09-06,-0.024042697993217357,0.009866798983014086,0.03600681970031268,-0.036722565656831734,203.8931884765625,0.020267692307014827,0,0,0.505340336364141,0.6588222557483935,0.505340336364141,0.004334473720301811,0.06690719109460999,0.4234179988209858
2024-09-09,0.020267692307014827,0.010597825794035025,0.018310969352924998,0.13881668077775774,208.0677947998047,-0.0532834765660181,2,2,0.6607321478522115,0.7200264531300201,0.15695745870181452,0.07476713947657956,0.6607321478522115,0.10754325396943198
2024-09-10,-0.0532834765660181,0.016391343704262488,0.08771161214942852,1.1566447329136216,197.2714080810547,0.008091319822839942,3,3,0.999997210214841,2.7750143515608594e-05,2.7897852102796656e-06,1.3484813945120686e-59,8.926232341144496e-30,0.999997210214841
2024-09-11,0.008091319822839942,0.01638159065042794,0.02832599159489067,-0.7322553921651557,198.8740692138672,-0.0030445863622128675,0,0,0.6707556224832794,0.4628779186949983,0.6707556224832794,7.855176412825895e-38,0.0012192117267802926,0.32802516578997354
2024-09-12,-0.0030445863622128675,0.01617726628375782,0.018828650894131042,-0.4111258538329075,198.26950073242188,-0.011097156491380307,0,0,0.9781947058748353,0.08546052391027402,0.9781947058748353,1.4150372624399881e-09,0.015058693185510902,0.00674659952462204
2024-09-13,-0.011097156491380307,0.016241152878973184,0.023639397307725973,0.12175111987192341,196.08143615722656,0.017177317318763628,0,0,0.9924758085041301,0.03269716921751255,0.9924758085041301,2.1620968499779937e-09,0.007290453094632024,0.00023373623918392585
2024-09-16,0.017177317318763628,0.016536889652573845,0.012604687618027724,-0.1691898165223735,199.4786834716797,0.006665015873282121,0,0,0.9834853132444473,0.0616437025706537,0.9834853132444473,1.6095970574741432e-09,0.01626111267045324,0.0002535724754054928
2024-09-17,0.006665015873282121,0.016530913927424708,0.010848215119101091,-0.1311832269889683,200.81265258789065,-0.008253896571287573,0,0,0.9783332917794592,0.07632380548119569,0.9783332917794592,9.06026688352791e-09,0.021419746182723895,0.00024695297756953855
2024-09-18,-0.008253896571287573,0.016589985868519067,0.022358210460854833,0.08678357715536779,199.1619873046875,0.014114826608817554,0,0,0.9943171918695097,0.0257353672925917,0.9943171918695097,1.7404531425778987e-09,0.005550494323188816,0.00013231206675418504
2024-09-19,0.014114826608817554,0.016958921884332484,0.021712311939299213,0.3426225051988416,201.99305725097656,0.0028937943057865934,0,0,0.9951501393057831,0.022893758148522153,0.9951501393057831,1.2495640217385016e-10,0.004575160157922176,0.00027470041126261165
2024-09-20,0.0028937943057865934,0.016810806073488727,0.009095637890257866,0.5849962118282254,202.57843017578125,0.0016567844672903988,0,0,0.9944903511336795,0.026901463528022987,0.9944903511336795,1.4871285358204376e-10,0.004091885419730512,0.0014177632978561588
2024-09-23,0.0016567844672903988,0.016693780679779387,0.008560336443882249,-1.0616915979618398,202.91433715820312,0.0007090929759508285,0,0,0.9963441345948667,0.018463453791680233,0.9963441345948667,4.057382308260251e-10,0.0031703210812068327,0.00048554391808885213
2024-09-24,0.0007090929759508285,0.016653095684621186,0.012193401747286062,0.013707790929941543,203.0582733154297,-0.006638568217793156,0,0,0.9877715877817699,0.048476807917105666,0.9877715877817699,1.1761476964151624e-09,0.011984597859279217,0.00024381318269697322
2024-09-25,-0.006638568217793156,0.01661682253341305,0.017270111996998624,0.20356266041150595,201.7147216796875,-0.0019524969435457619,0,0,0.9906351908112848,0.03893913254811505,0.9906351908112848,2.886883942033682e-09,0.009177253620455716,0.00018755268139115924
2024-09-26,-0.0019524969435457619,0.016527377272827753,0.0128229690964785,-0.13952524115364998,201.32125854492188,0.0034262686035392855,0,0,0.9836715975784682,0.06092367526301072,0.9836715975784682,5.7831951452447485e-09,0.016129411827961373,0.00019898481046657659
2024-09-27,0.0034262686035392855,0.016512467032906805,0.014774349692881533,-0.1045425487932217,202.01222229003903,0.001708704387435047,0,0,0.9788312114652851,0.07468092228146428,0.9788312114652851,1.1398639536745e-08,0.02100158309374454,0.000167194042286192
2024-09-30,0.001708704387435047,0.016207270932215783,0.027032211849246267,0.20861116402452023,202.35769653320312,-0.018282318076393453,0,0,0.9903595076106273,0.03979214620770564,0.9903595076106273,2.0714035871686432e-09,0.009478966340067382,0.0001615239778893064
2024-10-01,-0.018282318076393453,0.016105609904518165,0.014006926152072283,-0.014380708072600027,198.69174194335935,0.0012068164018621292,0,0,0.985408994294736,0.056106660475179704,0.985408994294736,4.064455015963708e-09,0.014250782679506137,0.00034021896120508947
2024-10-02,0.0012068164018621292,0.01613057355273863,0.015726733621608077,-0.3850372531309397,198.93167114257807,-0.009987668595185304,0,0,0.9668362476371077,0.10574158424915121,0.9668362476371077,3.150693104321144e-08,0.03300331463035004,0.00016040622553980895
2024-10-03,-0.009987668595185304,0.01617375948823365,0.010476096087473317,0.22144529893437714,196.95469665527344,0.03487844512234353,0,0,0.9703596538846363,0.09816645607194852,0.9703596538846363,2.418446897151409e-08,0.02912536059139473,0.0005149613394870676
2024-10-04,0.03487844512234353,0.017442765403007477,0.022535718584066583,0.34235335860719607,203.94537353515625,-0.0013740038164842855,0,0,0.9976717699017918,0.012968419217834561,0.9976717699017918,8.598889653720213e-13,0.0008673129939024341,0.0014609171034711862
2024-10-07,-0.0013740038164842855,0.016778738819539587,0.017256907580912167,-0.4186096710843092,203.66534423828125,-0.000853713258329437,0,0,0.9953425444930263,0.021876115485389803,0.9953425444930263,1.0717459492922603e-10,0.00450449800923998,0.0001529573906004678
2024-10-08,-0.000853713258329437,0.011436958941974681,0.013997613040295077,-0.10953823270971552,203.49154663085935,0.012589489052994748,2,2,0.846396761533768,0.32096588914486596,0.1505717959575716,0.0026516873841881663,0.846396761533768,0.00037975512456121574
2024-10-09,0.012589489052994748,0.011615159246987326,0.022772001930692398,0.15394663838241152,206.0695953369141,-0.0027213643094062706,2,2,0.9871991797845231,0.05575772835004547,0.007516082505886573,0.005268252152956665,0.9871991797845231,1.6485556662937566e-05
2024-10-10,-0.0027213643094062706,0.011608320191553353,0.015692522060507086,0.12095441255553875,205.5095672607422,0.043442031050457346,2,2,0.9740225421619585,0.08838989914740464,0.0003990394057620417,0.025578125141006717,0.9740225421619585,2.932913083838409e-07
2024-10-11,0.043442031050457346,0.014473276788071952,0.04260201316625765,0.8377442992346485,214.6340789794922,-0.0036504095339422267,0,0,0.7792779777549806,0.49100051833342767,0.7792779777549806,3.3482362734365795e-12,0.10640440607170971,0.11431761616989977
2024-10-14,-0.0036504095339422267,0.014262403223629656,0.02176265197042518,-0.7053883647599244,213.8520050048828,0.004100179230018254,0,0,0.7065368606267532,0.4536769828266819,0.7065368606267532,5.486448383825291e-06,0.28886700192811593,0.004590650996732328
2024-10-15,0.004100179230018254,0.014243765399790049,0.016322629767462477,0.020444033498868405,214.7306365966797,0.005605189653267585,2,2,0.8877720231482037,0.25422857801598453,0.11207211833640848,8.988459645078389e-05,0.8877720231482037,6.597391885704204e-05
2024-10-16,0.005605189653267585,0.013984253047559616,0.011804683405712058,-0.36952736672844494,215.9376220703125,0.0034816431881980994,2,2,0.9934649101725743,0.029095163348608052,0.006324455249061602,0.00020783990588497944,0.9934649101725743,2.7946725915799134e-06
2024-10-17,0.0034816431881980994,0.013781870841672192,0.011318102511567328,0.013647149802626204,216.6907501220703,0.004224064411429761,2,2,0.9986670409220726,0.007859983415153461,0.001009882144698011,0.00032292411171390824,0.9986670409220726,1.5282156706075646e-07
2024-10-18,0.004224064411429761,0.013781940835139532,0.012512721864165553,0.0787745551397148,217.6080017089844,-0.010571518202289602,2,2,0.9988023892462613,0.0071782263931648525,0.0008756523006860607,0.00032193162212930523,0.9988023892462613,2.683084024975116e-08
2024-10-21,-0.010571518202289602,0.01413831521040571,0.012556067496671677,-0.17612694123583783,215.31967163085935,0.005009756441536236,2,2,0.9979823750141619,0.010794660705201103,0.001907404521333736,0.0001101804247739022,0.9979823750141619,4.0039806418866505e-08
2024-10-22,0.005009756441536236,0.014134871336131196,0.018650690553494127,0.49053251845385437,216.4010772705078,-0.003172974322200655,2,2,0.9977506304617925,0.011839215968262115,0.0021355887922353115,0.00011368585351493818,0.9977506304617925,9.489239696801724e-08
2024-10-23,-0.003172974322200655,0.0140289899194848,0.010160710063342314,-0.43898797794811867,215.7155303955078,0.007002872880678373,2,2,0.9983720276561704,0.009137805006703614,0.0014371886467802705,0.00019071621749667901,0.9983720276561704,6.747952968037848e-08
2024-10-24,0.007002872880678373,0.013993533552194716,0.015112427598238208,-0.02927310565681372,217.23146057128903,-0.011938805188318222,2,2,0.9985793804803463,0.008134358650869655,0.001239448707329464,0.00018114150704220727,0.9985793804803463,2.9305213332538404e-08
2024-10-25,-0.011938805188318222,0.014430270018872055,0.021321534282891134,0.05942630402472323,214.6533966064453,0.014247523843456112,2,2,0.9925677368796685,0.03176750488734658,0.00740112821618866,3.104745671193742e-05,0.9925677368796685,8.744742768013687e-08
2024-10-28,0.014247523843456112,0.014640474158301558,0.01192905738982816,0.07167385925671026,217.7335662841797,-0.01159691267160176,2,2,0.9964430184439534,0.017171364934447517,0.00352251322476957,3.398546118854966e-05,0.9964430184439534,4.828701049054425e-07
2024-10-29,-0.01159691267160176,0.014182227500741646,0.017676099368742156,-0.03919148663313481,215.22311401367188,0.006751417629345808,2,2,0.9965342551722108,0.016921214329613868,0.0033900740231400583,7.55374723720763e-05,0.9965342551722108,1.33332379815254e-07
2024-10-30,0.006751417629345808,0.014179026869183759,0.021077472707771598,0.07759407274554407,216.68109130859372,-0.011157893662647234,2,2,0.9970043628817211,0.014936079678389011,0.0029321576619144546,6.337888730055107e-05,0.9970043628817211,1.0056907196174302e-07
2024-10-31,-0.011157893662647234,0.014243242550688921,0.01743869479595667,0.09632092044630514,214.27682495117188,0.004585759836461127,2,2,0.9965765840556745,0.01674104316028414,0.0033500621257423497,7.323763390861213e-05,0.9965765840556745,1.1618468159675307e-07
2024-11-01,0.004585759836461127,0.012287182822543255,0.015475001841129675,-0.12302831641644348,215.2617034912109,-0.014275614745428756,2,2,0.9940622066717283,0.027314296657410954,0.0004153497547238126,0.0055223939293639335,0.9940622066717283,4.9644287229637415e-08
2024-11-04,-0.014275614745428756,0.012838627554580477,0.02088450433790351,0.17281598872205176,212.2105407714844,0.0077504051868419604,2,2,0.997917511257892,0.01164801080795349,0.0015265759351452833,0.0005557712839952822,0.997917511257892,1.41522980774236e-07
2024-11-05,0.0077504051868419604,0.012880118617254126,0.008849188068342341,-0.3848458209054287,213.8616485595703,0.10925379856336143,2,2,0.9976706902582668,0.012729367357119948,0.0004904219805682514,0.0018388437804889477,0.9976706902582668,4.398058235138311e-08
2024-11-06,0.10925379856336143,0.027127652510608877,0.05354972823717208,1.4546537778401671,238.55099487304688,-0.04419051926378047,3,3,0.9999999999599822,7.211101130420329e-10,4.0082749819842224e-11,2.4118491737762752e-74,1.5142975375915166e-37,0.9999999999599822
2024-11-07,-0.04419051926378047,0.029423114084049694,0.039554978891514,-0.377153023492781,228.23883056640625,0.002534981526561098,3,3,0.9999825731012707,0.00015031577662388883,1.7426898699355482e-05,6.081735570728424e-91,1.830273694513124e-43,0.9999825731012707
2024-11-08,0.002534981526561098,0.028016287430576527,0.015022354725192854,-0.5488795174670997,228.81814575195312,0.009700510010396037,3,3,0.9697862297834081,0.09773138733478356,0.030213770216604235,8.62427458091263e-81,4.6248188314063526e-29,0.9697862297834081
2024-11-11,0.009700510010396037,0.028003534037105295,0.012955017721149504,-0.052390052190241426,231.0485992431641,0.0011276824366421795,3,3,0.9681698590734004,0.1017442421940353,0.03183014092650488,6.02762988979002e-67,1.2966725539591242e-28,0.9681698590734004
2024-11-12,0.0011276824366421795,0.028010119696426496,0.01127071395286197,-0.27326957091054577,231.30929565429688,0.006656693685844425,3,3,0.9637542976775266,0.11240288487486122,0.03624570232245826,1.621646610261254e-66,4.399777727623708e-29,0.9637542976775266
2024-11-13,0.006656693685844425,0.02801483372129776,0.01567423586787264,0.514108380036078,232.85418701171875,0.002939843657468756,3,3,0.9889761837618992,0.04375322956389189,0.011023816238011627,9.853453864566199e-68,3.546468252508137e-29,0.9889761837618992
2024-11-14,0.002939843657468756,0.028015390349210603,0.013395585644284669,-0.12030307456149758,233.5397491455078,0.014122368722841953,3,3,0.9718935238744667,0.09240259013923226,0.028106476125524207,6.804188797290805e-67,6.404244913979746e-29,0.9718935238744667
2024-11-15,0.014122368722841953,0.028111582202751326,0.02021927970503282,0.1243219739920204,236.8612823486328,-0.0011421238135252993,3,3,0.9792699618814684,0.07276005487855303,0.020730038118450974,5.367923410042174e-67,8.540145367039916e-29,0.9792699618814684
2024-11-18,-0.0011421238135252993,0.02792859314215256,0.021425947949862145,-0.2410610412951359,236.5909118652344,-0.007948971140281017,3,3,0.9643997898653098,0.11087107064262271,0.03560021013459984,1.0726806110782406e-65,8.45419513146535e-29,0.9643997898653098
2024-11-19,-0.007948971140281017,0.02807123890002031,0.014809292438849148,-0.28707093575535536,234.71771240234372,-0.009548079500341733,3,3,0.9688089387863827,0.1001651235861107,0.03119106121366786,7.787856549072788e-67,9.119461780713587e-30,0.9688089387863827
2024-11-20,-0.009548079500341733,0.028193652074953637,0.024794423336530372,0.2830746278469377,232.48727416992188,0.016394556281714514,3,3,0.9840184404017801,0.059120206733826175,0.01598155959829306,1.4891215213363762e-68,1.67108720987854e-30,0.9840184404017801
2024-11-21,0.016394556281714514,0.02832868103934704,0.013809466247222436,-0.026048172500500243,236.3302154541016,0.015365898437744888,3,3,0.9833513896719291,0.06109268185957604,0.016648610327980273,5.891349534136803e-70,1.0772867154559734e-29,0.9833513896719291
2024-11-22,0.015365898437744888,0.028166777864735038,0.024622792363889475,-0.09377097675740735,239.98968505859372,0.006976197898718255,3,3,0.9829351374733711,0.062313558123481584,0.01706486252672549,4.302857932062527e-68,3.402896362537813e-29,0.9829351374733711
2024-11-25,0.006976197898718255,0.028095831372548733,0.020975668787517898,0.25259320882360004,241.6697540283203,-0.0012792565782429074,3,3,0.9824477225292809,0.06373369705247538,0.017552277470696154,4.2389730831030554e-67,4.943679482063521e-29,0.9824477225292809
2024-11-26,-0.0012792565782429074,0.027864664787047175,0.01064129155146413,-0.5051981905055415,241.3607940673828,-0.0007203965395185459,3,3,0.9640017117043075,0.11181677293569804,0.035998288295751975,2.326702040321172e-66,8.45339182710685e-29,0.9640017117043075
2024-11-27,-0.0007203965395185459,0.02790032771266234,0.009688130965972078,-0.12679999965311026,241.18698120117188,-0.00028030497111095526,3,3,0.9688640214265897,0.10002856481748619,0.031135978573422735,8.091620255899209e-67,6.230478458779523e-29,0.9688640214265897
2024-11-29,-0.00028030497111095526,0.027666484081557415,0.009290434538194213,0.00410318709007149,241.119384765625,-0.013993030227474723,3,3,0.9698783108293128,0.0975008781919981,0.030121689170616806,2.617503511464789e-66,3.8033141386413483e-28,0.9698783108293128
2024-12-02,-0.013993030227474723,0.028022587570904933,0.021197974500317258,0.48221537783588975,237.76889038085935,-0.00582391814328006,3,3,0.9869155475634356,0.05030460232309086,0.01308445243665248,6.32700299965603e-67,2.8761037258188697e-30,0.9869155475634356
2024-12-03,-0.00582391814328006,0.027779724302687978,0.018013186305807515,-0.2902434887432867,236.3881683349609,-0.005817130548185244,3,3,0.9627473464773844,0.11477534885182065,0.037252653522528295,9.310822706061999e-67,1.7379837661563697e-28,0.9627473464773844
2024-12-04,-0.005817130548185244,0.027884634167112954,0.012818448866943982,0.09842270555368134,235.01705932617188,0.008509293201172372,3,3,0.9735287674280819,0.08818706025122386,0.026471232571860865,2.1927504810345414e-66,4.6518349983383755e-29,0.9735287674280819
2024-12-05,0.008509293201172372,0.013283066519366525,0.010428538386627315,-0.11130250749329813,237.02542114257807,0.007629269785375278,2,2,0.7713173112236386,0.5019105959094149,0.10762581220420248,2.27496997263737e-30,0.7713173112236386,0.12105687657215704
2024-12-06,0.007629269785375278,0.008450296014995773,0.011723840346530453,-0.1745707666358788,238.84066772460935,-0.014455467227323701,1,1,0.9771394215647367,0.08534584493216331,0.00039912784629718526,0.9771394215647367,0.02020206393474787,0.002259386654241402
2024-12-09,-0.014455467227323701,0.009239465587784813,0.016857391622604797,0.24845592420573615,235.41294860839844,-0.0039041572285391604,1,1,0.9985416725195101,0.008083089295670514,1.5606805444164197e-05,0.9985416725195101,0.0014146493449457669,2.8071330049441203e-05
2024-12-10,-0.0039041572285391604,0.009097514897180749,0.023635038617880175,0.2524066505437064,234.4956512451172,0.002755002674862365,1,1,0.9987649021071915,0.007183954596894183,5.813000708561059e-05,0.9987649021071915,0.0011228935860927594,5.407429956317367e-05
2024-12-11,0.002755002674862365,0.009108431140324313,0.008582152536262141,-0.14429996206482557,235.142578125,-0.008246465826795233,1,1,0.9998688327489547,0.0009592775792218541,1.1533594343187676e-06,0.9998688327489547,0.0001255114242096853,4.502467332750038e-06
2024-12-12,-0.008246465826795233,0.00921494644408188,0.012669286767060911,-0.25433761254600046,233.21145629882807,-0.0066047701015281846,1,1,0.9996079540952041,0.00253896890253117,3.330617030542437e-06,0.9996079540952041,0.0003821428147008508,6.572473104156467e-06
2024-12-13,-0.0066047701015281846,0.009305567542537491,0.014920404245344333,0.5305551254824252,231.6762237548828,-0.0015016076783265207,1,1,0.9996588428304257,0.002267171251908262,4.550343915741949e-06,0.9996588428304257,0.00032387302266025195,1.2733802935884688e-05
2024-12-16,-0.0015016076783265207,0.008655296914298546,0.013147983439392798,-0.14032980975970108,231.3285980224609,-0.005105107375249435,1,1,0.9999332776099475,0.0005250315918120115,1.1219212981932467e-06,0.9999332776099475,6.201821241580393e-05,3.58225644581763e-06
2024-12-17,-0.005105107375249435,0.008699591178996522,0.01002684755633708,-0.1109365089854046,230.1506500244141,-0.034095477159058044,1,1,0.999928401957583,0.0005600682234563776,8.773049024949784e-07,0.999928401957583,6.622926121771602e-05,4.491476267586594e-06
2024-12-18,-0.034095477159058044,0.01131126124544787,0.041411680110810194,0.3369457465755358,222.43582153320312,0.011180101746472573,0,0,0.6914903760754568,0.46628929646060635,0.6914903760754568,5.95460075119084e-07,0.005726563098879091,0.30278246536567605
2024-12-19,0.011180101746472573,0.01159559234432639,0.017556645862026498,0.040536501923456876,224.93663024902344,0.01972182343946492,2,2,0.772094274699047,0.44105778952316826,0.20735836492246743,0.0016199363807363168,0.772094274699047,0.018927423997647495
2024-12-20,0.01972182343946492,0.011888292216280348,0.03207074991680224,1.0092449943210908,229.4168243408203,0.0033193135242805556,2,2,0.8566636345031721,0.3392599912516417,0.12301799683637345,0.000140700690429072,0.8566636345031721,0.02017766797008876
2024-12-23,0.0033193135242805556,0.011279192837974728,0.015688536616261264,-1.3234660413883756,230.1795959472656,0.01630989881261792,2,2,0.960998019892155,0.14270989634874034,0.026038217378074734,0.008602677135248232,0.960998019892155,0.004361085594614598
2024-12-24,0.01630989881261792,0.011852444583771025,0.014114143879343405,-0.8369316016155693,233.96458435058597,0.0034196109599786764,2,2,0.9917311707500971,0.03856131550238753,0.0027311990370436513,0.005478793987407304,0.9917311707500971,5.883622550985263e-05
2024-12-26,0.0034196109599786764,0.011906007187228961,0.01015876131818528,0.1771415910962778,234.7660217285156,-0.008135435850590041,2,2,0.9817953650916147,0.0667645563177895,0.0003130924890099421,0.017891041971120084,0.9817953650916147,5.004482196098254e-07
2024-12-27,-0.008135435850590041,0.011999302770213159,0.013890641990919892,0.2524419253571062,232.8638458251953,-0.007700450468420928,2,2,0.9874584362463091,0.04980274905315224,0.0003672798208285934,0.012173910605156381,0.9874584362463091,3.73327809006021e-07
