Date,log_return,rolling_volatility_20,daily_range,volume_change,current_close,next_log_return,state_viterbi_past_only,state_posterior_argmax,posterior_confidence,posterior_entropy,p_state_0,p_state_1,p_state_2,p_state_3
2023-05-10,0.005058388882890097,0.011704985524388778,0.01892095053303837,0.2397764835045724,167.8836212158203,-0.007712702880323156,0,0,0.9972276581621667,0.015165459449027715,0.9972276581621667,0.0013555501810686215,0.0014154606142050693,1.33104257847804e-06
2023-05-11,-0.007712702880323156,0.011356647050461029,0.009649263871681938,-0.05257528137435838,166.59376525878906,-0.0020243249473441264,0,0,0.9972046278269561,0.014338453691325862,0.9972046278269561,0.0026286537523268175,0.0001629619672236268,3.7564534914152947e-06
2023-05-12,-0.0020243249473441264,0.011205227189549836,0.014821750806448906,-0.23779962013061332,166.25686645507812,0.012142148676574989,0,0,0.9927942846666437,0.03227576967869391,0.9927942846666437,0.006626348787407444,0.0005789734329808263,3.931129815519923e-07
2023-05-15,0.012142148676574989,0.011164619998309738,0.016530340098269636,0.17503921118921661,168.2878875732422,-0.014692984098268184,0,0,0.9952545592499281,0.023769568005553052,0.9952545592499281,0.003416677947903653,0.001327099974117171,1.6628280603788896e-06
2023-05-16,-0.014692984098268184,0.011556066651157408,0.014975631816435384,-0.004002239339018568,165.83331298828125,0.022044409692769242,0,0,0.99820328541255,0.010335080777571993,0.99820328541255,0.0011861757563329635,0.0006068795571805375,3.659273940742098e-06
2023-05-17,0.022044409692769242,0.0127074013150585,0.02464226923810019,0.456776849792271,169.52960205078125,0.0060571562230988495,0,0,0.9489588363275376,0.1454620894415438,0.9489588363275376,1.019441961000434e-06,0.051032872355916505,7.271874607540755e-06
2023-05-18,0.0060571562230988495,0.012742777221385672,0.014391348364031178,-0.227688069316134,170.55958557128906,-0.006113771999338522,0,0,0.9994194954586897,0.003926785000011623,0.9994194954586897,0.0002077557233798592,0.00031597698654802034,5.6771831391740116e-05
2023-05-19,-0.006113771999338522,0.012809447957662505,0.020668896581870103,0.11964613048500969,169.52000427246094,0.012134282012447657,0,0,0.9990496583422258,0.00566227889373087,0.9990496583422258,7.876369128485773e-05,0.0008694364201412973,2.1415463360722474e-06
2023-05-22,0.012134282012447657,0.013112147655709313,0.016717216863898463,-0.19604319544554305,171.58953857421875,-0.004723420958939694,0,0,0.9996375755624177,0.0024091254050566772,0.9996375755624177,2.734366520324715e-05,0.00033368010184714166,1.4006705590268165e-06
2023-05-23,-0.004723420958939694,0.011774980162704191,0.01775444667452225,0.14806994762053677,170.7809600830078,-0.010652752139909502,0,0,0.997808241748145,0.012258180546809036,0.997808241748145,0.0014829229026506348,0.0007083083517919847,5.269974043548325e-07
2023-05-24,-0.010652752139909502,0.011823577654080172,0.011792226292527009,-0.12921120436430483,168.97132873535156,-0.007835047999736673,0,0,0.9988324098826395,0.006937038449581597,0.9988324098826395,0.0009538407719460664,0.00021212174215988477,1.6276032558626206e-06
2023-05-25,-0.007835047999736673,0.011629340114924575,0.016248503535663927,0.2306949316961334,167.65260314941406,0.011304102892108904,0,0,0.9968921751679771,0.01638702622950605,0.9968921751679771,0.0024003564149695372,0.0007071039927013673,3.6442435610306035e-07
2023-05-26,0.011304102892108904,0.011743705650417902,0.013397676367439623,-0.19323759938673304,169.5585174560547,-0.0036968275513176237,0,0,0.9984118220009722,0.009078278777065721,0.9984118220009722,0.001298421428233551,0.0002885783882818596,1.1781825104537563e-06
2023-05-30,-0.0036968275513176237,0.011776685211174157,0.01589748458644943,-0.15437187427819032,168.93284606933594,-0.009906389811669613,0,0,0.9978433813555551,0.011911759494108972,0.9978433813555551,0.0016985752996479652,0.0004575635879098192,4.797568739486336e-07
2023-05-31,-0.009906389811669613,0.010991809954427221,0.021004740788067217,0.30229753358925743,167.26759338378906,0.010760676020053971,0,0,0.9927843309789488,0.03445296120603114,0.9927843309789488,0.003323749563101051,0.003890931139165489,9.883188001883614e-07
2023-06-01,0.010760676020053971,0.011208388491564716,0.01884436625334299,-0.21875060510803554,169.0772247314453,0.03562319952746576,0,0,0.9966724141656987,0.01753682553684666,0.9966724141656987,0.000891536528654627,0.0024251825680131605,1.0866737643650559e-05
2023-06-02,0.03562319952746576,0.013238128288938408,0.025491700256763943,0.5911936138741645,175.2088623046875,-0.013495856573558767,2,2,0.6280715448240627,0.47699281639700675,0.3717840673114879,8.205341923839981e-10,0.6280715448240627,0.00014438704393173444
2023-06-05,-0.013495856573558767,0.012846627124284233,0.01570326337385111,-0.37629448012506705,172.8601531982422,0.02599835775959251,0,0,0.9840821042850705,0.06404254678645682,0.9840821042850705,0.0001892643571522461,0.013693390602797626,0.002035240755004677
2023-06-06,0.02599835775959251,0.013925164027516023,0.03271669533916056,0.5305026284534858,177.4131622314453,0.018537524916971502,2,2,0.690892343128387,0.4559866543637564,0.3067700550836572,1.6192967632895614e-11,0.690892343128387,0.002337601771774772
2023-06-07,0.018537524916971502,0.014276393464635285,0.015007463555625196,0.03523628115560695,180.73263549804688,-0.0037456208397624474,0,0,0.9932823848768155,0.03236326773036948,0.9932823848768155,1.9220842365020637e-06,0.002749215412665246,0.003966477626289066
2023-06-08,-0.0037456208397624474,0.01437549206741025,0.01324113492871435,-0.5739194862657139,180.05694580078125,-0.008127710356480432,0,0,0.9996678040342589,0.002305905350456435,0.9996678040342589,5.5576973713709336e-06,0.00025207925370462203,7.455901468844605e-05
2023-06-09,-0.008127710356480432,0.014392818186549238,0.011673802498836138,-0.12254865137792287,178.59942626953125,0.00415302862508576,0,0,0.9999617013880479,0.0003226811019639674,0.9999617013880479,1.557682591435933e-06,3.256058862567994e-05,4.180340741822706e-06
2023-06-12,0.00415302862508576,0.014334658806434796,0.013239996849692471,-0.1290604357434698,179.3426971435547,0.01139870115926849,0,0,0.9999578034233044,0.0003467830395724133,0.9999578034233044,3.573397897914287e-06,3.842270704080234e-05,2.0047175918535407e-07
2023-06-13,0.01139870115926849,0.014312802678952442,0.014420217957191271,0.29660174922360155,181.39866638183597,-0.01080679253015896,0,0,0.9997934295154774,0.0014244645086339172,0.9997934295154774,2.661807958775768e-06,0.0002037594349591339,1.4924158110504743e-07
2023-06-14,-0.01080679253015896,0.014073609736177968,0.02522727313765395,0.03721733785158563,179.44888305664062,0.008195999491850011,0,0,0.9973058898404552,0.01344917334806265,0.9973058898404552,5.711567018539787e-07,0.002692598645870389,9.403569812859138e-07
2023-06-15,0.008195999491850011,0.01346372672412971,0.014191227205841083,-0.01700254946201856,180.9256896972656,-0.008034792959235268,0,0,0.9998662254551309,0.001019388961923976,0.9998662254551309,2.875290150714414e-05,0.00010114143624528862,3.88020708851908e-06
2023-06-16,-0.008034792959235268,0.013676308745699375,0.018608189031069217,0.3286257420766377,179.47781372070312,-0.004365737377286213,0,0,0.9994622957620362,0.0033679616296520415,0.9994622957620362,1.8840797121034174e-05,0.0005186557031376625,2.0773768372305193e-07
2023-06-20,-0.004365737377286213,0.013623521614012393,0.009776982496859567,-0.42098509410108337,178.6959686279297,-0.0023253859180354056,0,0,0.9999169580741453,0.0006602333946504181,0.9999169580741453,2.196280085669855e-05,6.034140423268933e-05,7.377207512009549e-07
2023-06-21,-0.0023253859180354056,0.013475793171966371,0.012560949445325764,-0.07938916541379319,178.28091430664062,-0.007445170592222416,0,0,0.9999078243310073,0.0007290007031053687,0.9999078243310073,3.4557932502726554e-05,5.7477679625805115e-05,1.4005685959394248e-07
2023-06-22,-0.007445170592222416,0.013559817994676855,0.00960014448948628,-0.12705253783826875,176.95851135253906,-0.015169027084559144,0,0,0.9999530680694837,0.0003910086772508348,0.9999530680694837,1.1439210630904005e-05,3.5280750993042595e-05,2.1196892059855928e-07
2023-06-23,-0.015169027084559144,0.01381294385838633,0.013069726502885298,0.625957814537101,174.2944793701172,0.000996127662651313,0,0,0.9981523679518539,0.009744696024404644,0.9981523679518539,4.797315177227344e-06,0.0018427409540913032,9.377887895681369e-08
2023-06-26,0.000996127662651313,0.013637147199880024,0.013112090600147114,-0.47391285307921616,174.4681854248047,0.014336546888039316,0,0,0.9997874282165246,0.001526083594534649,0.9997874282165246,3.6168821929862574e-05,0.00017492549472819947,1.4774668342337822e-06
2023-06-27,0.014336546888039316,0.01376240901079712,0.019579033511832423,-0.08921035608597112,176.9874725341797,0.0048964117875225375,0,0,0.9994113969072174,0.003594423065408463,0.9994113969072174,1.8002610179398602e-06,0.0005862520237128486,5.50808071039003e-07
2023-06-28,0.0048964117875225375,0.01370447817524251,0.012482378814314375,-0.21741029892612143,177.856201171875,0.011440075984448088,0,0,0.9999261710822398,0.0005940413745240251,0.9999261710822398,2.0268691263416933e-05,5.281898081398845e-05,7.412456746730743e-07
2023-06-29,0.011440075984448088,0.013511238847456935,0.01421831251125702,0.32474292729135473,179.90257263183594,0.004763492039411493,0,0,0.9996025581879199,0.0025995889095250676,0.9996025581879199,2.4773773807635964e-05,0.00037248981433167354,1.7822394622008561e-07
2023-06-30,0.004763492039411493,0.0134110915463543,0.008116564206729323,-0.05763209758156543,180.76158142089844,0.0020272537554324645,0,0,0.9999529428353341,0.00039856588753600343,0.9999529428353341,2.0898725747130814e-05,2.515183685594838e-05,1.0066020569425519e-06
2023-07-03,0.0020272537554324645,0.011051202897906903,0.011190998737175582,-0.7708215141667708,181.1284027099609,-0.010015506684743845,0,0,0.9735621713698385,0.09744912812480493,0.9735621713698385,0.02134160207170354,0.005096191043422889,3.551505132519709e-08
2023-07-05,-0.010015506684743845,0.010825055986901855,0.0095274210576547,0.5419770173584613,179.3233642578125,-0.016279930158251816,0,0,0.9808223793653761,0.07538110064873026,0.9808223793653761,0.015346226449850195,0.0038181072565387116,1.3286928233212961e-05
2023-07-06,-0.016279930158251816,0.00995092678750269,0.01635849388955535,0.48374731186582826,176.42762756347656,0.010503902430470896,0,0,0.9410454758975046,0.17885621626627762,0.9410454758975046,0.05074559515169521,0.00819952046386763,9.40848692801354e-06
2023-07-07,0.010503902430470896,0.009291728005354043,0.019273524378663625,-0.20910328277664542,178.2905731201172,0.016963088377571385,0,0,0.9520552438665678,0.15673318558453764,0.9520552438665678,0.03808239493693601,0.00977628242418627,8.607877229605352e-05
2023-07-10,0.016963088377571385,0.010054678261906862,0.020705804496465783,-0.06453620827472115,181.3407287597656,0.01022085068197244,0,0,0.9860704589370423,0.057710995788852554,0.9860704589370423,0.0020455149149629995,0.01172832300511255,0.00015570314288641733
2023-07-11,0.01022085068197244,0.01007699647324137,0.012592198900000507,-0.1058761126653258,183.2036895751953,0.010847024219166251,0,0,0.9640506472286444,0.11455446804108979,0.9640506472286444,0.035164634395283036,0.0007373503851114592,4.736799093656434e-05
2023-07-12,0.010847024219166251,0.010286687338420747,0.008755970069964416,0.405941206602242,185.20172119140625,0.008045976228679913,0,0,0.9101898136694754,0.22593216265725063,0.9101898136694754,0.0874143621489948,0.0023859530016335046,9.871179919347567e-06
2023-07-13,0.008045976228679913,0.010145069187371191,0.009771478686488208,-0.534078234762781,186.69786071777344,-0.00981942944337951,0,0,0.7360878595626084,0.4203820749865182,0.7360878595626084,0.26307633212133086,0.0008328737247389082,2.934591348844284e-06
2023-07-14,-0.00981942944337951,0.010084560318786942,0.016707629235244263,0.3139443074273915,184.87356567382807,0.01064635703557064,0,0,0.564657773228205,0.5029218147786343,0.564657773228205,0.4334051410545808,0.0019354481767576595,1.6375404814110962e-06
2023-07-17,0.01064635703557064,0.010184718891765554,0.016633955936798586,-0.32416942840192786,186.8523101806641,0.012270684145359857,0,0,0.724658184129447,0.4382317155826525,0.724658184129447,0.2717946630438745,0.003539050613283878,8.102213378644812e-06
2023-07-18,0.012270684145359857,0.01018458272206967,0.014798152158086421,0.20179258353579835,189.15924072265625,0.00422628302920158,0,0,0.6851329820659527,0.4571533268472269,0.6851329820659527,0.31313773895143243,0.0017145260953788247,1.4752887255745866e-05
2023-07-19,0.00422628302920158,0.01005448061247111,0.008790706095025358,-0.18495754908378148,189.9603729248047,-0.00877806257137825,0,1,0.5872475392509203,0.48999974308224964,0.4125918452778532,0.5872475392509203,0.00015694137416483945,3.6740970771531452e-06
2023-07-20,-0.00877806257137825,0.010335857636081188,0.013686683124278632,0.1414956030615035,188.30018615722656,-0.003183229533612967,0,1,0.6655860648548905,0.4626205059409055,0.33386573174893536,0.6655860648548905,0.0005477047385243701,4.986576752971879e-07
2023-07-21,-0.003183229533612967,0.010157341896333005,0.013010381013817116,0.060604566742613726,187.7017364501953,0.0024651692414691955,1,1,0.8422784591939764,0.3156965469501236,0.15748547697715443,0.8422784591939764,0.00023537714875392695,6.866801325706173e-07
2023-07-24,0.0024651692414691955,0.009224554568220448,0.01164455209419715,-0.537613366472311,188.1650238037109,-0.00010266848873042291,1,1,0.9871489957059104,0.050392457616448096,0.012626123696607141,0.9871489957059104,0.00022483072492434093,4.987255782115921e-08
2023-07-25,-0.00010266848873042291,0.009245560689015388,0.009183298592945808,0.11331412929541758,188.1457061767578,0.007869641987003868,1,1,0.9988603504164201,0.006530619252383926,0.0010944626103717087,0.9988603504164201,4.507417635817764e-05,1.1279685378686023e-07
2023-07-26,0.007869641987003868,0.008965546940583354,0.01247071599570105,0.07206146826553415,189.63218688964844,-0.013013210312201427,1,1,0.9998457886571038,0.0011648149339624333,7.936439921732602e-05,0.9998457886571038,7.482379460164258e-05,2.3149069354677295e-08
2023-07-27,-0.013013210312201427,0.009679496208201972,0.02433994051810497,0.42466177576474806,187.18045043945312,0.012860717159512407,1,1,0.9451611945517028,0.15459245996044677,0.0002832990326559934,0.9451611945517028,0.054554424038442004,1.08237723535859e-06
2023-07-28,0.012860717159512407,0.009753064101110548,0.007381749235390387,-0.3658547859947985,189.603271484375,0.011540416069950833,1,1,0.9909661629835829,0.03823346258069749,0.008730435054414606,0.9909661629835829,0.00023513677748148362,6.826518447299855e-05
2023-07-31,0.011540416069950833,0.00994703239721013,0.009209409537637436,0.113255807145953,191.80404663085935,-0.0045902869198021995,1,1,0.9961512984689403,0.018777812990026174,0.0036533731201775655,0.9961512984689403,0.00019148263531841496,3.845775558907122e-06
2023-08-01,-0.0045902869198021995,0.01008890981706058,0.010920139680403203,0.12564471891697684,190.92562866210935,-0.013692919818458585,1,1,0.998464562343783,0.008631651507426095,0.0013898043104931788,0.998464562343783,0.00014532451861528126,3.0882714624494617e-07
2023-08-02,-0.013692919818458585,0.010361409256071744,0.010250627818889411,0.022888399219842207,188.32911682128903,-0.002822814461394124,1,1,0.996104949618395,0.019827345419899615,0.00309495265580526,0.996104949618395,0.0007985556026851349,1.5421230827066733e-06
2023-08-03,-0.002822814461394124,0.00948060158455624,0.013260700367133393,-0.14542275987717357,187.7982482910156,-0.002006635777564018,1,1,0.9993989563119701,0.0038556761328775984,0.0004927053571860204,0.9993989563119701,0.00010790296761136698,4.3536318975243697e-07
2023-08-04,-0.002006635777564018,0.009380160880063066,0.01339028103849653,0.027265718670462572,187.4217834472656,0.0006694074504875852,1,1,0.9998578465787622,0.0010809594788993545,5.961160961026006e-05,0.9998578465787622,8.249076917106673e-05,5.1042401667529176e-08
2023-08-07,0.0006694074504875852,0.008743630613329088,0.012249124268816833,-0.21195009982823962,187.5472869873047,-0.006298893208300489,1,1,0.999947878549659,0.0004193305641724831,4.3600442077216515e-06,0.999947878549659,4.773990934481669e-05,2.1496828565534814e-08
2023-08-08,-0.006298893208300489,0.008674614991726014,0.014346327881722564,0.23680067189529613,186.36965942382807,-0.007851242383515028,1,1,0.9999065604886803,0.0006971345029613466,1.0880812675353214e-06,0.9999065604886803,9.233919034718738e-05,1.2239676518751898e-08
2023-08-09,-0.007851242383515028,0.008547912941498767,0.011118676209097893,-0.13745872697099315,184.9121551513672,-0.004446843347606564,1,1,0.9999461204976104,0.000427411978968852,2.0628961481866977e-06,0.9999461204976104,5.1777717953804354e-05,3.888833543843731e-08
2023-08-10,-0.004446843347606564,0.008377752023968137,0.02217908819455212,0.27599162657074017,184.0917053222656,0.0014146241539688316,1,1,0.9961484609058808,0.018256229141373672,6.8549790679496205e-06,0.9961484609058808,0.003844465864683232,2.1825031360371684e-07
2023-08-11,0.0014146241539688316,0.008106559909738438,0.010209942364297975,-0.2988680705078064,184.3523101806641,-0.0017293123002834778,1,1,0.9999439575744528,0.0004660933956099255,3.0278379247151784e-05,0.9999439575744528,2.5172725440865523e-05,5.91320888272147e-07
2023-08-14,-0.0017293123002834778,0.007702027835569456,0.01080456057393406,-0.06808358614710483,184.0337829589844,-0.013305365894294712,1,1,0.9999827370149523,0.00015064998362083643,4.820624255078223e-07,0.9999827370149523,1.6774117091706067e-05,6.805506077016212e-09
2023-08-15,-0.013305365894294712,0.007546300208572985,0.008504337773499845,0.22501554833482296,181.6013641357422,-0.012300259571516025,1,1,0.999890228925093,0.0008025701409774086,2.6516241078564654e-07,0.999890228925093,0.0001094878478263989,1.806465342983178e-08
2023-08-16,-0.012300259571516025,0.007726841548020521,0.0174881622042809,0.058180897902890084,179.3813018798828,-0.011854333320327582,1,1,0.9995588113920507,0.0027915172401610593,3.1163896895224856e-06,0.9995588113920507,0.00043789097491620617,1.8124329772491229e-07
2023-08-17,-0.011854333320327582,0.007879846426149835,0.016934389946697,-0.011289166764598152,177.2674102783203,0.005430338592167067,1,1,0.9996000762142684,0.0025912574332387214,1.3321183695166127e-05,0.9996000762142684,0.0003859389125901845,6.636895002675854e-07
2023-08-18,0.005430338592167067,0.008102633096791729,0.017925792948844336,0.22258416059367103,178.23265075683594,-0.001463402629259103,1,1,0.9995836674859452,0.002677730949667097,1.1364604391543418e-05,0.9995836674859452,0.0004045917078849948,3.762017444618995e-07
2023-08-21,-0.001463402629259103,0.00802088510149483,0.011986068969261295,-0.38641340811197,177.97201538085938,-0.002987420068250274,1,1,0.9999370478034391,0.0004949328059874545,3.5635094014494094e-06,0.9999370478034391,5.9319947907644595e-05,6.873920856623915e-08
2023-08-22,-0.002987420068250274,0.007996016598071335,0.01267476368300333,-0.06273018777526353,177.44113159179688,0.010605555417605356,1,1,0.9999677320312731,0.0002661856806671449,5.847723549163389e-07,0.9999677320312731,3.166916142589296e-05,1.403490521872949e-08
2023-08-23,0.010605555417605356,0.008210993927884413,0.014424931543233842,-0.003202425480192554,179.3330078125,-0.013929218975991595,1,1,0.9998397461828924,0.0011300865620612818,9.232473301954799e-07,0.9998397461828924,0.00015930003229480433,3.0537538695256915e-08
2023-08-24,-0.013929218975991595,0.008273325509554785,0.017137863599651908,0.22477849292357896,176.85235595703125,0.004248096540924648,1,1,0.9994938946520516,0.003161152176596363,6.334947079484679e-06,0.9994938946520516,0.0004995977363178041,1.7266453779314758e-07
2023-08-25,0.004248096540924648,0.007610817731145963,0.01842390972635005,0.09871982511909583,177.60523986816406,0.00887349721096803,1,1,0.9995136984598241,0.0030771884312868337,1.3964771890104713e-05,0.9995136984598241,0.00047143855104754827,8.982172744349496e-07
2023-08-28,0.00887349721096803,0.00735682542505084,0.010396426859118322,-0.24338423721668093,179.188232421875,0.013855210465980998,1,1,0.9999706613609439,0.000249061159385037,2.652294557982594e-06,0.9999706613609439,2.6553920892820673e-05,1.3242358293385135e-07
2023-08-29,0.013855210465980998,0.008296218076763106,0.020188003395958172,-0.0006958337238226768,181.68820190429688,0.0037650168739991837,1,1,0.9823371191633432,0.06417362086585594,1.906129348693849e-05,0.9823371191633432,0.017642295399853555,1.5241433266349372e-06
2023-08-30,0.0037650168739991837,0.007966162171782445,0.012067316342943167,-0.1456793111081377,182.37355041503903,-0.001748007997850189,1,1,0.9998031898485721,0.0014390933474417455,0.00015233942394483324,0.9998031898485721,4.0397537684545e-05,4.07318985202478e-06
2023-08-31,-0.001748007997850189,0.007961150167510872,0.009172343576378434,-0.10142651179912275,182.05503845214844,0.011806411065613816,1,1,0.999982284311423,0.00015815533963954478,2.675068328975108e-06,0.999982284311423,1.501535425348222e-05,2.5266046615342984e-08
2023-09-01,0.011806411065613816,0.008500604537921879,0.010531802161671341,0.334873171510391,184.2171936035156,-0.02128869996604795,1,1,0.9998602242319304,0.0009973544503546223,3.0951303513391895e-07,0.9998602242319304,0.00013945848236117712,7.772659165310095e-09
2023-09-05,-0.02128869996604795,0.009634719903733059,0.016753142393339263,0.07909630101914486,180.3368988037109,-0.0037537708581800314,1,1,0.9919058097060064,0.03446373967555644,0.00013855505495819032,0.9919058097060064,0.007952457652417293,3.1775866494705167e-06
2023-09-06,-0.0037537708581800314,0.009591107568948572,0.01611776672916761,-0.028150153504312003,179.66122436523438,-0.009717806899419649,1,1,0.9986947711830748,0.007774255375125975,0.0009469755300454143,0.9986947711830748,0.00035047509196927616,7.778194903303326e-06
2023-09-07,-0.009717806899419649,0.009661574574288172,0.009710890940924831,-0.09993796902130982,177.92376708984375,-0.002226669611140921,1,1,0.9994689144271759,0.0035024319819820598,0.00038308042000263103,0.9994689144271759,0.00014710049423573103,9.046586280251152e-07
2023-09-08,-0.002226669611140921,0.009643828126976511,0.007503288911219184,-0.20843418880264603,177.5280303955078,0.0023895150905642185,1,1,0.99985134133133,0.0011227375603440957,9.624155793129433e-05,0.99985134133133,5.2262505269518366e-05,1.5460541255723726e-07
2023-09-11,0.0023895150905642185,0.009663456639338411,0.008244761702260437,-0.10733793338494964,177.95274353027344,-0.0009770417432884053,1,1,0.9999337428267079,0.0005383205446513332,2.204422687446644e-05,0.9999337428267079,4.416916417977278e-05,4.3782288866981156e-08
2023-09-12,-0.0009770417432884053,0.009665073047363472,0.008687104508376677,-0.03494560133644084,177.77896118164062,-0.006591370085989286,1,1,0.9999395263210538,0.00048475329410790945,8.104865186785285e-06,0.9999395263210538,5.2330440398859486e-05,3.837339145719867e-08
2023-09-13,-0.006591370085989286,0.009353396535233286,0.01360881825737408,0.37228322948247466,176.6110076904297,0.014002308222398663,1,1,0.9998002670752949,0.001381691993847656,2.661495729846319e-06,0.9998002670752949,0.00019705700546736115,1.4423511180633336e-08
2023-09-14,0.014002308222398663,0.009585355956902011,0.009862580441694703,0.1352802730377274,179.1013641357422,-0.010510427297518074,1,1,0.9997417208354558,0.001789152280645702,2.6254971108766304e-05,0.9997417208354558,0.0002315542782677416,4.699151392514846e-07
2023-09-15,-0.010510427297518074,0.009502812262929546,0.012417700727121476,0.3507311901032031,177.22879028320312,-0.00666676161759141,1,1,0.9996501824329865,0.002322252718204664,2.28167609294472e-05,0.9996501824329865,0.00032684560103709057,1.5520505914186213e-07
2023-09-18,-0.00666676161759141,0.009523217996266695,0.0076210285339107006,-0.7217650594589141,176.05117797851562,-0.0039003166489379217,1,1,0.9995700730780177,0.002764426146725144,1.6228744919880775e-05,0.9995700730780177,0.0004136338932095505,6.428389596291191e-08
2023-09-19,-0.0039003166489379217,0.009550185663336885,0.012274305468068916,0.22215383535657324,175.36585998535156,-0.010068197912573391,1,1,0.9998678316837739,0.0009937909116620846,2.4768235005542174e-05,0.9998678316837739,0.00010722284739032798,1.772338181827595e-07
2023-09-20,-0.010068197912573391,0.009766770851330635,0.020515885522602653,0.13774230676066998,173.60910034179688,-0.01563356591033054,1,1,0.9954639249250847,0.021225129427024706,8.35893536668766e-05,0.9954639249250847,0.004451814883569082,6.708376950567792e-07
2023-09-21,-0.01563356591033054,0.009874543072006975,0.00954417525675473,0.1345980053988094,170.91607666015625,-0.0022616080564083225,1,1,0.9958425892920566,0.021304154794077473,0.0030630196069839277,0.9958425892920566,0.0010473155949535763,4.707550597575908e-05
2023-09-22,-0.0022616080564083225,0.009495147777881996,0.01024507600245115,-0.3113373509869589,170.52996826171875,0.004461815623588785,1,1,0.9995089014991334,0.0032004018246541864,0.00042178105572970935,0.9995089014991334,6.855205630508775e-05,7.653888788527295e-07
2023-09-25,0.004461815623588785,0.00950245401209826,0.013073409424352617,-0.0328456564594904,171.29254150390625,-0.01294077529376005,1,1,0.9998390308303825,0.0012092084324923636,6.613010114248362e-05,0.9998390308303825,9.479155887498735e-05,4.750963780943694e-08
2023-09-26,-0.01294077529376005,0.009463560928259184,0.01565732379428569,0.30715557685748496,169.0901641845703,0.009305132461862107,1,1,0.9993330882758503,0.004080117928440887,2.6559895697099587e-05,0.9993330882758503,0.0006402611062197406,9.072223474594248e-08
2023-09-27,0.009305132461862107,0.009086750289568023,0.014034808141477123,0.2018661528669248,170.67091369628906,0.00899396082768786,1,1,0.9997708458958825,0.0016192941282136344,3.165380866855303e-05,0.9997708458958825,0.00019706394302110286,4.363524089460713e-07
2023-09-28,0.00899396082768786,0.009366429520574579,0.014641322652925793,-0.1728771159854225,172.2128448486328,-0.004741449138154621,1,1,0.9996335300095448,0.0024351028367875283,3.169736140647773e-05,0.9996335300095448,0.00033451084166672036,2.617874381025684e-07
2023-09-29,-0.004741449138154621,0.009371534860096365,0.01703072124064985,0.15654845712055224,171.3982391357422,-0.015222252381807232,1,1,0.9996354459643627,0.0024250078753981713,3.231138517790787e-05,0.9996354459643627,0.0003319939178964343,2.487325427570043e-07
2023-10-02,-0.015222252381807232,0.009065407896027089,0.0205664484427042,0.13850381432957493,168.80892944335938,-0.016975685484622804,1,1,0.9937722359544755,0.027805060001973143,0.00014317385334238722,0.9937722359544755,0.0060814621560795565,3.1280361051445245e-06
2023-10-03,-0.016975685484622804,0.008685011722017293,0.018289148615024602,0.014004699106206763,165.96746826171875,0.0004675814785237269,1,1,0.9957014188373232,0.02198457445129815,0.0011871671344196933,0.9957014188373232,0.003067761039393455,4.3652988829140404e-05
2023-10-04,0.0004675814785237269,0.008746271309903112,0.01471793163470805,-0.005672026517768337,166.0450897216797,0.0007588603459973414,1,1,0.9997576779571656,0.0017513731281158477,0.00015096705535084991,0.9997576779571656,8.984815799754022e-05,1.506829485120249e-06
2023-10-05,0.0007588603459973414,0.008695644542520814,0.011438525738330345,-0.24180302602704803,166.171142578125,0.009583331474426025,1,1,0.9999540127474114,0.00037933701672012804,7.4578159579127595e-06,0.9999540127474114,3.85027032244607e-05,2.6733353378322758e-08
2023-10-06,0.009583331474426025,0.009168839582428355,0.025317947299494218,0.23398280775005106,167.77127075195312,0.005763772667861586,1,1,0.6173690115298333,0.48161830227288166,0.0002628848116047881,0.6173690115298333,0.382354800196133,1.3303462401237332e-05
2023-10-09,0.005763772667861586,0.009299972909887958,0.015977004478717673,-0.4583889533079951,168.74105834960938,0.011258061495996197,1,1,0.9067416224973055,0.26212402307384897,0.07157610557242325,0.9067416224973055,0.021067356420460183,0.0006149155098625256
2023-10-10,0.011258061495996197,0.009805040969800833,0.015684460349433813,0.1695780264048244,170.6514892578125,-0.0017063292096136705,1,1,0.9532373751889118,0.14124696236748238,0.04527420727140851,0.9532373751889118,0.0013968820614472177,9.153547824977867e-05
2023-10-11,-0.0017063292096136705,0.009746519935350997,0.016223549122973576,-0.14114710262823713,170.3605499267578,-0.022858439396067045,1,1,0.9831200997070022,0.06335874817686606,0.01640138229146122,0.9831200997070022,0.00047454446494074967,3.973536634888595e-06
2023-10-12,-0.022858439396067045,0.010080172288962228,0.029644797246059576,0.3441441587604962,166.5105438232422,-0.008363263466332878,2,2,0.8866978539010786,0.28608874127186784,0.09927540619733795,0.013879864573070146,0.8866978539010786,0.0001468753284763362
2023-10-13,-0.008363263466332878,0.010014420014576812,0.017677773132720634,-0.13062559162710982,165.123779296875,0.01602169767714835,0,0,0.8436464910905779,0.40473993856817997,0.8436464910905779,0.08857724532975664,0.06166680084195385,0.006109462737705992
2023-10-16,0.01602169767714835,0.010888203171877395,0.013697809840851593,-0.08655098858499849,167.7906494140625,0.011093148408616143,0,0,0.9787083783867911,0.08028130410107595,0.9787083783867911,0.01915964991225359,0.0014428367904031694,0.0006891349105427333
2023-10-17,0.011093148408616143,0.011288482177865631,0.025835978001177966,0.24594685676373607,169.66233825683594,-0.020791979652034574,0,0,0.9777394420482577,0.07793760745112922,0.9777394420482577,7.98107808933387e-05,0.02204945056807977,0.00013129660271690407
2023-10-18,-0.020791979652034574,0.011944823303186912,0.01552380255243422,-0.03375505276558938,166.171142578125,-0.016060694898437887,0,0,0.9984779784316299,0.008844150857526644,0.9984779784316299,0.00013988592658913517,0.0012662519760185142,0.00011588366571625625
2023-10-19,-0.016060694898437887,0.01197047986317143,0.02247653538062816,0.288891037629573,163.5236358642578,-0.013012643311110067,0,0,0.9954336842886009,0.021593560411787404,0.9954336842886009,0.00016495738964847516,0.004392903352771082,8.454968976967624e-06
2023-10-20,-0.013012643311110067,0.012211845686682387,0.015621281334881826,0.05718100448179238,161.4095458984375,-0.008507522359372865,0,0,0.9992301600908721,0.00494592196685791,0.9992301600908721,0.0003246583910153301,0.00043629301785691623,8.888500229799164e-06
2023-10-23,-0.008507522359372865,0.012153030422778925,0.017027284967388187,-0.17705851117852137,160.04217529296875,0.00868778361958478,0,0,0.9988669141080162,0.006924817036783494,0.9988669141080162,0.0004859538834063724,0.0006460512056195335,1.0808029450782151e-06
2023-10-24,0.00868778361958478,0.012221175930981919,0.013275613857587203,-0.33336416975213395,161.4386444091797,-0.016657658753275312,0,0,0.9991370894518764,0.005396179499215358,0.9991370894518764,0.0006063086466171849,0.00025587905679327856,7.228447585214228e-07
2023-10-25,-0.016657658753275312,0.01230051078887982,0.013804115250270421,0.12004750206493957,158.771728515625,0.002562243021019226,0,0,0.9994924214325567,0.0033622661913426887,0.9994924214325567,0.00013858765913689886,0.00036819999898276943,7.90909269905451e-07
2023-10-26,0.002562243021019226,0.012034757363952816,0.01565741034345848,0.31608867101381577,159.17906188964844,-0.011827965484731955,0,0,0.997769427665046,0.012438341113151164,0.997769427665046,0.0015244238170285939,0.000705679070141252,4.694477680288585e-07
2023-10-27,-0.011827965484731955,0.012163380980515861,0.01948094156535923,-0.09346707198676868,157.30738830566406,0.005532957881935736,0,0,0.998407648962841,0.009045445847548256,0.998407648962841,0.00024050355995421162,0.0013500321770989127,1.8153000614437706e-06
2023-10-30,0.005532957881935736,0.01206652900235405,0.017595457706137484,-0.2692092324816532,158.18017578125,0.008607524820826211,0,0,0.9986745216221501,0.007912823599202892,0.9986745216221501,0.0004489578516820981,0.0008745859361869638,1.934589971642128e-06
2023-10-31,0.008607524820826211,0.011889815436191536,0.013129124763042198,-0.10876287500903108,159.54759216308594,0.005697335890926806,0,0,0.9985963212206742,0.008092551303515787,0.9985963212206742,0.0011966385541312742,0.00020562700562402075,1.4132195522200376e-06
2023-11-01,0.005697335890926806,0.01200326958866045,0.015109391384972519,0.3414572447266965,160.4591827392578,0.026303808509304024,0,0,0.9975231746810491,0.013650407636808292,0.9975231746810491,0.0016404994748648667,0.0008359863510578921,3.3949301058463627e-07
2023-11-02,0.026303808509304024,0.013540567970730902,0.015717891597650146,0.12864508513932774,164.73587036132812,0.026834243083297897,0,0,0.9990322551138341,0.005580015651375482,0.9990322551138341,7.429928060744661e-07,0.0009591692211400419,7.832672168810784e-06
2023-11-03,0.026834243083297897,0.014711102457805861,0.016447905477886736,0.12297232458140024,169.21627807617188,-0.012572483793378057,0,0,0.9993809423219642,0.003791275389342823,0.9993809423219642,2.202057824139425e-08,0.0006059174816149886,1.3118175876791343e-05
2023-11-06,-0.012572483793378057,0.014930849121879114,0.019673840390460648,-0.48039130237046773,167.1021270751953,-0.003546531193985701,0,0,0.9979653978093309,0.010580444517775045,0.9979653978093309,2.7546035702880974e-07,0.0020312592042414,3.067526035619968e-06
2023-11-07,-0.003546531193985701,0.014682787001023495,0.011298702487467041,-0.12430350831468236,166.5105438232422,-0.010715228095934247,0,0,0.999973260577081,0.0002341715545097692,0.999973260577081,9.216323622545805e-07,2.106235407295791e-05,4.755436535364443e-06
2023-11-08,-0.010715228095934247,0.014835620075375387,0.016659809927600022,0.36587631081070615,164.73587036132812,-0.015603315510201622,0,0,0.999769133381654,0.0015654035354738883,0.999769133381654,6.275998394734215e-07,0.00023002115561772545,2.1786288423970715e-07
2023-11-09,-0.015603315510201622,0.014371935941179071,0.02421671202302942,-0.15263050084865468,162.18539428710938,0.011119266577988498,0,0,0.9963967334611015,0.017230073387578763,0.9963967334611015,2.1362012441037285e-07,0.0036012868533419617,1.7660654747671315e-06
2023-11-10,0.011119266577988498,0.01452853627118813,0.0172669470592837,-0.06578389373353809,163.99884033203125,0.000354706438561664,0,0,0.9998494204058103,0.0010881932452181961,0.9998494204058103,8.312194632341991e-07,0.00014297649351996018,6.7718811691651216e-06
2023-11-13,0.000354706438561664,0.014013033914894134,0.013300230681287757,-0.2686938275303334,164.05702209472656,0.053460515404669375,0,0,0.9999284181617996,0.0005672765458526229,0.9999284181617996,1.0285225205934986e-05,6.09488874415797e-05,3.4772558130935026e-07
2023-11-14,0.053460515404669375,0.018455487920366585,0.023814859576993138,1.0335202782091173,173.06626892089844,0.001735301523936283,2,2,0.9996651924215023,0.0021854052379194915,0.00033209832966753407,3.2871282988728357e-22,0.9996651924215023,2.709248830652981e-06
2023-11-15,0.001735301523936283,0.017729068577087205,0.020417261337206758,-0.26335920592111817,173.36685180664062,-0.01629788298466261,0,0,0.9789479408961415,0.07936721946557714,0.9789479408961415,2.103692827010731e-10,0.0026257357081076902,0.018426323185422824
2023-11-16,-0.01629788298466261,0.017741944525152393,0.01972936732072051,-0.2463911177679826,170.56423950195312,0.01360956776528247,0,0,0.9899858492730419,0.04096852791644576,0.9899858492730419,1.8453235018651e-11,0.00013790270619417355,0.009876248002278716
2023-11-17,0.01360956776528247,0.017545407522051148,0.008581517959010864,-0.07106862214927372,172.9014129638672,0.005816117057667757,0,0,0.9938199079075365,0.02713387635241018,0.9938199079075365,1.5517884877812824e-11,2.245089728206832e-06,0.006177846987260067
2023-11-20,0.005816117057667757,0.017323034420101927,0.01065069081480129,-0.48753462960224786,173.9099578857422,-0.012964818739986237,0,0,0.999349161760059,0.003938599934583976,0.999349161760059,2.576587094831075e-10,5.994582178522042e-06,0.0006448434001175914
2023-11-21,-0.012964818739986237,0.01769740373149087,0.009038474783132031,0.13296025851393334,171.6697998046875,0.0062508704242485846,0,0,0.9990727192656276,0.005361180117005182,0.9990727192656276,2.0218923475176246e-12,4.768249749591389e-06,0.0009225124826512862
2023-11-22,0.0062508704242485846,0.017083929009562203,0.011059345234954335,-0.05106003324892147,172.74624633789062,0.00671394831573755,0,0,0.9998131736661986,0.001306087610226605,0.9998131736661986,2.9287270927747833e-10,4.134147128536306e-06,0.0001826918937488453
2023-11-24,0.00671394831573755,0.01708797659138225,0.01076224087478391,-0.7371944386793263,173.9099578857422,-0.0033513835477705827,0,0,0.9999581192139874,0.0003484279015467029,0.9999581192139874,1.2642006240696613e-09,3.4854089207858096e-05,7.025432609424575e-06
2023-11-27,-0.0033513835477705827,0.01676571350784188,0.010518687001360596,0.795086646246411,173.32809448242188,-0.003867943796199461,0,0,0.9982143390754399,0.009447381121306334,0.9982143390754399,6.58101409971737e-10,0.001784011000244044,1.6492661828999424e-06
2023-11-28,-0.003867943796199461,0.016876948700432604,0.011345789421675245,-0.07851394228942123,172.65896606445312,0.00526565290019958,0,0,0.9999777335688756,0.00019691588543517468,0.9999777335688756,5.696984520173778e-10,5.268711984554339e-06,1.6997149433793004e-05
2023-11-29,0.00526565290019958,0.01684940274789012,0.01704102762635455,0.10821286108879638,173.57052612304688,0.0037921459196918824,0,0,0.9999675769023018,0.00026996045110306985,0.9999675769023018,1.280233199580325e-09,3.0723417473172084e-05,1.69840002663064e-06
2023-11-30,0.0037921459196918824,0.016845949046455956,0.010464237139548698,0.019641109710865256,174.22998046875,0.02880295454230213,0,0,0.9999944364463015,5.4353219132844967e-05,0.9999944364463015,5.822827884062544e-10,4.6612170966969545e-06,9.017543226103336e-07
2023-12-01,0.02880295454230213,0.0170274769280538,0.037693936638768834,0.6898468757492027,179.3212890625,0.010651124540563259,2,2,0.9649826270866818,0.10950072254988563,0.03501468688256771,4.558859514473518e-18,0.9649826270866818,2.686030796473012e-06
2023-12-04,0.010651124540563259,0.016264799331674646,0.015891707584154906,-0.3587304458670643,181.2414703369141,-0.013467203056682914,0,0,0.9934342264980282,0.03110624507389162,0.9934342264980282,2.7720371022633126e-08,0.0015421795047709122,0.005023566276791524
2023-12-05,-0.013467203056682914,0.016312299058517922,0.011226245084173407,-0.1961113496378869,178.8170166015625,-0.0017913539997521841,0,0,0.9988835832751005,0.006332159207038798,0.9988835832751005,1.466490638328435e-09,1.3593160485098613e-05,0.001102822097920626
2023-12-06,-0.0017913539997521841,0.016277713596011618,0.02243836215143789,0.16843290295058921,178.49697875976562,0.007199967561289569,0,0,0.9996889804412145,0.0021557202734532074,0.9996889804412145,5.338725617843258e-09,0.00024110096722477174,6.991325287081434e-05
2023-12-07,0.007199967561289569,0.01594523022573762,0.011705044371807952,-0.28970453121912065,179.7867889404297,0.007576736042700561,0,0,0.9999844342354012,0.00014232918298401773,0.9999844342354012,2.328209031458416e-08,1.1154360609956579e-05,4.388121842328614e-06
2023-12-08,0.007576736042700561,0.015243938574274838,0.015471088556929302,0.09971395315922457,181.15415954589844,0.0020857404073937377,0,0,0.9999455122742675,0.0004273682291460719,0.9999455122742675,2.0596999475481643e-07,5.401533592045069e-05,2.664198014256491e-07
2023-12-11,0.0020857404073937377,0.015203403156369479,0.009241923740455004,-0.20827627494757456,181.5323944091797,-0.0010155692605742016,0,0,0.9999910589558103,8.283565529101695e-05,0.9999910589558103,1.5927591945161192e-07,8.526168980743158e-06,2.555992409455081e-07
2023-12-12,-0.0010155692605742016,0.015228878570106356,0.012406456279244348,0.08882643588064264,181.3481292724609,0.03328998032676254,0,0,0.9999773844370423,0.00019214118662747446,0.9999773844370423,2.0587654118124815e-07,2.2306014501075196e-05,1.0367191188945733e-07
2023-12-13,0.03328998032676254,0.012222557829803457,0.04122485462793235,0.7746224019250688,187.48681640625,0.02744812128408936,2,2,0.9997783312903524,0.0015075543268839886,0.00022124478823497704,1.181401458704331e-18,0.9997783312903524,4.239213893170938e-07
2023-12-14,0.02744812128408936,0.013278332678510871,0.017915542440295938,0.18552503558164135,192.70425415039065,-0.008440018133680937,0,0,0.8871236220139366,0.29565308843429317,0.8871236220139366,2.1371704099442856e-06,0.08966593533011998,0.02320830548553106
2023-12-15,-0.008440018133680937,0.012710127511826416,0.018270433547406057,-0.12039869893322917,191.0846710205078,0.0003552851699828273,0,0,0.9974727311900898,0.01426845606939743,0.9974727311900898,0.00013498421272345964,0.0014233039055627698,0.0009689806915793313
2023-12-18,0.0003552851699828273,0.012620151750923871,0.010603275278818594,-0.5118446517034028,191.15257263183597,0.0191946363477219,0,0,0.9993148661306472,0.004445729015431963,0.9993148661306472,0.0004649919560141301,0.00020458688758218175,1.5555025755003967e-05
2023-12-19,0.0191946363477219,0.01301315137904445,0.0163240874874737,0.15985335364341943,194.85711669921875,-0.01975468697931055,0,0,0.9992623639960551,0.0044304040721007375,0.9992623639960551,1.4536355573720119e-05,0.0007212089210975452,1.890727243285432e-06
2023-12-20,-0.01975468697931055,0.013600651089397725,0.030619495334284083,0.17868579275037252,191.0455474853516,0.016873362880807992,0,0,0.95437180043413,0.13386741399499336,0.95437180043413,5.348768939837262e-08,0.045612168320510654,1.5977757643938787e-05
2023-12-21,0.016873362880807992,0.013843059709320947,0.01152190716369679,-0.4793294884669995,194.2964782714844,0.009274625582442348,0,0,0.9997455474637768,0.0018139782798395566,0.9997455474637768,5.5609989258833165e-06,0.00019688268683076493,5.200885041665125e-05
2023-12-22,0.009274625582442348,0.013863024958700775,0.013003748127583273,0.01440878950530668,196.1068878173828,0.012920004849172323,0,0,0.9999265006492909,0.0005845584281197393,0.9999265006492909,9.330455883276964e-06,6.204713308921009e-05,2.1217617261798344e-06
2023-12-26,0.012920004849172323,0.013762051470182071,0.014061710099762884,-0.3766628434104791,198.6570281982422,0.003521432102761102,0,0,0.9998383901271906,0.0011593034056695925,0.9998383901271906,8.568965918815698e-06,0.0001528998114532588,1.4109543080115715e-07
2023-12-27,0.003521432102761102,0.013557693820562088,0.010204137886643636,0.28678133579678255,199.3578186035156,-0.0038156565783370316,0,0,0.9998702150861221,0.000975350177430199,0.9998702150861221,2.1399193801001383e-05,0.00010797193834435751,4.1378171855811485e-07
2023-12-28,-0.0038156565783370316,0.013775822709562756,0.009262886942943688,-0.21324407277725738,198.5985870361328,-0.016454823479299864,0,0,0.9999644771921673,0.00030394497825304503,0.9999644771921673,9.179208485173478e-06,2.605384789577892e-05,2.897514699659101e-07
2023-12-29,-0.016454823479299864,0.01471538108470768,0.01654123837563654,0.36073374022841376,195.357421875,-0.00594675198746741,0,0,0.9996874071757134,0.0020481276359858532,0.9996874071757134,3.642545882499366e-07,0.00031210075885720775,1.2781083854290466e-07
2024-01-02,-0.00594675198746741,0.013874265305638182,0.015938214753838467,0.06630471728537474,194.1991271972656,-0.02702588143926806,0,0,0.9998693904183489,0.0009665713659952633,0.9998693904183489,1.1195472318497293e-05,0.00011894520299216838,4.689063110864804e-07
2024-01-03,-0.02702588143926806,0.015395980154918996,0.02003089315539584,0.2604289724041397,189.02101135253903,-0.0019585379433934205,0,0,0.999067728463786,0.005373427167035124,0.999067728463786,4.321291824643437e-09,0.000930637981602292,1.6292333172623344e-06
2024-01-04,-0.0019585379433934205,0.014993274247008566,0.009286982683613394,-0.28849759631453553,188.6511688232422,-0.0029452613754706734,0,0,0.9999848633911684,0.00013814505675860837,0.9999848633911684,3.15072580629196e-07,1.2243033160484817e-05,2.578503065994163e-06
2024-01-05,-0.0029452613754706734,0.01501357955461586,0.016403691734718628,-0.05113680672235301,188.0963592529297,0.017847449076322984,0,0,0.9999383817468276,0.0004782382304232592,0.9999383817468276,5.039187680299552e-07,6.0959981085656004e-05,1.5435336413108259e-07
2024-01-08,0.017847449076322984,0.015369129899708504,0.023941477233549464,-0.26128782444216986,191.4835357666016,-0.00898642172307055,0,0,0.9971687162711617,0.014026540424686972,0.9971687162711617,1.478881600503499e-09,0.002830595111617779,6.871383662507659e-07
2024-01-09,-0.00898642172307055,0.015563152760566187,0.012566020069255677,-0.08417677664488467,189.7704925537109,0.0005640535964279317,0,0,0.9999680317033354,0.00027707490175129043,0.9999680317033354,4.346024302014199e-08,2.0339345714566163e-05,1.158549072599193e-05
2024-01-10,0.0005640535964279317,0.015568094306757069,0.011790050390453072,0.1902433266437864,189.8775634765625,-0.007873930330531064,0,0,0.9999761078305031,0.00020386602699818876,0.9999761078305031,6.257478027130681e-08,2.2866831207233262e-05,9.62763536588288e-07
2024-01-11,-0.007873930330531064,0.015718554786986305,0.01777319755704874,0.3330843832948602,188.3883514404297,-0.0016548301556922726,0,0,0.9998568486214214,0.0010184342838229759,0.9998568486214214,5.5743364998819976e-08,0.0001429577612831509,1.3787391367887794e-07
2024-01-12,-0.0016548301556922726,0.01388095864483898,0.023081337331062837,-0.1295623334495549,188.0768585205078,-0.012445649587009064,0,0,0.9985665788000119,0.007817089638981624,0.9985665788000119,1.973894334406721e-06,0.0014310295038731757,4.178017458629083e-07
2024-01-16,-0.012445649587009064,0.01255596677835962,0.016505941924811043,-0.0182881474103441,185.7506256103516,-0.007151898950642403,0,0,0.9994378228046626,0.0036859424924229815,0.9994378228046626,0.00014781567788083565,0.00041156843422195376,2.793083279784106e-06
2024-01-17,-0.007151898950642403,0.012523578955227436,0.012666212532194816,-0.11074457762711769,184.4268951416016,0.005893442426359557,0,0,0.9995862222609952,0.002813470339571148,0.9995862222609952,0.0002825293217369141,0.0001304831961636961,7.652210916483496e-07
2024-01-18,0.005893442426359557,0.012633859428912623,0.015529860232378703,0.09995529072727254,185.5170135498047,0.009555580423260391,0,0,0.9994963581867222,0.003375090261445313,0.9994963581867222,0.00025341799814888335,0.00025000087359131615,2.2294158504052003e-07
2024-01-19,0.009555580423260391,0.011969386330025198,0.018812090182198336,0.4165512578958547,187.29823303222656,0.021133378600375795,0,0,0.9958700937779111,0.02072978675626642,0.9958700937779111,0.0007393785927494125,0.003390088279620221,4.3934971758885255e-07
2024-01-22,0.021133378600375795,0.012261641956764378,0.013890358601740711,-0.40182544671761516,191.2985992431641,-0.0029043619004052554,0,0,0.9991471514055411,0.005154820290169303,0.9991471514055411,6.396826780024024e-05,0.0007820169382130911,6.863388398792437e-06
2024-01-23,-0.0029043619004052554,0.011615312894312984,0.01842118991613418,0.00216144441237738,190.74380493164065,-0.008249468344517369,0,0,0.9976582123634278,0.013031941574755648,0.9976582123634278,0.0014956552611255743,0.000844586086884399,1.5462885859463856e-06
2024-01-24,-0.008249468344517369,0.011465590863152436,0.02232975706447152,-0.032329146114432925,189.1767425537109,0.00824946834451745,0,0,0.9956204415336195,0.021410360230099835,0.9956204415336195,0.0004737637191279552,0.003902620254566939,3.174492648902025e-06
2024-01-25,0.00824946834451745,0.011194379444640901,0.016584170943285455,-0.08791180659583613,190.74380493164065,5.119628930411633e-05,0,0,0.9964261401750274,0.01853164185752763,0.9964261401750274,0.002739632024326072,0.0008261801969723857,8.047603652110829e-06
2024-01-26,5.119628930411633e-05,0.011130476074524264,0.01280740157952373,-0.11767881771732827,190.75357055664065,0.01735025350658756,0,0,0.9904402696708122,0.039855238003712226,0.9904402696708122,0.009277362841969042,0.00028076203427830724,1.6054529418202114e-06
2024-01-29,0.01735025350658756,0.011945746671178724,0.021663944861756976,-0.13556033066568118,194.09207153320312,-0.0085615334945185,0,0,0.9947431973888979,0.023803403124530994,0.9947431973888979,2.321219851137163e-05,0.00523160685892588,1.983553698465396e-06
2024-01-30,-0.0085615334945185,0.011536799953854832,0.009255912751619466,0.12482746267303621,192.43743896484372,-0.024733046485981257,0,0,0.9984992143355228,0.008610076975787534,0.9984992143355228,0.001282117203421111,0.0002033143472357311,1.5354113833611885e-05
2024-01-31,-0.024733046485981257,0.01268915656294056,0.03229985260174688,0.7211956460557414,187.7362518310547,0.013184872955778238,0,0,0.6298141584328613,0.47542709429308505,0.6298141584328613,3.792594391913579e-07,0.3701838288604074,1.633447290127882e-06
2024-02-01,0.013184872955778238,0.011603025642888102,0.021541172028635203,-0.13574589772378187,190.22792053222656,-0.005283942302555118,0,0,0.9630981917827172,0.12021108388353509,0.9630981917827172,0.00012627346832865563,0.034751928901427906,0.0020236058474928176
2024-02-02,-0.005283942302555118,0.01166105004609348,0.01599712232790675,-0.1183680770500851,189.2254180908203,-0.012786587914063363,0,0,0.9971288263993122,0.015711730231123558,0.9971288263993122,0.001996082577285425,0.0007584394515089222,0.00011665157193730365
2024-02-05,-0.012786587914063363,0.012001299227969,0.015890398108590977,-0.28459759332647666,186.8212738037109,0.008972800439382513,0,0,0.998443731066382,0.009142397845928393,0.998443731066382,0.0005582146103959965,0.0009911373737863172,6.916949477863125e-06
2024-02-06,0.008972800439382513,0.011444598139964289,0.014354307872052595,-0.13623212213115338,188.505126953125,-0.002326104401065468,0,0,0.9971344287429321,0.014998409263707607,0.9971344287429321,0.002475141803808723,0.0003885137865001625,1.9156668102099323e-06
2024-02-07,-0.002326104401065468,0.011289202641929825,0.010920197686684978,-0.08967044598815804,188.0671539306641,0.015050186768504078,0,0,0.9938634076098687,0.02753492557196313,0.9938634076098687,0.005962449147703896,0.00017333118430427975,8.120580785038111e-07
2024-02-08,0.015050186768504078,0.011810420320785584,0.018659130854991633,0.10913155041864624,190.91900634765625,0.01613234994003874,0,0,0.9980729497961002,0.010653641886817002,0.9980729497961002,0.00027530780972530886,0.001651048955874001,6.934383359374834e-07
2024-02-09,0.01613234994003874,0.012153713702983227,0.015551350258183858,0.2650803301595098,194.02395629882807,0.017996886638994528,0,0,0.9985424013341943,0.00843527830714339,0.9985424013341943,0.00026160022779512664,0.0011911071563220767,4.891281668497473e-06
2024-02-12,0.017996886638994528,0.012670846639907862,0.018279496408854196,-0.06302218994881258,197.54739379882807,-0.042011198136562206,0,0,0.9990049583080564,0.005760220811696177,0.9990049583080564,1.686235194171376e-05,0.0009740155116134135,4.163828435091363e-06
2024-02-13,-0.042011198136562206,0.015831424999045135,0.023482900723939944,0.6892751493193777,189.42010498046875,0.02296024327613913,0,0,0.9143853093775712,0.21105156062761735,0.9143853093775712,1.0792263047345949e-11,0.08557983607815493,3.4854533468630655e-05
2024-02-14,0.02296024327613913,0.016437803334520048,0.01787775559333124,-0.677403461423527,193.81954956054688,0.026316601820954216,0,0,0.9965985269870724,0.017074076548613835,0.9965985269870724,3.354474040329944e-10,0.0031320708932204323,0.00026940178426821244
2024-02-15,0.026316601820954216,0.017273878870991227,0.01981022795633423,0.025331561085478852,198.9879302978516,-0.013691393541390885,0,0,0.999395883111395,0.003967556985015619,0.999395883111395,3.459576319318601e-12,0.00030524012919710085,0.00029887675590793526
2024-02-16,-0.013691393541390885,0.01762389322569005,0.012942579405704617,0.07323961503073036,196.28207397460935,-0.013881610638803122,0,0,0.9998162923655662,0.001298990220274056,0.9998162923655662,1.3248938107742978e-11,9.301003246317038e-06,0.00017440661795233096
2024-02-20,-0.013881610638803122,0.01739669496464588,0.00859818318525665,-0.45910477601370725,193.57618713378903,-0.004737596968991598,0,0,0.9998744450437943,0.0009252792887138727,0.9998744450437943,1.891842761631199e-11,7.838860840486922e-06,0.00011771607639500126
2024-02-21,-0.004737596968991598,0.017420898118223678,0.009902024298738482,-0.06346296150463122,192.6612701416016,0.00754945360520692,0,0,0.9999476974912234,0.00041742039421422967,0.9999476974912234,4.127457838373178e-11,2.738557978125082e-06,4.956390947170334e-05
2024-02-22,0.00754945360520692,0.01736136618465385,0.011432003366359644,0.2866150241174262,194.1212615966797,0.0022537197194480735,0,0,0.9999679743447041,0.00027811848156312927,0.9999679743447041,8.962730469378034e-11,1.4726874445126835e-05,1.729869126778236e-05
2024-02-23,0.0022537197194480735,0.017286474124379652,0.012857031733838595,-0.0136319485250809,194.5592498779297,0.0062837450530387855,0,0,0.9999908309627871,8.772999926540577e-05,0.9999908309627871,2.12023773634704e-10,5.68147293194755e-06,3.4873522272375164e-06
2024-02-26,0.0062837450530387855,0.0173247894446739,0.01237884945920226,-0.257439555065096,195.78565979003903,0.014069283870610572,0,0,0.9999941531778347,5.661884595337682e-05,0.9999941531778347,2.0704226297968846e-10,5.1227152095592235e-06,7.238998831093063e-07
2024-02-27,0.014069283870610572,0.017179756281648775,0.008235333012599572,0.10273121294366232,198.5596923828125,-0.008269523116672237,0,0,0.9999932886795587,6.520543456872891e-05,0.9999932886795587,4.363329348910697e-11,5.065186278264975e-06,1.6460905849172284e-06
2024-02-28,-0.008269523116672237,0.017171201186438168,0.009835930313975809,-0.06811204019613701,196.92446899414065,0.0069449504033175695,0,0,0.999994976414654,4.993681976106682e-05,0.999994976414654,6.99898344834164e-11,3.688952406310277e-06,1.3345628992840043e-06
2024-02-29,0.0069449504033175695,0.016084434722381843,0.017277716033427922,0.2929486839876665,198.2968597412109,0.010546560588145099,0,0,0.9998948843211528,0.000771396745644754,0.9998948843211528,1.7237835614631908e-08,0.0001049383444779331,1.6009657304716933e-07
2024-03-01,0.010546560588145099,0.016004853746628182,0.015493722137368826,-0.13911036440958455,200.39927673339844,-0.0009234187777271966,0,0,0.9999686750162133,0.00025857798615610324,0.9999686750162133,1.3917528693933467e-08,3.091027060013183e-05,4.0079567191292275e-07
2024-03-04,-0.0009234187777271966,0.0159212205604501,0.011278596784823857,-0.34956613042083196,200.2143096923828,-0.009623141810417991,0,0,0.9999873826405025,0.00011260311641006612,0.9999873826405025,2.8974415687682742e-08,1.2406922549278925e-05,1.814625442029997e-07
2024-03-05,-0.009623141810417991,0.015773011976849764,0.014234571325234532,0.3209030525522626,198.2968597412109,0.007433148234350576,0,0,0.9999335671699158,0.0005097743486505411,0.9999335671699158,2.5664485175049384e-08,6.626745601994704e-05,1.3970957006878802e-07
2024-03-06,0.007433148234350576,0.015745961128265384,0.0097442143727162,0.0026805553133353605,199.7763214111328,0.00829687060420208,0,0,0.9999910150774043,8.33187634068971e-05,0.9999910150774043,2.157324607517979e-08,8.451141126101218e-06,5.122081170805842e-07
2024-03-07,0.00829687060420208,0.015739431728004606,0.008214206377474402,-0.20091269935940037,201.44073486328125,-0.0006283778689063478,0,0,0.9999948388907741,4.980275191999011e-05,0.9999948388907741,1.8266981976440286e-08,4.917335355622068e-06,2.2550690103799742e-07
2024-03-08,-0.0006283778689063478,0.015519369952488257,0.022288838995984387,0.39150912553541767,201.31419372558597,-0.007960915705354812,0,0,0.9993142824860972,0.004098977302229332,0.9993142824860972,8.446921646717634e-08,0.0006855774694843394,5.5575248754869e-08
2024-03-11,-0.007960915705354812,0.015352013104930787,0.010185663594830696,-0.5283855340691274,199.7179107666016,-0.0013653132784198422,0,0,0.99995416113364,0.0003695961524364627,0.99995416113364,1.3428784628245006e-07,4.3879402748828426e-05,1.825175701361519e-06
2024-03-12,-0.0013653132784198422,0.014855863660156819,0.012346877819927082,0.35812381565300216,199.44541931152344,0.003896428285779846,0,0,0.9999072780287798,0.000692068816865507,0.9999072780287798,6.903899943280707e-07,9.180034887088252e-05,2.312322566448642e-07
2024-03-13,0.003896428285779846,0.010988524204627419,0.008798782263963459,-0.3296850389137711,200.22406005859372,-0.01805106787587213,0,0,0.9893122163578189,0.04332000830282031,0.9893122163578189,0.01050764409713676,0.00017994512959147613,1.9441537471093063e-07
2024-03-14,-0.01805106787587213,0.010848880822189577,0.02529327645016653,0.6364332247914084,196.6422271728516,0.0018791773898155914,0,0,0.9323670181708187,0.18406953592936293,0.9323670181708187,0.0016338559422090521,0.06599876064701451,3.6523996581201945e-07
2024-03-15,0.0018791773898155914,0.009039990363016222,0.009633896116603955,0.11345662253585137,197.01210021972656,-0.005747629505217442,0,0,0.7237267769055897,0.43284950306795494,0.7237267769055897,0.2746692908717258,0.001284995230631869,0.0003189369921549563
2024-03-18,-0.005747629505217442,0.008593326687022099,0.011279448515139893,-0.4960620763564672,195.88299560546875,0.004214861400462105,1,1,0.9187704872590746,0.20573373614887502,0.08065472394789754,0.9187704872590746,0.0005701609600527292,4.627832983580338e-06
2024-03-19,0.004214861400462105,0.007998141013305347,0.015289442081005963,-0.0816587276985085,196.7103576660156,0.019598932513070065,1,1,0.9965902796122831,0.016815499365146293,0.0032854269348389794,0.9965902796122831,0.00012390023915611264,3.932137909988195e-07
2024-03-20,0.019598932513070065,0.008910099265652515,0.028529862730131188,0.5075272732699694,200.60369873046875,0.01142394092635273,2,2,0.9944056442836515,0.027659716859881563,0.003683579210024015,0.0018790204935276382,0.9944056442836515,3.1756012814326645e-05
2024-03-21,0.01142394092635273,0.009077204093411116,0.010147160650082681,-0.14142035493529162,202.9085235595703,-0.013898177786269984,0,0,0.5560632123535133,0.5742675746699699,0.5560632123535133,0.41978912969114884,0.01594923453482707,0.00819842342060122
2024-03-22,-0.013898177786269984,0.00976584005143882,0.015458126765136974,-0.41506234473520953,200.10797119140625,0.0022892312590144714,1,1,0.5192738432805457,0.5332819529925285,0.47189958698442297,0.5192738432805457,0.007951706933963331,0.0008748628011012399
2024-03-25,0.0022892312590144714,0.009701467694611153,0.007297849805375082,-0.34659386422857447,200.56658935546875,-0.0018017135882787039,1,1,0.8615943571535036,0.29080640357038817,0.13827730124051152,0.8615943571535036,0.00010551562102939444,2.28259849001589e-05
2024-03-26,-0.0018017135882787039,0.009231662080956578,0.012916088707581085,0.15311429760376954,200.2055511474609,0.021552827009174713,1,1,0.9881560797799342,0.04675467069043768,0.011759415750275795,0.9881560797799342,8.430278191749337e-05,2.0168794541055273e-07
2024-03-27,0.021552827009174713,0.010121111343859597,0.016933805867646517,0.40193706393605666,204.5673828125,0.0031433714264738097,1,1,0.876388981473686,0.3308538566698784,0.05344817337382652,0.876388981473686,0.07015757964087141,5.265511621855006e-06
2024-03-28,0.0031433714264738097,0.010056948860735502,0.009700468451347437,0.07284023775840649,205.21142578125,-0.009459837771608338,1,1,0.9700401883129913,0.09855552998305726,0.0296259340296273,0.9700401883129913,0.00024726154096002653,8.661611643029298e-05
2024-04-01,-0.009459837771608338,0.01012688214256678,0.013632854445279459,-0.3831233819385059,203.27931213378903,-0.018556253834048037,1,1,0.9817245980049604,0.06857763900079011,0.017303553369984303,0.9817245980049604,0.0009684589753800898,3.389649781916952e-06
2024-04-02,-0.018556253834048037,0.011006260762550757,0.01212778580716993,0.3550488883541909,199.5419921875,0.006531562665615183,1,1,0.8048267440567994,0.38961476963732294,0.18275171963060283,0.8048267440567994,0.012384784852044325,3.6751460527177734e-05
2024-04-03,0.006531562665615183,0.010867768214178796,0.015158116355401003,-0.29174047850540863,200.84957885742188,-0.010058717280014512,1,1,0.6338880300439365,0.4821351084672336,0.3643191907992025,0.6338880300439365,0.001749811070559042,4.296808632216539e-05
2024-04-04,-0.010058717280014512,0.01099536056198855,0.026205998066086877,0.16480482333653848,198.83941650390625,0.003331451134906238,0,0,0.9444399763038233,0.18041975632031043,0.9444399763038233,0.018225750728026464,0.03728350630473376,5.0766663478636406e-05
2024-04-05,0.003331451134906238,0.010847640331094538,0.013793064844816733,-0.15728278802262194,199.50294494628903,0.005463218000750211,0,0,0.9744072451683788,0.08853848795935125,0.9744072451683788,0.024826935593654023,0.0006986862453806031,6.713299262411197e-05
2024-04-08,0.005463218000750211,0.010928570716838256,0.008950704248351943,-0.2565450483035753,200.59585571289065,0.003932620323514227,0,0,0.9745073771555381,0.08638564335504778,0.9745073771555381,0.02532065087275903,0.00016817657721610447,3.7953945414721786e-06
2024-04-09,0.003932620323514227,0.010805718531813181,0.012113576610387037,0.08782402624539731,201.3862762451172,-0.026762632793755254,0,0,0.9624595901255744,0.1169134980281333,0.9624595901255744,0.037181689415943825,0.0003581609410562318,5.595174138460277e-07
2024-04-10,-0.026762632793755254,0.012400676029294275,0.016871544882393483,0.897352684712188,196.0681304931641,0.0067458524669698,0,0,0.8539281888286774,0.300736554832294,0.8539281888286774,0.00013405057430583355,0.14593750781444798,2.52782514459319e-07
2024-04-11,0.0067458524669698,0.012474275272272416,0.013890937030281558,-0.42945956343782,197.39524841308597,-0.017956735725720617,0,0,0.9980921834569926,0.011100124973211799,0.9980921834569926,0.0005035379811290837,0.0012736333223830098,0.00013064523942248646
2024-04-12,-0.017956735725720617,0.01246738991466426,0.021289500902671378,-0.049486001087315226,193.8823089599609,-0.014754068299825071,0,0,0.9969977555793874,0.014959972591088215,0.9969977555793874,3.626111744072054e-05,0.0029485778056598058,1.7405497523056492e-05
2024-04-15,-0.014754068299825071,0.01283516526755857,0.02681581383560194,0.15008503751357646,191.04275512695312,-0.0036844425988653076,0,0,0.9894061567275885,0.04248078952185776,0.9894061567275885,3.914032892710069e-06,0.010570284730772709,1.9644508709748422e-05
2024-04-16,-0.0036844425988653076,0.012807816094514273,0.014764713005532467,0.05092417816130977,190.3401641845703,-0.010616975278777436,0,0,0.9996071680008126,0.002737708250202428,0.9996071680008126,0.00019378766532628122,0.00018544395597618307,1.360037785437089e-05
2024-04-17,-0.010616975278777436,0.012892561073622893,0.018808236393903673,-0.11442155707596881,188.33001708984372,-0.0008293562751667907,0,0,0.9992585962233806,0.004544187728041662,0.9992585962233806,5.991076132189674e-05,0.0006805663078983178,9.267073076473328e-07
2024-04-18,-0.0008293562751667907,0.011843076371261056,0.01820166890832527,0.04183657443960931,188.17388916015625,0.001554560170308757,0,0,0.9982662189752233,0.010043787786116547,0.9982662189752233,0.001053994906426784,0.0006787309251431319,1.0551932011897732e-06
2024-04-19,0.001554560170308757,0.011399033582804861,0.015791669573347076,0.05859727581322053,188.46664428710935,0.011121481258123846,0,0,0.9953565352047442,0.022467283722017055,0.9953565352047442,0.004155935029938766,0.0004864424521676143,1.0873130459876027e-06
2024-04-22,0.011121481258123846,0.011591241910282357,0.01740916078927223,-0.30174539736392064,190.57437133789065,0.016604743571017603,0,0,0.997814233381256,0.012242087775683665,0.997814233381256,0.0007268287629679067,0.0014579538349607294,9.840208271600707e-07
2024-04-23,0.016604743571017603,0.012317919480675926,0.021100882745927224,0.009001295961024572,193.7652282714844,-0.0044920650805426714,0,0,0.9971726563707947,0.014112882818831246,0.9971726563707947,1.6700576442716913e-05,0.0028039882014045995,6.654851343999275e-06
2024-04-24,-0.0044920650805426714,0.012333482002383885,0.012393752726713453,-0.1005828164295255,192.8967742919922,-0.006088894014781109,0,0,0.9993390653998634,0.004220745393285622,0.9993390653998634,0.0005275292216051374,0.00012916499423554708,4.240384319634371e-06
2024-04-25,-0.006088894014781109,0.011054244089677746,0.01557409214746274,0.10300776730718109,191.72581481933597,0.009522960042340895,0,0,0.9919667609590439,0.03532180287724975,0.9919667609590439,0.0074032159410108885,0.0006296133558459045,4.0974417643732726e-07
2024-04-26,0.009522960042340895,0.01133662102304013,0.012452113395356713,-0.25979578276465404,193.56033325195312,0.008033911049658591,0,0,0.9946387582613128,0.024941426808002997,0.9946387582613128,0.005048896448471846,0.00031134752750886386,9.977627145283273e-07
2024-04-29,0.008033911049658591,0.01147965664966968,0.007651523944416538,-0.1831376988934958,195.12164306640625,-0.020513259847756368,0,0,0.9968756541649851,0.015543845476270132,0.9968756541649851,0.003036224299324734,8.72924550934132e-05,8.290805479788332e-07
2024-04-30,-0.020513259847756368,0.011635065277944437,0.01480344046369287,0.401060769682369,191.1598358154297,0.0020906699730097204,0,0,0.9973767833254541,0.013998440847476286,0.9973767833254541,0.0004437272952298875,0.002179172249489966,3.171297724301447e-07
2024-05-01,0.0020906699730097204,0.011502369673295414,0.026947219248693317,0.23673659348005147,191.55990600585935,0.018222374204260913,0,0,0.9820934524255834,0.06508150358326639,0.9820934524255834,4.8727374825536104e-05,0.01784443439518525,1.338580432489083e-05
2024-05-02,0.018222374204260913,0.012222926699776492,0.017907172188093734,-0.35470506264087953,195.08258056640625,0.009855201973119784,0,0,0.9971947745568679,0.014219815529312488,0.9971947745568679,3.722346512408661e-05,0.0027231399810113475,4.4861997062073336e-05
2024-05-03,0.009855201973119784,0.01242861948516564,0.015057001668263948,0.12687441768759916,197.01466369628903,0.012844415971574768,0,0,0.9993512711236056,0.004247976937111174,0.9993512711236056,0.0003058386111347091,0.00033698700812768057,5.903257039990625e-06
2024-05-06,0.012844415971574768,0.012725054547622272,0.0068456013597789165,-0.2890063255927385,199.5615234375,0.0022467444291602947,0,0,0.9998754030637758,0.0009573241474791289,0.9998754030637758,8.553348910317694e-05,3.800058090419674e-05,1.062866111200974e-06
2024-05-07,0.0022467444291602947,0.01270139230586338,0.008049928704970632,-0.13956157161292698,200.0103912353516,-0.005822585999641766,0,0,0.9998145443894559,0.0013510831629792652,0.9998145443894559,0.00014828881639449031,3.699598515551669e-05,1.7080893456005366e-07
2024-05-08,-0.005822585999641766,0.011180992234020049,0.006870199056138676,-0.09196338139564347,198.8491973876953,0.010155230825527134,0,0,0.9975753625280506,0.0126052893841789,0.9975753625280506,0.00231392317403514,0.00011047031463845177,2.4398338331554575e-07
2024-05-09,0.010155230825527134,0.011303274337264893,0.012532798131765914,0.22216429339998403,200.87884521484372,-0.0075578113411234465,0,0,0.9943888656258567,0.026367059577627423,0.9943888656258567,0.005028114446117034,0.000582679802951065,3.4012496978191764e-07
2024-05-10,-0.0075578113411234465,0.010609314904127266,0.014389909825940317,-0.06276914088760793,199.36636352539065,0.0021024634709322907,0,0,0.9811359862128943,0.06955272869205488,0.9811359862128943,0.01821462513234608,0.0006479571210080225,1.4315337449066433e-06
2024-05-13,0.0021024634709322907,0.009905093677828405,0.00952425952878722,-0.1466210832617208,199.7859649658203,0.010301315321310796,0,0,0.8685901612154671,0.282204125794101,0.8685901612154671,0.13110592164589543,0.0003019529373693568,1.9642011791262514e-06
2024-05-14,0.010301315321310796,0.009958554277659898,0.008846571718337162,0.579244759111688,201.8546600341797,0.012395094313856143,0,0,0.551988006327737,0.5277360669008174,0.551988006327737,0.4390702440280872,0.008940205503002126,1.5441410917609958e-06
2024-05-15,0.012395094313856143,0.009634264556311197,0.009788020568474262,0.007308390882696548,204.3722381591797,-0.00723597792136995,1,1,0.74594380778816,0.4106923213548686,0.2537293098741016,0.74594380778816,0.0003009735450627932,2.5908792622794784e-05
2024-05-16,-0.00723597792136995,0.009908937104160095,0.00682928619128328,-0.22309641409588798,202.89874267578125,0.0007210963381988185,1,1,0.8296960424161359,0.33018685961726874,0.1701325793112425,0.8296960424161359,0.00016858266802435395,2.795604584044755e-06
2024-05-17,0.0007210963381988185,0.009920477518944272,0.005622828520999644,0.2757807428927566,203.04510498046875,0.002208240264272798,1,1,0.8930648338212414,0.24711952721206346,0.10655685023607007,0.8930648338212414,0.00037708866824367294,1.2272744453289885e-06
2024-05-20,0.002208240264272798,0.009769793074701837,0.008151898930530957,-0.8082088927074647,203.4939727783203,-0.0009595053499930347,1,1,0.9909428217778546,0.03855763518284274,0.00859369266977623,0.9909428217778546,0.00046345849048821643,2.7061955293390968e-08
2024-05-21,-0.0009595053499930347,0.009286427501009345,0.005279860434151016,-0.15317213451268383,203.2988128662109,-0.008483431893173968,1,1,0.9983049390609965,0.009171850909387005,0.0016513254342232578,0.9983049390609965,4.303518884312967e-05,7.003159249800137e-07
2024-05-22,-0.008483431893173968,0.00948317285074301,0.011714581021857266,0.43727522100795446,201.58143615722656,-0.016546296976319652,1,1,0.9994575698103304,0.0035916604273868295,0.00020136872949626675,0.9994575698103304,0.0003410382209677932,2.323923677543279e-08
2024-05-23,-0.016546296976319652,0.010223736063906145,0.02593626138270069,0.4900278099992211,198.27345275878903,0.011012591901366995,1,1,0.6677197455314366,0.471497966817514,0.00312374148643875,0.6677197455314366,0.3291414181903909,1.5094791844759921e-05
2024-05-24,0.011012591901366995,0.010289105006903021,0.008372205712004026,-0.5344967927435976,200.46902465820312,-0.0013638527864546337,1,1,0.8923705573860637,0.25669059350736567,0.10474255935429404,0.8923705573860637,0.002557690673600086,0.00032919258599596146
2024-05-28,-0.0013638527864546337,0.010201410722779575,0.01520761874388558,-0.07656645537687766,200.19580078125,-0.014879244039143254,1,1,0.9400380217376655,0.1654648942667456,0.0595496746944413,0.9400380217376655,0.0003997700698519809,1.2533498005291868e-05
2024-05-29,-0.014879244039143254,0.00962959733426129,0.0060851714135771034,0.3282635084854461,197.2390899658203,0.009453972516066018,1,1,0.8692911269129163,0.29061584907103255,0.12750963975024643,0.8692911269129163,0.003179913532040808,1.9319804837626425e-05
2024-05-30,0.009453972516066018,0.009790160047416056,0.009115415743854553,-0.22781438939110463,199.1126251220703,0.008394175880522646,1,1,0.962072691660494,0.11687164914760238,0.03782585222712218,0.962072691660494,9.770545781058816e-05,3.7506545750639226e-06
2024-05-31,0.008394175880522646,0.009155615796990977,0.015551328579480703,0.23287275005050745,200.79104614257807,-0.00565336666811671,1,1,0.9946995222724133,0.024774064753084465,0.004953161233378516,0.9946995222724133,0.0003471769103243795,1.3958387867653622e-07
2024-06-03,-0.00565336666811671,0.009061834472801334,0.021553216602093143,-0.07578925878299989,199.6591033935547,-0.012986507209661855,1,1,0.985813385443231,0.06039457158163998,0.005036442120291006,0.985813385443231,0.009145471328693719,4.7011077881061015e-06
2024-06-04,-0.012986507209661855,0.009075616891556698,0.0141110367197614,0.12549334616730973,197.0829925537109,0.015183351843176363,1,1,0.9981023237157888,0.010628494767116274,0.0015533494209474324,0.9981023237157888,0.00033391748086799834,1.040938244132502e-05
2024-06-05,0.015183351843176363,0.009728568523772126,0.01594657325364758,-0.26899235400914084,200.09820556640625,-0.007194463109414252,1,1,0.9925363932745245,0.03539354423974609,0.0030128813555522584,0.9925363932745245,0.004445341455425786,5.383914465881002e-06
2024-06-06,-0.007194463109414252,0.009776663334506821,0.008939496528154843,-0.17774436054532886,198.6637725830078,-0.011808879379722597,1,1,0.9981941590722259,0.00987513144571755,0.0016814743913044418,0.9981941590722259,0.0001177350089938123,6.6315274837100065e-06
2024-06-07,-0.011808879379722597,0.009803947914470921,0.012375773016560261,0.4067237736086723,196.33157348632807,0.003423582904863791,1,1,0.9987451653281639,0.007573635390453893,0.0005484954471917744,0.9987451653281639,0.000706097439323011,2.4178528528365317e-07
2024-06-10,0.003423582904863791,0.009733137896112812,0.015454011518197603,-0.03759689782603405,197.0048828125,-0.0034231165880536487,1,1,0.9994614588157049,0.003584907672644289,0.0002582812197118686,0.9994614588157049,0.00027952669569503516,7.332688902489476e-07
2024-06-11,-0.0034231165880536487,0.009730938676451577,0.012958563155028288,-0.053526330515025186,196.3316650390625,0.015234432575683928,1,1,0.9998119509304174,0.0013922879633464914,7.75261435182567e-05,0.9998119509304174,0.00011033013826874306,1.9278779854794027e-07
2024-06-12,0.015234432575683928,0.010085138095969262,0.020469262438437167,0.6082746309653457,199.34556579589844,-0.008775940762862025,1,1,0.8827935610156515,0.2618371252504357,0.00022738533773624696,0.8827935610156515,0.11697791149117752,1.1421554580130185e-06
2024-06-13,-0.008775940762862025,0.009752131710948828,0.015004450543056786,-0.4436738005230381,197.6037750244141,-0.016023558415369833,1,1,0.972824035549704,0.10095015942592839,0.021151339654083733,0.972824035549704,0.005851429750192223,0.00017319504611067478
2024-06-14,-0.016023558415369833,0.010202980835063455,0.01056705525020829,0.1772045955007048,194.4626922607422,0.008368403987774975,1,1,0.9454547177912392,0.15875884835719767,0.05272516685688535,0.9454547177912392,0.0017078755418051535,0.00011223981016728716
2024-06-17,0.008368403987774975,0.010455361975216067,0.017664637694357447,-0.26999093858385437,196.09686279296875,0.0017447453916320738,1,1,0.8382475402837218,0.33804308750670864,0.15569000431201493,0.8382475402837218,0.006029148574262881,3.330683003325785e-05
2024-06-18,0.0017447453916320738,0.010446657724903167,0.008269009524828766,-0.0035775266164587783,196.43930053710935,-0.004242999371023566,1,1,0.869303157547417,0.28064812292044206,0.1305277819395014,0.869303157547417,0.0001505455453677824,1.851496767400124e-05
2024-06-20,-0.004242999371023566,0.010459140299160886,0.013206600651601596,0.09559986772031019,195.60757446289065,0.002248678118922426,1,1,0.9100672328318696,0.21954280022041023,0.08964101658746515,0.9100672328318696,0.00029096599431104834,7.845864386324407e-07
2024-06-21,0.002248678118922426,0.010380136933620917,0.009732951778572179,0.29244842508583685,196.0479278564453,0.00433284317021367,1,1,0.9534681549516419,0.13707485560591467,0.04622466828677861,0.9534681549516419,0.0003066657826058925,5.109790437086702e-07
2024-06-24,0.00433284317021367,0.009810064323699807,0.01073453756587661,-0.5205220189481047,196.8992156982422,-0.003285307226308249,1,1,0.9920713174960459,0.03403014007499309,0.007731075053113608,0.9920713174960459,0.0001975183020845049,8.914869432626104e-08
2024-06-25,-0.003285307226308249,0.009453097633527172,0.006681274203242428,-0.3362048830876381,196.2534027099609,-0.002646079850812279,1,1,0.9986555312710583,0.007548680957317804,0.001289109967074453,0.9986555312710583,5.5208733158953616e-05,1.5002868130670828e-07
2024-06-26,-0.002646079850812279,0.00945959373186883,0.008848694112196144,0.1928890143705193,195.7347869873047,0.010097376007495718,1,1,0.9997391395926337,0.0018572640977196316,0.00018058748210366226,0.9997391395926337,8.022929803366198e-05,4.3627164016854344e-08
2024-06-27,0.010097376007495718,0.009193399756831398,0.010838301539532384,-0.10246231674425481,197.72120666503903,0.004099287262904962,1,1,0.99990263598978,0.0007597621876518657,2.5583976802146163e-05,0.99990263598978,7.172311904935924e-05,5.691445884993218e-08
2024-06-28,0.004099287262904962,0.00898288891663337,0.01636350769095165,0.6977486263420227,198.53338623046875,-0.008414233500159306,1,1,0.9987852853508877,0.0067650418873691,1.2176212131531099e-06,0.9987852853508877,0.001213492642213579,4.385750002378486e-09
2024-07-01,-0.008414233500159306,0.008927980010570324,0.01660128016377179,-0.4702343416340726,196.8698883056641,0.0034237383492272647,1,1,0.9970938260245168,0.014659718617425365,9.889381395885053e-05,0.9970938260245168,0.0028055514295941735,1.7287318851585417e-06
2024-07-02,0.0034237383492272647,0.008908928379261983,0.006786260862098605,-0.2398370683910305,197.54507446289065,-0.0002476687209463563,1,1,0.9998924584108301,0.0008310514524930019,8.340043438338409e-05,0.9998924584108301,2.2998052750906676e-05,1.1431019970200114e-06
2024-07-03,-0.0002476687209463563,0.008413238955797762,0.008175166632885091,-0.12688403131967807,197.49615478515625,-0.004767934066618742,1,1,0.9999805148381523,0.00017217240290962684,2.6571416143388626e-06,0.9999805148381523,1.6815575975954306e-05,1.244436128561546e-08
2024-07-05,-0.004767934066618742,0.007682323250993063,0.008712102566533396,0.13055922733159142,196.55674743652344,0.006994901595450095,1,1,0.9999790694526789,0.00017838585969373304,1.3385513296122816e-07,0.9999790694526789,2.079209663387478e-05,4.595604349380577e-09
2024-07-08,0.006994901595450095,0.007724817307713778,0.009195178077793735,0.18640213450613202,197.93646240234372,-0.004359872547895363,1,1,0.99997642316575,0.0001987265946136276,1.0094948232359073e-07,0.99997642316575,2.3470705531087973e-05,5.179243093988042e-09
2024-07-09,-0.004359872547895363,0.007302846637053416,0.009880861735213643,-0.15329785316737884,197.0753631591797,0.009734103735266737,1,1,0.9999836016257492,0.00014261115957085277,9.316674140615703e-08,0.9999836016257492,1.630019991121527e-05,5.007611106883196e-09
2024-07-10,0.009734103735266737,0.007580981569171897,0.01032596201576584,0.07658591900708255,199.00308227539065,0.035313322840759276,1,1,0.9999723618631814,0.00022969764795269696,9.568130186917791e-08,0.9999723618631814,2.7536690884148714e-05,5.764531087683675e-09
2024-07-11,0.035313322840759276,0.010792662636109432,0.020362604116541443,1.2218040738231948,206.15609741210935,0.011608851485462599,2,2,0.9999982615210333,1.7899961469748553e-05,2.208472818270087e-09,1.7360019289813567e-06,0.9999982615210333,2.6864850783474316e-10
2024-07-12,0.011608851485462599,0.010595115800268758,0.010697188635760295,-0.253081740679985,208.5632781982422,0.018823214811754252,0,0,0.9292873849420921,0.21867620325346385,0.9292873849420921,0.05459474872685023,0.011433074737509631,0.004684791593523287
2024-07-15,0.018823214811754252,0.010875680717060332,0.018140809416258542,-0.03781231722854772,212.5262908935547,0.03354863257679566,0,0,0.9936815001521367,0.03181084931315907,0.9936815001521367,0.0019239299391220562,0.003699579605565393,0.0006949903031077748
2024-07-16,0.03354863257679566,0.011770435464546054,0.026001763932272975,0.32841421167212154,219.77720642089844,-0.010518197321748133,0,0,0.6524545117682916,0.476452716138214,0.6524545117682916,1.2144608255746755e-08,0.34509367191150675,0.0024518041755204525
2024-07-17,-0.010518197321748133,0.012325006407888242,0.022407179876441353,-0.027659632939876874,217.4776611328125,-0.019537292269650654,0,0,0.9789567752964999,0.0779505794922285,0.9789567752964999,0.00012550842056344386,0.019485392941204317,0.0014323233417309143
2024-07-18,-0.019537292269650654,0.013499449409418324,0.03578803927953324,-0.21736683801515164,213.2699737548828,-0.005105786781417955,2,2,0.8653978895707406,0.29928067495824423,0.1300626250173739,4.3105905020832603e-11,0.8653978895707406,0.004539485368828709
2024-07-19,-0.005105786781417955,0.013528894853309497,0.012912690648664878,-0.3378477591272943,212.183837890625,0.015784948809767527,0,0,0.9947684619483675,0.026517223561518064,0.9947684619483675,0.000118380829764096,0.0029077032343507486,0.0022054539875871067
2024-07-22,0.015784948809767527,0.013769584965878493,0.023922961433962,-0.047165086494189205,215.55972290039065,0.01056646159346635,0,0,0.9961736914894647,0.018796283205938392,0.9961736914894647,1.8001506784009675e-07,0.003570136517032638,0.00025599197843848015
2024-07-23,0.01056646159346635,0.013830206756348273,0.02115620810567035,0.21542521131241338,217.84950256347656,-0.02170434395330266,0,0,0.9989245937013757,0.006155924617925071,0.9989245937013757,2.775578141446482e-06,0.0010551456725300336,1.748504789446355e-05
2024-07-24,-0.02170434395330266,0.014980301874270071,0.02818452704899594,-0.05593275222814202,213.1721649169922,0.012408264942110751,0,0,0.981819771869126,0.06576049019431697,0.981819771869126,3.844677364574298e-09,0.018138776386872515,4.144789928962867e-05
2024-07-25,0.012408264942110751,0.014999862341935908,0.026386213587343343,0.05967979483985127,215.833740234375,0.016412610391834868,0,0,0.9952030791600589,0.022395822726140806,0.9952030791600589,5.87995992639173e-09,0.00465275834519538,0.00014415661474376012
2024-07-26,0.016412610391834868,0.015180690977898868,0.016457061909361623,-0.09860594449669191,219.4053649902344,-0.011167314962307263,0,0,0.9998717193132228,0.0009656141558729604,0.9998717193132228,6.325177434591488e-08,0.00010526540339026033,2.2952031571391494e-05
2024-07-29,-0.011167314962307263,0.015616681970897809,0.020971424642962144,-0.18671504022629315,216.9688262939453,0.0037812926219732146,0,0,0.9996080897931718,0.0025113630183252363,0.9996080897931718,2.9751394811771418e-08,0.0003894035257597749,2.476929670476497e-06
2024-07-30,0.0037812926219732146,0.015323708454770959,0.015051471416971413,-0.23125734844535686,217.79080200195312,0.00577919064362206,0,0,0.9999589034073546,0.00033279861742009057,0.9999589034073546,2.128586884619315e-07,4.010137837875969e-05,7.823556631433699e-07
2024-07-31,0.00577919064362206,0.015319606047746246,0.02970610710775617,0.6674083699993366,219.0531005859375,-0.03306083591964818,0,0,0.9432523906726904,0.157200394531754,0.9432523906726904,9.031144408368445e-09,0.05674739134826063,2.089478412545514e-07
2024-08-01,-0.03306083591964818,0.017527953761563516,0.04538739379420037,0.31113889904828607,211.92942810058597,-0.036008791618384536,2,2,0.9702992605083857,0.10520906896795865,0.004226027049556957,8.653931300929231e-21,0.9702992605083857,0.025474712442147832
2024-08-02,-0.036008791618384536,0.01957819593352465,0.02010337442586893,-0.06735643468069151,204.43386840820312,-0.03269392843437182,3,3,0.9391444015868423,0.16904840925840112,0.05987136828956007,1.5561300803917182e-17,0.0009842301236844182,0.9391444015868423
2024-08-05,-0.03269392843437182,0.021001208313873976,0.03976265413584517,-0.017612632747377416,197.8582000732422,0.010821531218137549,3,3,0.9999688843234039,0.0002674115573163375,7.0774307726847664e-06,6.944530450720588e-27,2.4038245850423803e-05,0.9999688843234039
2024-08-06,0.010821531218137549,0.0211101596125316,0.02959884164586499,-0.5719662077016376,200.01095581054688,-0.011910284375506983,3,3,0.9991939808884476,0.004724396084363302,0.000805788714156737,1.848852555416523e-24,2.303973243790839e-07,0.9991939808884476
2024-08-07,-0.011910284375506983,0.021179457910539507,0.03168635157269119,-0.19205520062575457,197.6428985595703,0.02401863144353477,3,3,0.9997415605501285,0.0017267602284691608,0.00025839118906701694,1.34674293248692e-23,4.826069836152019e-08,0.9997415605501285
2024-08-08,0.02401863144353477,0.020311467181421915,0.018512261792999543,-0.14177920718219453,202.44747924804688,-0.0020806100244308273,3,3,0.9971819273982478,0.013966003005571501,0.002818071970590823,2.3800430957665057e-21,6.310949267650222e-10,0.9971819273982478
2024-08-09,-0.0020806100244308273,0.020097002973091093,0.010558910224208705,-0.236687626620555,202.02670288085935,-0.009049646698496935,3,3,0.995887497246524,0.019257809014018062,0.004112502512554557,5.54096250063945e-19,2.408995734236133e-10,0.995887497246524
2024-08-12,-0.009049646698496935,0.01956619594872953,0.015444713142977696,-0.02888437749437673,200.2066802978516,0.016336990051293496,3,3,0.9885468038089039,0.045140027718123844,0.011453189392913416,3.683412913154026e-17,6.798148000625358e-09,0.9885468038089039
2024-08-13,0.016336990051293496,0.01820595447615743,0.016925538547866766,0.22357277654961732,203.5043182373047,-0.006222202617673376,3,3,0.9413752379729183,0.1609877130376921,0.058623963947372924,5.2677805760672337e-14,7.980795463088624e-07,0.9413752379729183
2024-08-14,-0.006222202617673376,0.018148346578819637,0.014563550481432836,-0.004436674541374432,202.24200439453125,0.025603148086513244,3,3,0.8305393026549869,0.3282421136149695,0.16945993544529092,9.460723327985275e-13,7.618988208721735e-07,0.8305393026549869
2024-08-15,0.025603148086513244,0.018859145035588002,0.015044343248500153,0.518347293359266,207.4868927001953,0.0026375222888611093,3,3,0.9554925350896324,0.1314163101663282,0.04448824723333315,1.4288658826661913e-15,1.921767702270433e-05,0.9554925350896324
2024-08-16,0.0026375222888611093,0.01885799576495728,0.012699891207564323,-0.33560892005123916,208.0348663330078,0.01215545229153081,3,3,0.892134592402403,0.24672369326929683,0.10786522476839551,5.258237377729888e-14,1.8282908543820854e-07,0.892134592402403
2024-08-19,0.01215545229153081,0.018704939582039712,0.01110594527667794,-0.5677516889055538,210.5790557861328,-0.011732181453257646,3,3,0.6828591931897465,0.45063363257311917,0.3171396693216124,2.8408135173050386e-13,1.1374883169403928e-06,0.6828591931897465
2024-08-20,-0.011732181453257646,0.01863305748721946,0.01363483879447174,0.22990013854546196,208.12294006347656,0.012939668452962405,3,3,0.7043262213795943,0.4379910981291972,0.2956713752193048,1.0310720321455703e-13,2.4034011016460517e-06,0.7043262213795943
2024-08-21,0.012939668452962405,0.018340651094007555,0.013181083492966456,-0.1007845242054386,210.8334808349609,-0.008857625624916128,3,3,0.546120344895168,0.4969436862410542,0.4538779283781119,9.65461687866696e-13,1.72672580244446e-06,0.546120344895168
2024-08-22,-0.008857625624916128,0.018165368008102496,0.015171334853972618,-0.081663285150021,208.9742431640625,0.03143557053977067,3,0,0.6500431056411635,0.4670595951224836,0.6500431056411635,4.2228899927722295e-12,5.121270182404559e-06,0.3499517730845373
2024-08-23,0.03143557053977067,0.019229484464806677,0.02854164808765931,0.7939127925660419,215.64781188964844,0.00031758183596954944,3,3,0.7889253936900227,0.47720987729132386,0.10923202992850435,1.2452700714775201e-17,0.10184257638136197,0.7889253936900227
2024-08-26,0.00031758183596954944,0.019076473072302882,0.010750715128129185,-0.47547565056007307,215.71630859375,-0.0077870897249635975,3,3,0.7850283909827562,0.3754752966688471,0.2149674154042442,1.0012533349663344e-13,4.193613008885699e-06,0.7850283909827562
2024-08-27,-0.0077870897249635975,0.019121875520681397,0.007588865144159417,-0.23907992149873156,214.04302978515625,-0.006789048604904374,3,3,0.9457754610219201,0.152039549832684,0.054224507732184846,6.524190970275194e-16,3.124591236286679e-08,0.9457754610219201
2024-08-28,-0.006789048604904374,0.019098435611869774,0.013117881417588444,0.0054555453435391164,212.5948028564453,0.007109011121627071,3,3,0.9530150896668128,0.13672500437703194,0.04698482763393798,3.4640282113841317e-15,8.269916866265335e-08,0.9530150896668128
2024-08-29,0.007109011121627071,0.017662487505543285,0.017503778957947382,0.22286919313280454,214.1115264892578,0.005787306462258779,3,3,0.7118915094104076,0.4331894252078881,0.28810174189407456,1.3028694686746307e-11,6.74868245714499e-06,0.7118915094104076
2024-08-30,0.005787306462258779,0.015447713717820657,0.01408581460252499,-0.06677548403457029,215.354248046875,-0.031057069786673764,0,0,0.9075929218719823,0.22236990718717273,0.9075929218719823,1.0411040722452965e-07,2.0953717325565145e-05,0.09238602030021242
2024-09-03,-0.031057069786673764,0.015253993102668699,0.03027884354474225,0.3088967401315223,208.76876831054688,-0.001688914038193059,0,0,0.8601966231984582,0.35728916362013824,0.8601966231984582,1.9291465980391661e-10,0.049234508456619884,0.09056886815200069
2024-09-04,-0.001688914038193059,0.015158938689920638,0.017230846867427783,-0.2791065380241783,208.41647338867188,-0.004989150001288823,0,0,0.9964094713319851,0.017744995861554178,0.9964094713319851,3.620250170260361e-07,0.0002097856169056362,0.0033803810260588985
2024-09-05,-0.004989150001288823,0.014900061769246574,0.014674660113395854,0.008576857402711394,207.37924194335935,-0.01919884689993407,0,0,0.9998285503903864,0.0012686073564883078,0.9998285503903864,6.258577758523535e-07,4.302875628288553e-05,0.00012779499548874106
2024-09-06,-0.01919884689993407,0.014733349018571294,0.029100544633830883,0.36841686596515083,203.43577575683597,0.0027859428476003,0,0,0.985421058952178,0.05500150216316296,0.985421058952178,1.8960175571328274e-08,0.01456167121176266,1.7250875862197703e-05
2024-09-09,0.0027859428476003,0.014733131870436404,0.013142700933071438,-0.3821618028083825,204.0033264160156,-0.0008156172744024417,0,0,0.9999186191854648,0.000647260132843006,0.9999186191854648,1.5498096246033839e-06,6.237352439958294e-05,1.7457480622836732e-05
2024-09-10,-0.0008156172744024417,0.01456672576004714,0.014737685949783771,-0.02396177274426966,203.8370056152344,0.002923858918953613,0,0,0.9999485610607591,0.0004120423542819173,0.9999485610607591,1.962857701780533e-06,4.882338581668872e-05,6.526958337382077e-07
2024-09-11,0.002923858918953613,0.014120460310433748,0.02412403470373942,0.1657085284638792,204.43386840820312,0.012793750906284016,0,0,0.998519998037666,0.00802980873569147,0.998519998037666,9.008925384478615e-07,0.0014789063023097379,1.9476739203644143e-07
2024-09-12,0.012793750906284016,0.01430233390619858,0.020651174824361095,0.015920084060464558,207.06614685058597,0.02436859729428862,0,0,0.9994357248514648,0.0034711788580661027,0.9994357248514648,4.857917583275703e-07,0.0005598890764972155,3.900280277442663e-06
2024-09-13,0.02436859729428862,0.014193622964760459,0.015265403913858602,0.30311287603089665,212.17404174804688,0.003590731025338828,0,0,0.998948651443173,0.005985864722204882,0.998948651443173,3.0256940789400384e-07,0.0010454666491859603,5.5793382953732245e-06
2024-09-16,0.003590731025338828,0.014200596305702749,0.009880032583309965,-0.47337132588007674,212.9372711181641,0.008237744853087602,0,0,0.9999517672413208,0.00039806048768495014,0.9999517672413208,6.335956381304369e-06,4.0701865156335294e-05,1.1949371504164777e-06
2024-09-17,0.008237744853087602,0.014067403283474809,0.015177073859325388,0.42333868490745935,214.6986389160156,0.0001822798092495483,0,0,0.9995036698041435,0.0031146254326179287,0.9995036698041435,8.781418200758887e-06,0.0004874145996985072,1.3417795184867437e-07
2024-09-18,0.0001822798092495483,0.013749933879641893,0.03048531571856938,0.41924074995926547,214.7377777099609,0.020387700496168882,0,0,0.9678286772586285,0.10260380894097242,0.9678286772586285,1.4594534408030717e-07,0.03216864897723683,2.527818892023418e-06
2024-09-19,0.020387700496168882,0.014168717756275517,0.01419829735433024,-0.4247107141145847,219.1607208251953,-0.010773476638853002,0,0,0.9995996675488427,0.0026692927509406775,0.9995996675488427,7.794388116837239e-07,0.0003431525413891115,5.640047085604327e-05
2024-09-20,-0.010773476638853002,0.014251771477172511,0.009793804919449409,-0.02235752173074866,216.8122711181641,-0.0036625485592854333,0,0,0.9999643524587256,0.00030341613601464696,0.9999643524587256,9.181936725064527e-07,2.896132468740886e-05,5.768022823206196e-06
2024-09-23,-0.0036625485592854333,0.012464700446236366,0.013997084683724244,-0.5399059957199149,216.01963806152344,0.0016746508430272875,0,0,0.9984777476437905,0.008956308596328127,0.9984777476437905,0.0005934473519058786,0.0009286644223265787,1.4058204059883397e-07
2024-09-24,0.0016746508430272875,0.012469719353251028,0.010988977624583425,0.03806530490527316,216.38169860839844,-0.012272200296552809,0,0,0.9994952477414704,0.003304798651003863,0.9994952477414704,0.00041434741101662327,8.887713219482693e-05,1.527715336099599e-06
2024-09-25,-0.012272200296552809,0.01265894268330903,0.014102656483019269,0.10432224008613053,213.7424468994141,0.005314517416051753,0,0,0.999648872174409,0.0024345744940396197,0.999648872174409,0.0001255163058997196,0.00022534588996711886,2.656298188889605e-07
2024-09-26,0.005314517416051753,0.012610056090165437,0.012565683908179814,0.07188941806592732,214.88140869140625,0.006739899805545953,0,0,0.999572035371158,0.0028904399441342507,0.999572035371158,0.00030453731977131437,0.00012305253293702398,3.747760636194402e-07
2024-09-27,0.006739899805545953,0.01260019436075029,0.013933678113309105,-0.04149423383338435,216.33457946777344,0.0025385127920920804,0,0,0.9995803574431859,0.0028542454091773327,0.9995803574431859,0.00027141936541616473,0.0001480168972206583,2.0629421232864842e-07
2024-09-30,0.0025385127920920804,0.01254950657194024,0.01362666718798055,-0.0881396690681586,216.8844451904297,-0.013674508317110284,0,0,0.9994936617955309,0.0033468324828429424,0.9994936617955309,0.00037517203249825827,0.00013095325168840122,2.129202712148385e-07
2024-10-01,-0.013674508317110284,0.010729564726552206,0.01854143511611196,0.3135011632748967,213.9388427734375,-0.0013777704968775857,0,0,0.9908163184428599,0.041869597437624986,0.9908163184428599,0.00615280792838238,0.003030530979018573,3.4264969056003563e-07
2024-10-02,-0.0013777704968775857,0.010725344939838097,0.011673299916731987,-0.7306625256525864,213.644287109375,-0.006732516889140105,0,0,0.9487922327891525,0.15943244380044289,0.9487922327891525,0.04498487574602914,0.00622066197159917,2.2294932631910362e-06
2024-10-03,-0.006732516889140105,0.01078554023751908,0.00994768818725605,0.3901241978545491,212.21075439453125,0.01387629780491967,0,0,0.9605386480098832,0.12385026782330405,0.9605386480098832,0.03825987892844211,0.0011852010768071436,1.627198483645798e-05
2024-10-04,0.01387629780491967,0.010008714533855835,0.012274709177846682,0.2674882057972013,215.1759796142578,-0.007879549826377617,0,0,0.8964998214929658,0.24710539000438875,0.8964998214929658,0.10151858344793936,0.001973339664789504,8.255394406546424e-06
2024-10-07,-0.007879549826377617,0.010289981858488775,0.0128317556864482,-0.6278697249322375,213.48715209960935,0.0006897010012776698,0,0,0.7689200114248589,0.4113798623863569,0.7689200114248589,0.22456079582581112,0.006515852600278751,3.3401489782698406e-06
2024-10-08,0.0006897010012776698,0.010271697813863145,0.00767532932664475,0.19612830904602013,213.6344451904297,0.0022036667166671488,0,0,0.6789979291965723,0.4551024603371914,0.6789979291965723,0.3205855978910962,0.00038989999530853603,2.657291691033793e-05
2024-10-09,0.0022036667166671488,0.010270832479131497,0.012336065631127335,0.0061679512612687155,214.10574340820312,-0.005564271073067602,0,1,0.5305857359048715,0.5004196847969744,0.46912273274193106,0.5305857359048715,0.0002899524099767175,1.5789431319961799e-06
2024-10-10,-0.005564271073067602,0.010103675817696561,0.010514174383783612,0.29847617876873644,212.91770935058597,0.020132478694109727,0,1,0.752353588534733,0.40616810341905846,0.24719001047636865,0.752353588534733,0.0004558528035340768,5.481854429632792e-07
2024-10-11,0.020132478694109727,0.009629988660447841,0.0221458646756543,-0.2083089098664896,217.24771118164065,0.0073399263795330075,0,0,0.8639279869889468,0.3284773704482005,0.8639279869889468,0.020166098985125166,0.11584707288602047,5.884113987344128e-05
2024-10-14,0.0073399263795330075,0.009715466363045374,0.012023903907349587,-0.03507252384338057,218.84815979003903,0.0008072776272110305,0,0,0.8313542300238872,0.3360252484971397,0.8313542300238872,0.16659583054730973,0.0016442067480205188,0.00040573268075153426
2024-10-15,0.0008072776272110305,0.009580108579635782,0.01577981869765599,0.29984865185331083,219.02490234375,0.016318387682582838,0,1,0.6236587950228148,0.48376439292547235,0.3751017004341041,0.6236587950228148,0.0012262964633576769,1.3208079686819637e-05
2024-10-16,0.016318387682582838,0.010169193249414824,0.012260733491870221,0.061817630152062715,222.62835693359372,-0.0027381888519542276,0,1,0.5618226077597183,0.4997351269095971,0.4371514704222745,0.5618226077597183,0.001015605916318723,1.0315901711841415e-05
2024-10-17,-0.0027381888519542276,0.009214944480155156,0.009065996356029548,-0.42929627536343845,222.01959228515625,-0.0020807492587850544,1,1,0.9476014247641812,0.14888086335886266,0.05227495103303402,0.9476014247641812,0.00012310963668683614,5.145660056034786e-07
2024-10-18,-0.0020807492587850544,0.008845475660842544,0.007267890245992107,0.10752773163463863,221.55810546875,-0.015857401109242008,1,1,0.9962308111971141,0.018054691122444545,0.0037271262624344573,0.9962308111971141,4.196750053817181e-05,9.50399752882184e-08
2024-10-21,-0.015857401109242008,0.009579635941152114,0.018730317639750513,0.19006144505775716,218.07247924804688,-0.003789252469345545,1,1,0.9933096692376902,0.03231975600962882,0.003259798204327998,0.9933096692376902,0.0034302975342076487,2.3502382109887629e-07
2024-10-22,-0.003789252469345545,0.009621380207703043,0.006914936352172804,-0.4272716144732981,217.24771118164065,-0.009171452227505272,1,1,0.999009441724885,0.005879387424926355,0.0009020532347845255,0.999009441724885,8.628419185139493e-05,2.220848495204342e-06
2024-10-23,-0.009171452227505272,0.009432970091693586,0.01564499109938793,0.38599630856755157,215.26434326171875,0.002186999639485984,1,1,0.999465601860016,0.0034945492583165626,0.00011899603875002303,0.999465601860016,0.00041535333157570724,4.876958029492328e-08
2024-10-24,0.002186999639485984,0.009372148968597,0.011423605010427395,-0.23551912386880988,215.7356414794922,-0.003784581870243651,1,1,0.999908131026289,0.0007254558408128547,3.117367665689123e-05,0.999908131026289,6.054621540698033e-05,1.4908172591034487e-07
2024-10-25,-0.003784581870243651,0.009280541327786388,0.015761327414967184,0.2586467732610919,214.92071533203125,0.016177857138828012,1,1,0.9998030624478805,0.001372793730279476,5.628403551506284e-06,0.9998030624478805,0.00019128649463063662,2.2654023156226346e-08
2024-10-28,0.016177857138828012,0.009977240516273186,0.01119304781990225,-0.18041475770741028,218.4259490966797,-0.003241767685720724,1,1,0.9994007290398209,0.0038246872552893775,8.807321543080469e-05,0.9994007290398209,0.0005103241525311666,8.735921307460945e-07
2024-10-29,-0.003241767685720724,0.009464746727954745,0.008703854189454222,0.020145153731291242,217.7190093994141,-0.0013538326276604999,1,1,0.9998947647067596,0.000825546145902211,4.986211112650486e-05,0.9998947647067596,5.4938873601265954e-05,4.3430844573792415e-07
2024-10-30,-0.0013538326276604999,0.00946444826166587,0.016166915605060613,-0.02634715430877296,217.4244537353516,-0.016758197105581272,1,1,0.9997214225360921,0.0018891946631993213,1.5397038982125753e-05,0.9997214225360921,0.00026312649899583145,5.3925924349516e-08
2024-10-31,-0.016758197105581272,0.01013074678973093,0.01901175373844182,0.19791867325744691,213.8111724853516,0.005586859172310223,1,1,0.991955619539747,0.03475420484747741,0.0003199942754108095,0.991955619539747,0.007721458655141066,2.9275296924014285e-06
2024-11-01,0.005586859172310223,0.009710174639414542,0.012010251776992435,-0.12626736946087364,215.0090484619141,0.005056165333403553,1,1,0.9991103672337145,0.00541068909067735,0.0007754432274782385,0.9991103672337145,0.00010896608157354382,5.223457198535361e-06
2024-11-04,0.005056165333403553,0.009590502794281393,0.017720065519406858,-0.03639521875095323,216.0989227294922,0.018635758328246453,1,1,0.9985695243940784,0.008424381616026336,0.00043098051588722234,0.9985695243940784,0.000998957082134533,5.380078225046532e-07
2024-11-05,0.018635758328246453,0.010403613118554304,0.023324246653842147,0.25488565255957474,220.16384887695312,0.05631579611411138,2,2,0.733736166726354,0.48520310442305986,0.027732493352630606,0.23793574206926793,0.733736166726354,0.0005955978516558527
2024-11-06,0.05631579611411138,0.01608164450827405,0.02036085408565943,1.05131733629707,232.91831970214844,-0.0035473026909858107,2,2,0.9997759542358768,0.0015283031232624531,2.090545740710384e-06,2.2376514798081297e-19,0.9997759542358768,0.0002219552184056722
2024-11-07,-0.0035473026909858107,0.01602333640447193,0.013072220716010174,-0.7703564438748349,232.0935516357422,0.0073339509513929415,0,0,0.9848553938327104,0.061644377293982096,0.9848553938327104,2.9431357704926195e-07,0.012529964841901489,0.0026143470118282384
2024-11-08,0.0073339509513929415,0.015608443609571499,0.01184279935345578,-0.2736706242199571,233.80197143554688,0.014922646146779187,0,0,0.9998380468466671,0.0011757823872543412,0.9998380468466671,6.981885759342236e-08,1.6759559309684206e-05,0.00014512377509520247
2024-11-11,0.014922646146779187,0.01579323312927698,0.01050886767978221,0.09360386754165739,237.31707763671875,-0.017698114342481953,0,0,0.9999585989376863,0.0003519002341134474,0.9999585989376863,1.0939815120280857e-08,1.875905730689114e-05,2.2631065149314085e-05
2024-11-12,-0.017698114342481953,0.016518691011884336,0.02202474345013008,0.1898556079168845,233.15396118164065,-0.009945709783893548,0,0,0.9996560599571638,0.0022418007322033647,0.9996560599571638,8.427665812432733e-10,0.0003401243529542224,3.814847077499576e-06
2024-11-13,-0.009945709783893548,0.01645855945037454,0.02147932048253105,-0.30820500735961953,230.84657287597656,-0.013574782364017266,0,0,0.99951904648993,0.0030102791432631256,0.99951904648993,2.31481567359982e-09,0.0004780136415864654,2.937553724761555e-06
2024-11-14,-0.013574782364017266,0.01679126800885194,0.02250575970927119,0.12055187024574858,227.7340545654297,-0.01503013046495368,0,0,0.999741846809658,0.00174071880276212,0.999741846809658,5.335351961825958e-10,0.00025377932975077495,4.373327142998309e-06
2024-11-15,-0.01503013046495368,0.017172631293468296,0.01960782480441508,0.2591075117557935,224.33677673339844,0.0019677086960005704,0,0,0.9998864937412317,0.0008359627309637604,0.9998864937412317,1.7222180457504062e-10,0.00011037300346860506,3.133083165877575e-06
2024-11-18,0.0019677086960005704,0.016729107450736615,0.01078932992498366,-0.2558196843175073,224.7786407470703,0.0073983543494996395,0,0,0.9999940898937463,5.768880311285291e-05,0.9999940898937463,1.4325093651608815e-09,4.76767793797332e-06,1.140995745694538e-06
2024-11-19,0.0073983543494996395,0.016729474551400676,0.019164953970235744,-0.12146466023956151,226.4477996826172,0.0012998537298026776,0,0,0.9999363729252567,0.0004904725281096407,0.9999363729252567,1.1814035586179967e-09,6.339898614763682e-05,2.2690710632545568e-07
2024-11-20,0.0012998537298026776,0.01652158349745165,0.012514612572243526,-0.07116780111475775,226.74234008789065,0.01508512387042769,0,0,0.9999916492825716,7.77887170794301e-05,0.9999916492825716,3.270064260519782e-09,7.876219421358193e-06,4.7122792431587135e-07
2024-11-21,0.01508512387042769,0.016754809282759686,0.01902408576787936,0.1688888849815097,230.18870544433597,0.01830118224243043,0,0,0.9998756259840962,0.0008980534192608124,0.9998756259840962,4.5959514788883717e-10,0.0001240589065178437,3.146498412532346e-07
2024-11-22,0.01830118224243043,0.01699342539564938,0.016375606617855108,-0.23411818148749378,234.44021606445312,0.015088332356673872,0,0,0.9999586006908922,0.0003351468568960279,0.9999586006908922,1.4307701243767635e-10,4.020820860801121e-05,1.1909574288457082e-06
2024-11-25,0.015088332356673872,0.01695520472628856,0.014810216288304383,0.3904989359926191,238.0043487548828,-0.007370348642241614,0,0,0.9998792866770373,0.0008768999139020844,0.9998792866770373,3.822053778883722e-10,0.00011970160573875413,1.0113349063265123e-06
2024-11-26,-0.007370348642241614,0.017076455971243146,0.009059961677368611,-0.39543329094465135,236.25662231445312,0.0013706657961025577,0,0,0.999992932049248,6.872158815628067e-05,0.999992932049248,1.7914717626894423e-10,4.880236248757502e-06,2.1875352797872125e-06
2024-11-27,0.0013706657961025577,0.01704161093240197,0.013488275746681681,-0.14810793853539717,236.58067321777344,0.0038108343000220883,0,0,0.9999921168954768,7.375337297085438e-05,0.9999921168954768,6.543339730015086e-10,7.433877586815577e-06,4.485725185590273e-07
2024-11-29,0.0038108343000220883,0.016313965917818186,0.008020847895855285,-0.14867002610017774,237.4839630126953,-0.0004962760759259867,0,0,0.9999965525396727,3.461681391762022e-05,0.9999965525396727,2.292373521235806e-09,3.081782166497e-06,3.633858117028153e-07
2024-12-02,-0.0004962760759259867,0.016363991833890004,0.010961775202785443,0.4094592579823697,237.3661346435547,-0.007140100043141783,0,0,0.9999540182831373,0.00036562366324427095,0.9999540182831373,3.118347415701197e-09,4.571631114372515e-05,2.622873684705508e-07
2024-12-03,-0.007140100043141783,0.016585429721105535,0.011540241997034316,-0.16750630809370795,235.67735290527344,0.0035764871498715424,0,0,0.9999918437855031,7.636476294172663e-05,0.9999918437855031,1.4483490971586956e-09,7.560001132843251e-06,5.947649788852864e-07
2024-12-04,0.0035764871498715424,0.01624033153434949,0.010212094571427178,-0.07143106968696826,236.52175903320312,-0.011733664602567754,0,0,0.999994245628799,5.5037275703653126e-05,0.999994245628799,5.265389023203158e-09,5.4849202539666995e-06,2.6418547259135174e-07
2024-12-05,-0.011733664602567754,0.010842388980135568,0.013104818099764203,0.016147871433875007,233.76271057128903,0.003563841276009992,0,0,0.9932614807661811,0.030462039733376457,0.9932614807661811,0.006222902521196038,0.000515517875409308,9.883723918575288e-08
2024-12-06,0.003563841276009992,0.010830285144173063,0.0063198198347787235,0.026053064388188513,234.5972900390625,-0.0050349742125659425,0,0,0.9908722805009432,0.03802202432181307,0.9908722805009432,0.00898289205126052,0.000142424317013854,2.4031307644527054e-06
2024-12-09,-0.0050349742125659425,0.010774709032206927,0.01569011506062971,-0.2186032524866613,233.4190673828125,-0.004342124045741092,0,0,0.98381057882503,0.06247135219049306,0.98381057882503,0.01517691072899549,0.0010120714039319131,4.3904197182786607e-07
2024-12-10,-0.004342124045741092,0.010208992972258805,0.01225183435852585,0.1785855318757448,232.40773010253903,0.004510308947035758,0,0,0.9217344979939717,0.20073820665234673,0.9217344979939717,0.07761721535025638,0.0006457637638416253,2.522892042682682e-06
2024-12-11,0.004510308947035758,0.0094844201316043,0.010346096693757965,0.14923910292960835,233.4583282470703,-0.013080999779491655,0,0,0.5187002278135676,0.5021441924684348,0.5187002278135676,0.48083960365760947,0.00045819993452779717,1.968594348878084e-06
2024-12-12,-0.013080999779491655,0.009682439921457564,0.0140616494629257,-0.07635837869691157,230.42434692382807,-0.006883872845554362,0,1,0.6625977654825851,0.46555856154880204,0.3365260771457178,0.6625977654825851,0.0008744019347370751,1.7554369548189142e-06
2024-12-13,-0.006883872845554362,0.009300092527182979,0.012785839592795318,0.11098961211136177,228.8435821533203,0.005860708179083609,1,1,0.9459064107445103,0.15255850115423714,0.05393382522817177,0.9459064107445103,0.0001590973462447568,6.666811736255764e-07
2024-12-16,0.005860708179083609,0.00864447207390498,0.013990781202609293,0.29794194589506695,230.18870544433597,-0.011514268374865279,1,1,0.9979779644522736,0.010828725837481684,0.0019048779516734015,0.9979779644522736,0.00011711130199532947,4.6294019546284145e-08
2024-12-17,-0.011514268374865279,0.009102188454769788,0.012507029463124672,0.023588178893276617,227.55345153808597,-0.04528228920838232,1,1,0.9995502509132558,0.003035635213624635,0.00029178813043157246,0.9995502509132558,0.00015784209460826062,1.1886178097779294e-07
2024-12-18,-0.04528228920838232,0.013564211102327473,0.06411883670041463,0.4579206125180137,217.4791259765625,-0.004447416542660758,2,2,0.9997428963686991,0.0017184642155213662,2.269354569196462e-13,2.3690475746199988e-36,0.9997428963686991,0.0002571036311698173
2024-12-19,-0.004447416542660758,0.013551036753729097,0.02319653793581606,-0.007601400929100976,216.51405334472656,0.009326004711164416,0,0,0.9492145772214451,0.15645158270922221,0.9492145772214451,2.1405233237911927e-05,0.04596752344048111,0.004796494104777023
2024-12-20,0.009326004711164416,0.013219110850825453,0.029695369467666016,0.038026820116392725,218.54270935058597,-0.002300860719861836,0,0,0.9400704805466548,0.1707702636416013,0.9400704805466548,5.015974327830167e-08,0.057564080544305375,0.002365388749196916
2024-12-23,-0.002300860719861836,0.012273912854146788,0.013639803819707558,-0.5987961175100275,218.0404510498047,0.008902971479593836,0,0,0.9961793284470717,0.020036956435572656,0.9961793284470717,0.0011578037523490617,0.002585740380339045,7.712742013459924e-05
2024-12-24,0.008902971479593836,0.011848086114461918,0.014100940793589674,-0.7927792089108561,219.9903259277344,0.010198911033623413,0,0,0.9880414777153376,0.05068597190720807,0.9880414777153376,0.0020195175896342925,0.009937306446581817,1.6982483390961251e-06
2024-12-26,0.010198911033623413,0.012225312532616434,0.020693009218829488,0.4017466496238872,222.24546813964844,-0.01468539222822102,0,0,0.9946619985947139,0.0247728859407209,0.9946619985947139,0.00023564605946997005,0.005084307208117386,1.8048137674593345e-05
2024-12-27,-0.01468539222822102,0.012444484585532328,0.023562235296305183,0.2972344016950287,219.00555419921875,-0.007719044215339645,0,0,0.9952419598879667,0.022055381526622068,0.9952419598879667,5.4576024638053405e-05,0.004691264862250994,1.2199225195384966e-05
