Date,log_return,rolling_volatility_20,daily_range,volume_change,current_close,next_log_return,state_viterbi_past_only,state_posterior_argmax,posterior_confidence,posterior_entropy,p_state_0,p_state_1,p_state_2,p_state_3
2023-05-10,0.006033641982215179,0.003613491257438869,0.005213198801977993,0.48767834276987737,61.72978973388672,-0.0016055923892878009,0,0,0.9996773054480096,0.002112864302219587,0.9996773054480096,0.00032067570478072383,2.0066434394293853e-06,1.2203748722965832e-08
2023-05-11,-0.0016055923892878009,0.00327371892137267,0.002142134522493281,-0.33706575541361317,61.63075637817383,-0.003621337400832894,0,0,0.9996117030834683,0.002596834433888307,0.9996117030834683,5.3967379025491237e-05,8.026839719491434e-07,0.0003335268535611618
2023-05-12,-0.003621337400832894,0.003341789477450373,0.00685302537998835,0.08667885253216308,61.40797424316406,-0.00026889389837484796,0,0,0.9995059569335482,0.0030827985229758183,0.9995059569335482,0.0004910239020109028,2.9702449910549566e-06,4.891946768776706e-08
2023-05-15,-0.00026889389837484796,0.003297551081610314,0.0025536936574609066,-0.3322312821177731,61.39146423339844,-0.007014050532515312,0,0,0.9993552170744006,0.004005843096311524,0.9993552170744006,4.655071774374574e-05,5.73860760463996e-07,0.0005976583471202248
2023-05-16,-0.007014050532515312,0.003618294554731992,0.006361684328316362,0.7296529596984793,60.96236801147461,0.0027035705964904596,0,0,0.999434094913362,0.0034662494500951246,0.999434094913362,0.0005647753931962027,1.125814995148805e-06,3.878451957274817e-09
2023-05-17,0.0027035705964904596,0.003599296781083362,0.005534503544558114,-0.06199679531853465,61.12740707397461,0.0005399129557410163,0,0,0.9997793550555616,0.00150600950724282,0.9997793550555616,0.0002191811168074969,1.157377845527539e-06,3.064497792933131e-07
2023-05-18,0.0005399129557410163,0.003600417440553433,0.005126887057893742,-0.279802456068251,61.16041946411133,0.001078516046410316,0,0,0.9998350256497314,0.0011691363719955419,0.9998350256497314,0.00016144395028959616,7.776258992716783e-07,2.7527740786899574e-06
2023-05-19,0.001078516046410316,0.003531623206882074,0.003908368294538237,0.2130242760450417,61.22641754150391,0.004437763853917385,0,0,0.9998899325218057,0.0008591545830558921,0.9998899325218057,6.280990514054635e-05,4.599540352416361e-07,4.6797619024183197e-05
2023-05-22,0.004437763853917385,0.003625504741258352,0.006037796264759751,-0.03234445908488855,61.49872970581055,-0.005246682118563979,0,0,0.9995260728083708,0.0029705783269725924,0.9995260728083708,0.0004712403689243772,2.6798349241137724e-06,6.987766923618223e-09
2023-05-23,-0.005246682118563979,0.0037861816414034855,0.00553012767041674,-0.0737842209923376,61.17691040039063,-0.007038422340442494,0,0,0.9992056921759512,0.004678861177302508,0.9992056921759512,0.0007908287366408878,3.459567832219256e-06,1.9519603840314717e-08
2023-05-24,-0.007038422340442494,0.003998750071633879,0.007470733521384118,0.16113653654040663,60.747833251953125,-0.0006791138889840008,0,0,0.9897596620745608,0.04133712609870522,0.9897596620745608,0.01021077297457119,2.956494946071355e-05,1.4184627501715432e-12
2023-05-25,-0.0006791138889840008,0.0038915198789070122,0.0048933072155074265,-0.5736803640688555,60.70659255981445,0.006097983828345207,0,0,0.9994979488255882,0.0031203493568034554,0.9994979488255882,0.0005007459213920485,9.751325553649414e-07,3.3012047673496956e-07
2023-05-26,0.006097983828345207,0.00403596489239483,0.006619803917748897,0.09293102850401183,61.077911376953125,0.004313778933038098,0,0,0.9973455160846226,0.01331632814471859,0.9973455160846226,0.0026447498889696497,9.734024791419924e-06,1.6167023351391562e-12
2023-05-30,0.004313778933038098,0.004072622153040802,0.003497473083650763,0.1545291727022812,61.34195709228516,-0.0030989935578897374,0,0,0.9996822203374977,0.0020826631525953454,0.9996822203374977,0.00031622307395260486,1.5189793872337668e-06,3.760917726187054e-08
2023-05-31,-0.0030989935578897374,0.004120646800973472,0.00404807784761924,0.45675888765105316,61.15215301513672,0.005988271255590389,0,0,0.9996833524803163,0.0020734602979033366,0.9996833524803163,0.0003157508965125086,8.383203787950568e-07,5.830280676972479e-08
2023-06-01,0.005988271255590389,0.004356076259345192,0.007142840985109107,-0.022557654104940678,61.51944732666016,0.005108109241474295,0,0,0.9902778655985148,0.03959681522504438,0.9902778655985148,0.009697466404099212,2.466799740403481e-05,9.211392513190399e-15
2023-06-02,0.005108109241474295,0.004442136541359311,0.0063018715442413826,0.1632862122607242,61.83449935913086,-0.0008045411707485768,0,0,0.9946135827418222,0.02421763122445471,0.9946135827418222,0.005377982319893168,8.434937759515764e-06,5.245819140843634e-13
2023-06-05,-0.0008045411707485768,0.00428983881975118,0.002818125648516481,-0.7296505968962889,61.78477096557617,0.001609175284802143,0,0,0.99937207954702,0.003797553292725182,0.99937207954702,0.0006269876922993057,9.172867202627331e-07,1.547394465090202e-08
2023-06-06,0.001609175284802143,0.004246744204951625,0.004555251474617646,-0.04560879476722831,61.884273529052734,-0.005508347016936306,0,0,0.9995445967566843,0.0028620261891733577,0.9995445967566843,0.00045422033595709946,1.171093882305376e-06,1.1813483392428167e-08
2023-06-07,-0.005508347016936306,0.00439989982416952,0.008756587585661097,0.3405515517885354,61.54433059692383,0.006311595100420731,0,0,0.9485967609674346,0.1465387068436694,0.9485967609674346,0.05133513664350213,6.810238908202118e-05,7.783383301530083e-16
2023-06-08,0.006311595100420731,0.004419851814478609,0.00682723597953157,0.04966895361890666,61.93400192260742,0.0002680165553217279,0,0,0.9666579713079637,0.10565249091342016,0.9666579713079637,0.033304629559077883,3.739913294276248e-05,1.0773404867956047e-14
2023-06-09,0.0002680165553217279,0.004400157289409092,0.002275136056852875,-0.22954644337507615,61.95060348510742,-0.0010712646388061208,0,0,0.9983033286846987,0.00904711313659293,0.9983033286846987,0.0016934361655407976,3.231977218438591e-06,3.1725170393989885e-09
2023-06-12,-0.0010712646388061208,0.004317983702866985,0.004287241391223784,0.12550840352685008,61.884273529052734,0.001204999711182001,0,0,0.9994347169624388,0.003463709683508618,0.9994347169624388,0.0005639745778569446,1.2981714990792772e-06,1.0288190647489943e-08
2023-06-13,0.001204999711182001,0.004318790018724157,0.004282077886385222,0.25245936389731116,61.95888900756836,0.00040109794018477134,0,0,0.9995692851705505,0.0027238771310381374,0.9995692851705505,0.00042966712564215933,1.0383571955741078e-06,9.346604000317959e-09
2023-06-14,0.00040109794018477134,0.0039455478428461,0.007758081662481351,-0.18202687010438195,61.98374557495117,0.004804220885451236,0,0,0.9964249950722981,0.0171537145678049,0.9964249950722981,0.003564682276517317,1.0322641267739575e-05,9.901165857201895e-12
2023-06-15,0.004804220885451236,0.004025183196387154,0.004392995460449483,0.2550423238694216,62.28224563598633,-0.00253276989013034,0,0,0.9995910407644801,0.0026041669584742633,0.9995910407644801,0.00040734573722474635,1.602069711712302e-06,1.1428560314225968e-08
2023-06-16,-0.00253276989013034,0.004099050600469017,0.0028026035448734756,0.11457047803066815,62.124698638916016,-0.002672548935505601,0,0,0.9996737152200849,0.0021326621960793025,0.9996737152200849,0.0003245840204055551,1.6281718117619716e-06,7.25876782968725e-08
2023-06-20,-0.002672548935505601,0.004169979401391566,0.002676260394194555,-0.3984472266802705,61.95888900756836,-0.0025459432536344,0,0,0.9994917283888882,0.003156391963964849,0.9994917283888882,0.0005063826219806622,1.8695373748175832e-06,1.9451738347517144e-08
2023-06-21,-0.0025459432536344,0.00412336449880673,0.0041588080867486915,0.21909597284145052,61.80134582519531,-0.0029559995542996803,0,0,0.9996475668511824,0.0022810817153508336,0.9996475668511824,0.00035131142450787117,1.060571605361735e-06,6.115267147839066e-08
2023-06-22,-0.0029559995542996803,0.003992519652431595,0.0024219632119874294,-0.2325208976495223,61.61893081665039,-0.0017504906830858285,0,0,0.9996768733305652,0.002115447013806512,0.9996768733305652,0.0003211519101795854,1.8723010744978967e-06,1.0245814230836388e-07
2023-06-23,-0.0017504906830858285,0.0036359594755062535,0.0035045441120697242,0.07065240989294912,61.51116180419922,0.0005390867629015848,0,0,0.9998912020566217,0.000832409590172964,0.9998912020566217,9.033984771578115e-05,6.281552006662807e-07,1.7829940507707903e-05
2023-06-26,0.0005390867629015848,0.0036231554083201935,0.003233267982085364,0.0658332999651579,61.54433059692383,0.0033621834317817986,0,0,0.9998946038706943,0.0008229593681102794,0.9998946038706943,6.978192721348747e-05,5.556304220941023e-07,3.5058571724878874e-05
2023-06-27,0.0033621834317817986,0.0034558266705002005,0.0034908985568173215,-0.13006605112630756,61.75160217285156,0.005756876795041327,0,0,0.9998848843719839,0.0008932980518847178,0.9998848843719839,7.321822719291947e-05,7.445131598912695e-07,4.1152887635965816e-05
2023-06-28,0.005756876795041327,0.003552299558023357,0.006541255763039227,0.11802269710420278,62.10812377929688,-0.0026735094543201884,0,0,0.9990451799061917,0.0055060572014092824,0.9990451799061917,0.0009483338406736014,6.486047562226941e-06,2.0559847463561895e-10
2023-06-29,-0.0026735094543201884,0.0035300552301630217,0.0038816881151269625,0.15620976030451023,61.94229888916016,0.004806876155696297,0,0,0.9998846044398406,0.0008837781638904304,0.9998846044398406,9.022421700469675e-05,6.315114387039814e-07,2.4539831761333274e-05
2023-06-30,0.004806876155696297,0.003444737332325101,0.004662294865377824,-0.15166846706994894,62.24076461791992,-0.0015680915629425831,0,0,0.9998351590133185,0.0011662907880607256,0.9998351590133185,0.00016203754895878215,1.448119775158466e-06,1.3553179484757143e-06
2023-07-03,-0.0015680915629425831,0.0033037296948857826,0.002280426443736211,-1.0106004915580573,62.14324188232422,-0.003089945474479866,0,0,0.9996897910848105,0.002141249230769863,0.9996897910848105,5.86462440742151e-05,2.3682793562137438e-07,0.000251325843220269
2023-07-05,-0.003089945474479866,0.003380715935854435,0.004574865025313432,1.0676731860213364,61.95151901245117,-0.007291940963056496,0,0,0.9998767886412907,0.0009407935627658479,0.9998767886412907,3.281006464052763e-05,6.112640968002823e-08,9.034016771079559e-05
2023-07-06,-0.007291940963056496,0.003742895543509152,0.0037950499312754717,0.31986785867041984,61.50141525268555,0.000948178587497381,0,0,0.9993913169591851,0.003707700115590433,0.9993913169591851,0.0006045926144162553,4.073900029625115e-06,1.6526382010348904e-08
2023-07-07,0.000948178587497381,0.00354412595983765,0.008124556350957114,-0.21200462059910705,61.559757232666016,0.004997554588988742,0,0,0.996819224016232,0.015559501632407536,0.996819224016232,0.003164352261827534,1.642370486850818e-05,1.7038008948020553e-11
2023-07-10,0.004997554588988742,0.0034315997885788867,0.0052546400327954995,0.07918355534127215,61.8681755065918,0.005374972777894654,0,0,0.9997388271107885,0.0017526199945275761,0.9997388271107885,0.00025890376088890554,2.0508925680166385e-06,2.1823577535844094e-07
2023-07-11,0.005374972777894654,0.003640410581445847,0.00442243123704258,-0.3574821004365887,62.20161056518555,0.007742043994954508,0,0,0.999766482459195,0.0015847412015073446,0.999766482459195,0.00023182802108133064,1.4531173370228568e-06,2.364024237969829e-07
2023-07-12,0.007742043994954508,0.003994360578731289,0.0038563953097889396,0.2912638529686133,62.6850471496582,0.005966945289715378,0,0,0.9991861386720045,0.0047904764908698865,0.9991861386720045,0.0008073560285681183,6.504930141014422e-06,3.6934270434937865e-10
2023-07-13,0.005966945289715378,0.004167794158724578,0.004230002490016486,-0.232009072835791,63.060203552246094,-0.007297267660638899,0,0,0.9992733879323019,0.00432505199539447,0.9992733879323019,0.0007238534705018336,2.757802016211829e-06,7.951270583937175e-10
2023-07-14,-0.007297267660638899,0.004552207349827371,0.007722958900725118,0.06077602539196184,62.60171127319336,0.0018625400795056356,0,0,0.908278458689439,0.2220098098429202,0.908278458689439,0.09154694673161722,0.0001745945789384536,1.5158032155250444e-15
2023-07-17,0.0018625400795056356,0.00445210394193685,0.0047846972431257115,-0.2241431694352155,62.71841812133789,0.0027872004425686103,0,0,0.9936255908943893,0.027857401144281892,0.9936255908943893,0.006369666058075654,4.742370073109108e-06,6.774514928163119e-10
2023-07-18,0.0027872004425686103,0.004429738881547356,0.0037111520214306616,-0.10390278440072723,62.89347076416016,0.0007949701462133873,0,0,0.9991386361578394,0.005015649376828838,0.9991386361578394,0.0008594637174950631,1.8983329840402399e-06,1.7917013742071992e-09
2023-07-19,0.0007949701462133873,0.004361631845787144,0.0025162552778565596,0.030465209590524317,62.94348907470703,-0.004379690342923533,0,0,0.9995091731419314,0.00306106226847284,0.9995091731419314,0.000488833618079024,1.9861943586049334e-06,7.045594361698682e-09
2023-07-20,-0.004379690342923533,0.0044537132561259475,0.004256447107279252,0.00868402601300352,62.668418884277344,0.002523998600914743,0,0,0.9978990908293212,0.010883248294024258,0.9978990908293212,0.0020958144749600523,5.094462867414095e-06,2.3285337520296264e-10
2023-07-21,0.002523998600914743,0.00438521310999875,0.003847696762098036,0.32605609839150773,62.8267936706543,-0.0017264788467729812,0,0,0.9994547320391324,0.0033557668818732815,0.9994547320391324,0.0005438816443813342,1.3829663862285877e-06,3.350117624300699e-09
2023-07-24,-0.0017264788467729812,0.004384432125345682,0.0042530529493583205,-0.5819794522916835,62.71841812133789,-0.0006645251864846684,0,0,0.9988982774577008,0.006216483244134484,0.9988982774577008,0.0010999708508859587,1.7487834957594428e-06,2.907897756072337e-09
2023-07-25,-0.0006645251864846684,0.004398920932523424,0.0027929123241657488,0.3624796690946086,62.676753997802734,0.003981331384701186,0,0,0.9994448034845829,0.003411403023290371,0.9994448034845829,0.0005533685831074192,1.8228327411449428e-06,5.099517780026731e-09
2023-07-26,0.003981331384701186,0.004419206116244374,0.005828518008514724,0.09512996355643537,62.926788330078125,-0.007979432646136632,0,0,0.9981469984962341,0.009763716760825896,0.9981469984962341,0.0018492582982578916,3.7431907422491684e-06,1.471315744162029e-11
2023-07-27,-0.007979432646136632,0.004690693030047969,0.012818788787510001,0.3866038430613508,62.426666259765625,0.005725422997454339,1,1,0.9957935598531477,0.021660218031912204,0.001646797007117471,0.9957935598531477,0.0025596431397524777,3.851697879535142e-33
2023-07-28,0.005725422997454339,0.004789563579312863,0.0030535811002514804,-0.567786592143565,62.78511047363281,0.002386700646247481,1,1,0.8471248421509167,0.31046331350104006,0.15248328596080768,0.8471248421509167,0.00039187188827888655,1.431677021001861e-14
2023-07-31,0.002386700646247481,0.004709602010986952,0.002913923453021523,0.10832547973999476,62.93513870239258,-0.004962630421085656,0,0,0.7176159951382025,0.4305649149761942,0.7176159951382025,0.2821773161373377,0.00020668868825834475,3.6250890898172355e-11
2023-08-01,-0.004962630421085656,0.004849228817977343,0.003744801282170981,0.11609894900536208,62.62358856201172,-0.004288807137048945,0,0,0.8122976237187508,0.3490087232715556,0.8122976237187508,0.18758886956248064,0.00011350671816867798,5.660341268989515e-13
2023-08-02,-0.004288807137048945,0.004901571927548446,0.0034922030556520543,0.08253444295395776,62.35558319091797,-0.0032290878806000086,0,0,0.8804175097554277,0.26454258812099796,0.8804175097554277,0.11950565024260046,7.684000138955681e-05,5.408772448837997e-13
2023-08-03,-0.0032290878806000086,0.0046468478890002145,0.0036383812935180575,-0.211623648744982,62.15455627441406,0.00591132001235046,0,0,0.9760905095630391,0.0815357430491866,0.9760905095630391,0.023891748239744805,1.7742145084262306e-05,5.215992800727227e-11
2023-08-04,0.00591132001235046,0.004800442420669361,0.004956500187796546,0.2092582181537399,62.5230598449707,0.0018740156984474873,0,0,0.9871064324932552,0.04979097460233814,0.9871064324932552,0.012878823762164706,1.4743744435144194e-05,9.652883534908997e-14
2023-08-07,0.0018740156984474873,0.00470575908940658,0.0030753222906545275,-0.6560664958480051,62.64033889770508,0.002136833021071884,0,0,0.9974810404596917,0.012700153755170128,0.9974810404596917,0.0025168379039534677,2.121543037852405e-06,9.327847859699036e-11
2023-08-08,0.002136833021071884,0.004587781767149831,0.004536308895721696,0.5167198430845225,62.77433395385742,0.0001333777927951654,0,0,0.998924552185233,0.006085937847963839,0.998924552185233,0.0010739533863863221,1.4942449351775081e-06,1.834213555611057e-10
2023-08-09,0.0001333777927951654,0.004255428064638545,0.0033351121004987503,-0.16594297529889832,62.78270721435547,-0.0002668341541306824,0,0,0.9996180039013225,0.0024501540149350384,0.9996180039013225,0.00038078048653193187,1.1801267298184039e-06,3.54854577713578e-08
2023-08-10,-0.0002668341541306824,0.004023345630600438,0.008139853088856076,0.46058481925503575,62.76595687866211,-0.0014685880196995767,0,0,0.9972565219319736,0.013671072632542492,0.9972565219319736,0.0027395063297580564,3.971736640020572e-06,1.6442502990221628e-12
2023-08-11,-0.0014685880196995767,0.0036813395026429933,0.003741798375590506,-0.6275868049737212,62.67384719848633,-0.0001336703500032311,0,0,0.9998326444114992,0.001197097819930586,0.9998326444114992,0.00015840665038517629,5.450136516431328e-07,8.403924407313272e-06
2023-08-14,-0.0001336703500032311,0.0036568062738741593,0.004811555891739278,0.201788070802082,62.665470123291016,-0.0032130329713857147,0,0,0.9998881674242034,0.0008310560491417097,0.9998881674242034,0.00010660596395765164,4.959192839609543e-07,4.730692498893463e-06
2023-08-15,-0.0032130329713857147,0.0036585919108061598,0.003217992194652877,0.1440703006864734,62.464447021484375,-0.0030887338949123983,0,0,0.9998742186247828,0.0009269599423065404,0.9998742186247828,0.00011881314588423121,9.076423376789536e-07,6.060586974341805e-06
2023-08-16,-0.0030887338949123983,0.0036979113706417078,0.0053799802836328806,-0.037366848824229595,62.27180862426758,-0.004178052192134038,0,0,0.9997112602201967,0.0019137701948941574,0.9997112602201967,0.0002870796768917467,1.268636693587484e-06,3.914662704708214e-07
2023-08-17,-0.004178052192134038,0.003687140876688117,0.0075634461327553784,0.19367915446035117,62.01217651367188,0.0006749640267246213,0,0,0.9982053837275386,0.009507632283827987,0.9982053837275386,0.0017886371511510136,5.9789307149661705e-06,1.9060614902927216e-10
2023-08-18,0.0006749640267246213,0.0036293594823396417,0.006208653086913523,0.13528325440497987,62.054046630859375,-0.00027002932859637236,0,0,0.9997084108304405,0.001928392182079909,0.9997084108304405,0.0002903787915569002,1.1114088413073424e-06,9.896913347918758e-08
2023-08-21,-0.00027002932859637236,0.003620565292449055,0.004050263979935939,-0.3606532138804961,62.03729248046875,0.0005397399322305577,0,0,0.9998777529130285,0.0009201377682920371,0.9998777529130285,0.0001051073946725443,5.433700168544989e-07,1.6596322280070776e-05
2023-08-22,0.0005397399322305577,0.0036284952133953555,0.002833613314575036,-0.5286321102097938,62.07078552246094,0.008063590095794954,0,0,0.9998898017514966,0.0008536934532340045,0.9998898017514966,7.781922587132328e-05,4.3031401419756074e-07,3.19487086402223e-05
2023-08-23,0.008063590095794954,0.003989834516492419,0.0056217129446144345,0.6100311710333427,62.57332229614258,-0.005502815444914005,0,0,0.9981154439174587,0.009924507875879493,0.9981154439174587,0.0018765547131928226,8.001367185576436e-06,2.1851915554963183e-12
2023-08-24,-0.005502815444914005,0.003770765823755852,0.006729474824539335,0.02830027851798959,62.22993850708008,0.004163096003589225,0,0,0.9980143795434072,0.01037746540235878,0.9980143795434072,0.0019782888475530177,7.330899929605923e-06,7.090878804738599e-10
2023-08-25,0.004163096003589225,0.00365693688037386,0.005897263214211432,-0.09740550576834812,62.48954772949219,0.003746165498157788,0,0,0.9995277423513823,0.0029601284019663333,0.9995277423513823,0.00046990119411298626,2.3435315019132454e-06,1.2922970794036178e-08
2023-08-28,0.003746165498157788,0.0037203356630385615,0.0032046717282081406,-0.37252648133162214,62.724082946777344,0.006256469590178979,0,0,0.999877837335651,0.0008966582634911629,0.999877837335651,0.00011797100671685315,7.170838988620494e-07,3.4745737202644934e-06
2023-08-29,0.006256469590178979,0.003804208539079162,0.007696414893274531,0.6756382081476257,63.11774444580078,-0.00039824347831386654,0,0,0.9965640257892775,0.016580188510015647,0.9965640257892775,0.0034272057114013996,8.768499228147108e-06,3.9788543950972084e-14
2023-08-30,-0.00039824347831386654,0.0036484892653648967,0.0029204993409734635,-0.3589311905153744,63.09261322021485,-0.0006640917730967885,0,0,0.9998746468002251,0.0009488707296482009,0.9998746468002251,0.0001014415384881322,5.88723072902517e-07,2.3322938170485175e-05
2023-08-31,-0.0006640917730967885,0.0035510492074437255,0.002922337870296237,0.04533751894720878,63.05072784423828,0.0018802679524395137,0,0,0.9998705275346927,0.000996704944095409,0.9998705275346927,6.449481924166977e-05,6.147223280520624e-07,6.436292372689694e-05
2023-09-01,0.0018802679524395137,0.003349304230883281,0.005195143082907545,0.07463454809145427,63.16939163208008,-0.006548776566383952,0,0,0.9998906684902918,0.0008264781384357643,0.9998906684902918,9.799311675084885e-05,7.516936855694707e-07,1.0586699232779857e-05
2023-09-05,-0.006548776566383952,0.003682309530251524,0.005899737605303135,-0.11853377428815412,62.75706100463867,-0.0024163914404717875,0,0,0.9985428148840295,0.007951629696293044,0.9985428148840295,0.0014491294945036125,8.051869281956436e-06,3.752217458008486e-09
2023-09-06,-0.0024163914404717875,0.0036900478543291375,0.004032299000067373,0.04302291573200152,62.60559844970703,0.003354473994541321,0,0,0.9998578539065424,0.0010306073449678674,0.9998578539065424,0.00013606331897412477,7.370077758585293e-07,5.345766754299073e-06
2023-09-07,0.003354473994541321,0.0037717476746679064,0.005492346332601736,-0.06853839242574364,62.81595993041992,-0.00040197970379818836,0,0,0.9996885130998507,0.0020455588523448495,0.9996885130998507,0.0003100593182160436,1.3816674301802038e-06,4.591451931488967e-08
2023-09-08,-0.00040197970379818836,0.0037724218101785564,0.0042883902847199555,-0.08594407932177177,62.790714263916016,0.0017408068720320515,0,0,0.9998606511998774,0.0010071347730010443,0.9998606511998774,0.00013541650645968346,6.285305482809054e-07,3.303763106363946e-06
2023-09-11,0.0017408068720320515,0.003774040419438221,0.00240803083847199,0.09982628469060188,62.90011596679688,-0.0016068564268748424,0,0,0.9998945895262917,0.0007923586820302529,0.9998945895262917,9.867111600627333e-05,9.132350354370257e-07,5.826122624652012e-06
2023-09-12,-0.0016068564268748424,0.0037948077203504237,0.002679948881112397,-0.29691773776461566,62.79912567138672,0.0026768835318006,0,0,0.9998583904740016,0.0010217176305791981,0.9998583904740016,0.0001377396824606855,8.592653722716397e-07,3.0105781136110476e-06
2023-09-13,0.0026768835318006,0.003751935833125812,0.004142792735568638,0.23828641084004115,62.96745681762695,0.0012018310932420974,0,0,0.9998827862028531,0.000860204484047115,0.9998827862028531,0.00011451209771362105,6.337008859269832e-07,2.0679985817972085e-06
2023-09-14,0.0012018310932420974,0.0036635175701688534,0.002269062641485455,0.07281383663628366,63.04317855834961,-0.003745025065424093,0,0,0.9999014448515651,0.0007652704096350686,0.9999014448515651,7.862560165989434e-05,8.652030501436853e-07,1.90643437628089e-05
2023-09-15,-0.003745025065424093,0.003634863885020919,0.0028134925802502124,0.34202695282012296,62.80752182006836,0.0006698186196859523,0,0,0.9998770488438892,0.0009062762258252726,0.9998770488438892,0.00011704170591863661,1.0097352683084929e-06,4.899714946699938e-06
2023-09-18,0.0006698186196859523,0.0036348612538471665,0.0029454221999949334,-0.756026852283818,62.849605560302734,-0.0030840228050187696,0,0,0.9998886131658916,0.000860210302591252,0.9998886131658916,8.068507594537263e-05,2.9047538047186666e-07,3.041128277303809e-05
2023-09-19,-0.0030840228050187696,0.0037251576506646335,0.0030888494542974567,0.5515518168309849,62.65607452392578,-0.0008059301101860205,0,0,0.999892902910262,0.0008003591199886799,0.999892902910262,0.00010164028756239833,5.691559109894201e-07,4.88764627921274e-06
2023-09-20,-0.0008059301101860205,0.003736466267437698,0.004973155093999984,-0.23928280925792667,62.60559844970703,-0.0071492008951461634,0,0,0.999800726800889,0.0013780966258022903,0.999800726800889,0.00019713984450317023,8.165830700601444e-07,1.3167715036394719e-06
2023-09-21,-0.0071492008951461634,0.003647869065827504,0.003925827869835325,0.4835539727065877,62.15961456298828,0.0017582205149493308,0,0,0.9996191953028339,0.002447777483597669,0.9996191953028339,0.00037848511215446434,2.2527794912352914e-06,6.680550371007694e-08
2023-09-22,0.0017582205149493308,0.0034627558102969984,0.003783767287795608,-0.1671703313799568,62.26900100708008,-0.0013520990396567185,0,0,0.9998613842917915,0.0010598947933944073,0.9998613842917915,6.762194567783065e-05,5.549421525735787e-07,7.04388203213705e-05
2023-09-25,-0.0013520990396567185,0.0033336000760871274,0.004059477891326246,-0.1938534504474854,62.18486404418945,-0.004339647158744682,0,0,0.9997718804197284,0.0016467850131191093,0.9997718804197284,6.686403911568454e-05,5.926452367300752e-07,0.00016066289587747068
2023-09-26,-0.004339647158744682,0.003314422843285078,0.004892642041218638,0.2607390199247731,61.91558837890625,-0.001360253902632081,0,0,0.999875026070133,0.0009328610454802425,0.999875026070133,0.0001118619931255195,8.329864930828144e-07,1.2278950276976652e-05
2023-09-27,-0.001360253902632081,0.002889610988679642,0.006804572361969277,0.1499216085464078,61.831424713134766,0.004752355073952031,0,0,0.9997868200754995,0.0014691909697080302,0.9997868200754995,0.0002093992797878355,2.3787022046961113e-06,1.4019424809836996e-06
2023-09-28,0.004752355073952031,0.00316520742500641,0.007449587405082088,0.0053532755585152456,62.12596893310547,-0.001491660574379424,0,0,0.9985160521435609,0.008106434519643723,0.9985160521435609,0.0014675840573980584,1.6363687943577463e-05,1.1113860195397549e-10
2023-09-29,-0.001491660574379424,0.0031691297008077358,0.006782419855136719,0.12165185543516031,62.03336715698242,-0.006086309177201717,0,0,0.9997170805580771,0.0018819727480256262,0.9997170805580771,0.0002805810974956724,1.9833917696955407e-06,3.549526419982827e-07
2023-10-02,-0.006086309177201717,0.003310265796259497,0.00603642222110109,0.29238344103206093,61.656959533691406,-0.010203895726659057,0,0,0.9996272962817959,0.002402542477655475,0.9996272962817959,0.0003701942753195503,2.3649188848697384e-06,1.4452404979145257e-07
2023-10-03,-0.010203895726659057,0.00369855322118548,0.009424813455227403,0.11574422889874489,61.0310173034668,0.005114807279485234,0,0,0.7134710104826713,0.44132924914997856,0.7134710104826713,0.28435085094289814,0.0021781385743899974,4.167359303846638e-18
2023-10-04,0.005114807279485234,0.003962964416490693,0.007032467325475225,0.5807163072437618,61.34397888183594,0.0009648377009674272,0,0,0.9658092657887661,0.10766493786207239,0.9658092657887661,0.03416164168774184,2.9092520939390805e-05,2.5564827597245893e-12
2023-10-05,0.0009648377009674272,0.0038588572369606337,0.003857263995351944,-0.9064470244769337,61.40319442749024,0.0013766203721776186,0,0,0.9995044298098495,0.0030897855545716,0.9995044298098495,0.0004930966703055653,4.264016192475014e-07,2.0471181903714095e-06
2023-10-06,0.0013766203721776186,0.003897002680030345,0.009905092812226847,-0.06241922972840118,61.4877815246582,0.007401265424777056,0,0,0.9253963636257923,0.19286394780628002,0.9253963636257923,0.07429920090995008,0.0003044354642371255,1.031862352878554e-17
2023-10-09,0.007401265424777056,0.004295416814482299,0.00737403920214644,-0.6593514335200847,61.944557189941406,-0.00027290904861022847,0,0,0.8672271478692091,0.2832566177164731,0.8672271478692091,0.13263961778013553,0.00013323435063294337,3.8852477840696894e-16
2023-10-10,-0.00027290904861022847,0.004292018719506206,0.006693149833244423,0.6210889748206984,61.92765426635742,-0.00013651326297443137,0,0,0.9907968341849354,0.03775084543175274,0.9907968341849354,0.009200208365231019,2.9573556902623742e-06,9.41399351625177e-11
2023-10-11,-0.00013651326297443137,0.004221079373333656,0.007650344417148628,0.04936823692253545,61.9192008972168,-0.0053422600179767,0,0,0.9934297615144398,0.028591401547207435,0.9934297615144398,0.006560878799772987,9.359683506275148e-06,2.271489651306675e-12
2023-10-12,-0.0053422600179767,0.004307281272904461,0.007965964160181874,0.12395076306742023,61.58929443359375,-0.0008245443902325759,0,0,0.9720119686079687,0.09233299275025594,0.9720119686079687,0.027944735054921625,4.3296337057512136e-05,6.866004917352848e-14
2023-10-13,-0.0008245443902325759,0.004264560045695356,0.007697560942869416,-0.10794062958204569,61.53853225708008,-0.0002747719277007669,0,0,0.9830111128518142,0.06219553929490997,0.9830111128518142,0.01697041290156987,1.8474245326677456e-05,1.3048127572513542e-12
2023-10-16,-0.0002747719277007669,0.004250059883467031,0.0032999516305010864,-0.31994886390626176,61.52162551879883,-0.004685639331070789,0,0,0.9992471917768733,0.004455831723265278,0.9992471917768733,0.0007513710769614493,1.4021174255919412e-06,3.502876438718091e-08
2023-10-17,-0.004685639331070789,0.004304786403687899,0.0044204958906240545,0.25824957439857676,61.234031677246094,-0.004846847375428154,0,0,0.9988079834544104,0.006662721139086374,0.9988079834544104,0.0011891097536512222,2.905624869817952e-06,1.1670863165434485e-09
2023-10-18,-0.004846847375428154,0.0043820299427339005,0.00652417011007869,0.13489433529072362,60.93795776367188,-0.0036154626441062057,0,0,0.9943793874299045,0.025100928660251265,0.9943793874299045,0.005611081719570367,9.530840987092345e-06,9.573330846197285e-12
2023-10-19,-0.0036154626441062057,0.004203496146984418,0.00863754189364594,0.1965704446310238,60.71803665161133,0.0020873640573057487,0,0,0.9759268193296183,0.08206554888704133,0.9759268193296183,0.02403667431017088,3.650636019918532e-05,2.1233154279697543e-14
2023-10-20,0.0020873640573057487,0.0042162023042487335,0.003753602695966879,-0.09027650660126049,60.84490966796875,0.004023523848890537,0,0,0.9992302093863881,0.004544123359330295,0.9992302093863881,0.0007682824344976339,1.4756058605703297e-06,3.2573266740168156e-08
2023-10-23,0.004023523848890537,0.004371579194211208,0.010246439369449885,-0.3110946652887382,61.090213775634766,0.005110174294948854,0,0,0.5112722076916008,0.5076807617082525,0.5112722076916008,0.48710157987399316,0.001626212434374864,4.104959463250509e-22
2023-10-24,0.005110174294948854,0.004488010946727881,0.003995053453060566,-0.023012280532579418,61.40319442749024,-0.005387275256117719,0,0,0.9416401242823965,0.16076185099645066,0.9416401242823965,0.05830566789664332,5.4207750287106774e-05,7.069279999696433e-11
2023-10-25,-0.005387275256117719,0.004620991571990557,0.004847624500205951,-0.0879660001422398,61.07328796386719,0.003457166006698157,0,0,0.9680229651514416,0.10226902439013362,0.9680229651514416,0.03194888043825267,2.8154404713665394e-05,5.644429282844373e-12
2023-10-26,0.003457166006698157,0.004550321263381865,0.006625305412731833,0.0619011805218255,61.284793853759766,-0.0012433778411561841,0,0,0.9868250653586501,0.05065174010480854,0.9868250653586501,0.013163734444406197,1.1200196514502595e-05,4.2558259544856195e-13
2023-10-27,-0.0012433778411561841,0.004548333243471206,0.005251482175410702,-0.23887794201803556,61.208641052246094,0.00027636367029940817,0,0,0.9962328819119702,0.01790256137284234,0.9962328819119702,0.0037629931905263665,4.124744245903109e-06,1.5325685260228604e-10
2023-10-30,0.00027636367029940817,0.004368452929944971,0.0031777198903213885,-0.2024258426416734,61.22555923461914,0.0026215593611198912,0,0,0.9993937645022156,0.003684683835253106,0.9993937645022156,0.0006046836712782019,1.542978607631794e-06,8.8478955622485e-09
2023-10-31,0.0026215593611198912,0.0037424867998736067,0.005787595426568523,0.37155407463634627,61.38627624511719,0.009486342313109413,0,0,0.9997628867893164,0.0016029379899317568,0.9997628867893164,0.00023625427005672606,8.069756483765978e-07,5.19649909315169e-08
2023-11-01,0.009486342313109413,0.004145095949854458,0.008096664540236076,0.3407441502428503,61.971378326416016,0.011189926679293034,0,0,0.9240370639977212,0.19553271898477756,0.9240370639977212,0.07560609745969463,0.0003568385426068732,9.88615572523393e-20
2023-11-02,0.011189926679293034,0.00478542664571947,0.006378086648549659,0.15027000911201832,62.66872787475586,0.009723557697029426,0,1,0.5104638740502465,0.5046710424818323,0.4886160281770545,0.5104638740502465,0.0009200977727276399,4.568002873618498e-21
2023-11-03,0.009723557697029426,0.005166931479722155,0.0061819521816109555,0.25287645470969644,63.281063079833984,-0.004040159867823284,1,1,0.9292977048398654,0.18671331449926765,0.0701172118925288,0.9292977048398654,0.0005850832676309165,5.920495547452865e-22
2023-11-06,-0.004040159867823284,0.005104882537766307,0.0047226888576250604,0.05624414545156545,63.02591323852539,0.00013490303025434562,1,1,0.9353635819689501,0.17420816157622762,0.0643263235506069,0.9353635819689501,0.0003100944804092093,2.1523081940302063e-15
2023-11-07,0.00013490303025434562,0.005100909744843835,0.0041823738141731955,-0.6210755307463528,63.03441619873047,0.0005399745716970438,1,1,0.8615527792830764,0.29102698532417415,0.1382764652289045,0.8615527792830764,0.00017075548795581697,3.7813077104102086e-14
2023-11-08,0.0005399745716970438,0.00509601519578752,0.002292418958262605,-0.20407931479883085,63.06846237182617,-0.006222177524694519,1,1,0.712497658014292,0.4347850974797522,0.28713118551513744,0.712497658014292,0.0003711564705639571,3.466636753854318e-14
2023-11-09,-0.006222177524694519,0.0051563619300637464,0.006919974997945136,0.42378203085170835,62.6772575378418,0.0048725722206624696,1,1,0.956755289599624,0.12934277226405774,0.043061329283805364,0.956755289599624,0.00018338111661825142,4.286586089615668e-18
2023-11-10,0.0048725722206624696,0.005214537047511503,0.0031055324753028477,-0.5695337795704178,62.98340225219727,-0.0009455297673419854,1,1,0.9104154602124768,0.21875254215877243,0.08934135340382299,0.9104154602124768,0.0002431863837402698,4.340376066270342e-16
2023-11-13,-0.0009455297673419854,0.005226396779536425,0.0036490965111733668,0.05382907043856402,62.92387771606445,0.010085365000599242,1,1,0.8773571312504655,0.270010259803465,0.12233415771543485,0.8773571312504655,0.0003087110340657212,4.999578307507389e-15
2023-11-14,0.010085365000599242,0.005402485465119962,0.004147679521730658,0.5974596324049909,63.56169891357422,-0.0032165454530231,1,1,0.9882136801633005,0.04808104591616825,0.011107301800963455,0.9882136801633005,0.0006790180357240974,9.486457818058015e-23
2023-11-15,-0.0032165454530231,0.005307339265355673,0.003758372876468121,-0.437895228556803,63.35757827758789,0.001341700302389299,1,1,0.9879276386622723,0.048063232446735805,0.011798138409383312,0.9879276386622723,0.00027422292831450666,1.209765084494115e-17
2023-11-16,0.001341700302389299,0.005147236027195105,0.0029490780858319175,0.1842285965857396,63.44264221191406,0.0022761493466361814,1,1,0.9237111130433047,0.19645749224829878,0.07584302843903273,0.9237111130433047,0.0004458585176147256,3.0298051713242347e-15
2023-11-17,0.0022761493466361814,0.005147201793332864,0.00387847130068989,-0.17858159630632217,63.58721160888672,0.0010698572530619924,1,1,0.8251936880461537,0.3357908153716132,0.1745267936007523,0.8251936880461537,0.00027951835313223084,1.627814439433237e-14
2023-11-20,0.0010698572530619924,0.005134612625227429,0.004007954956298399,-0.36134111570275873,63.65527725219727,0.0013347713889358408,1,1,0.6967273979098956,0.4437898580205398,0.30307983389732024,0.6967273979098956,0.00019276819274424334,6.032324129720386e-14
2023-11-21,0.0013347713889358408,0.005085604956490964,0.002268154447860848,-0.044830103800369184,63.74029922485352,0.0017331768355472045,1,0,0.5238255132264791,0.500964269200618,0.5238255132264791,0.4758796822597706,0.0002948045136530959,7.692973263841535e-14
2023-11-22,0.0017331768355472045,0.004791723963747194,0.003729440621505015,0.3261345351685241,63.850868225097656,-0.0010665184602191107,0,0,0.915626054043559,0.2089686651427726,0.915626054043559,0.08433109459971087,4.285133223991537e-05,2.4537195854753702e-11
2023-11-24,-0.0010665184602191107,0.004836992252952851,0.0010666910807291667,-1.5660020535683803,63.782806396484375,0.0014655278232379744,0,0,0.9794538230818562,0.07225558251169525,0.9794538230818562,0.02054523880649846,9.381111605880196e-07,4.5149895625455237e-13
2023-11-27,0.0014655278232379744,0.00477904232953433,0.0035946830098839816,1.2899099417729045,63.87635040283203,0.0043843353257278376,0,0,0.9977542190356544,0.011502027229447855,0.9977542190356544,0.002245174596211948,6.063122694233218e-07,5.587066759914903e-11
2023-11-28,0.0043843353257278376,0.004783320645253258,0.0055673138302391005,0.35067031674580895,64.15702056884766,0.005419817421092464,0,0,0.9949956213349852,0.022759489317995218,0.9949956213349852,0.0049979668276068185,6.411837162538479e-06,2.540736227346147e-13
2023-11-29,0.005419817421092464,0.004832707602627991,0.004350716383564323,0.10315168295667734,64.50568389892578,-0.0018475015453787368,0,0,0.9944322053912324,0.02490514306080872,0.9944322053912324,0.005557902666430997,9.891942008053026e-06,3.7086496295661787e-13
2023-11-30,-0.0018475015453787368,0.0046278588857910676,0.005019115810502002,0.12014129702027176,64.3866195678711,0.008245407836013914,0,0,0.9972009543341457,0.013905254001013174,0.9972009543341457,0.0027954509238273676,3.5946554586465365e-06,8.652507706580694e-11
2023-12-01,0.008245407836013914,0.004356006739984334,0.010659365847600254,0.0914927772089942,64.91970825195312,-0.0025031431777692904,1,1,0.8685296115205153,0.294039446068808,0.12731219141917605,0.8685296115205153,0.004158197060288063,4.053102197017892e-28
2023-12-04,-0.0025031431777692904,0.004025648415150332,0.003957723090834682,-0.5999764866122667,64.75740814208984,0.0009230079265226031,0,0,0.8830388109521259,0.2608423617360822,0.8830388109521259,0.11686530866546746,9.578507314511874e-05,9.530923318423327e-08
2023-12-05,0.0009230079265226031,0.00383723042476017,0.0038223395944243376,-0.019496684498451752,64.81720733642578,0.00013158700061834314,0,0,0.9989826044078104,0.005813511608916107,0.9989826044078104,0.0010128820505283908,1.78507187234103e-06,2.728469822254096e-06
2023-12-06,0.00013158700061834314,0.003837288093279496,0.0026357005203130625,-0.4216331798216775,64.82573699951172,0.001711994436101065,0,0,0.9998683660059983,0.000957749569111962,0.9998683660059983,0.00012756959785426993,6.270280076107595e-07,3.4373681695484373e-06
2023-12-07,0.001711994436101065,0.0038323915478333625,0.002894371984213648,0.2657155303492618,64.93681335449219,-0.0019756566420870286,0,0,0.9998917625661463,0.0008058179852088927,0.9998917625661463,0.00010379310946416858,7.344462429976453e-07,3.7098781035635074e-06
2023-12-08,-0.0019756566420870286,0.0034864106292172062,0.0031637950333909207,0.08100449996374832,64.80864715576172,-0.000659342016122535,0,0,0.9998617744231734,0.0010575132533978736,0.9998617744231734,6.718589570382556e-05,6.489103336294223e-07,7.039077077971963e-05
2023-12-11,-0.000659342016122535,0.0034382348532916666,0.0032977180853590495,0.000613956069988243,64.76593017578125,0.002240155956764954,0,0,0.999776926598089,0.0016063362184884568,0.999776926598089,5.4972735753484425e-05,5.406122301311728e-07,0.00016756005393343606
2023-12-12,0.002240155956764954,0.0033976292290842317,0.005396204843309735,-0.0316244542063174,64.91117858886719,0.01515195437073411,0,0,0.9998619713238578,0.0009995205999853063,0.9998619713238578,0.0001338967510979069,9.58247366793379e-07,3.1736776933102013e-06
2023-12-13,0.01515195437073411,0.004168574750822448,0.014130204510105635,0.7877383188601054,65.9021987915039,0.004406610937302234,1,1,0.9689735389344544,0.09976092520086365,4.682694200244036e-07,0.9689735389344544,0.031025992796070018,4.30073029320347e-61
2023-12-14,0.004406610937302234,0.004031219149059114,0.005577176571801262,0.0459533131771057,66.19324493408203,-0.0022073469624225447,1,1,0.5604386581352868,0.5013223719310649,0.4382116579209297,0.5604386581352868,0.001349683943753702,7.790378122298063e-15
2023-12-15,-0.0022073469624225447,0.00414694163235842,0.007799278197594474,-0.6151567792202228,66.04729461669922,0.0006495558680991939,0,0,0.5176456325212991,0.5014002306474198,0.5176456325212991,0.4820476796623229,0.0003066878155377625,8.313547420077934e-13
2023-12-18,0.0006495558680991939,0.004157420274638047,0.004546615469711712,-0.04338653184767622,66.0902099609375,0.002853849758254618,0,0,0.9827838810873715,0.0628343408507765,0.9827838810873715,0.01720273045970806,1.3346605809418859e-05,4.184707971125163e-08
2023-12-19,0.002853849758254618,0.004157123073728012,0.003238342096925334,-0.31983928427252334,66.27909088134766,0.00012949050798007083,0,0,0.9994558660815469,0.0033492932827914666,0.9994558660815469,0.0005428574800336861,1.2188895711385069e-06,5.754882507936672e-08
2023-12-20,0.00012949050798007083,0.004176265586534139,0.004792161002064314,0.4178485097778268,66.28767395019531,0.004522896667952791,0,0,0.9996990367865202,0.0019809103565362747,0.9996990367865202,0.0003003018319083351,6.282890589119777e-07,3.309247179278503e-08
2023-12-21,0.004522896667952791,0.00421472476084285,0.003996874269620214,-0.5179927884904609,66.58816528320312,-0.00116086843601408,0,0,0.9994890681229375,0.0031681294304472278,0.9994890681229375,0.0005097033772911259,1.223884820851775e-06,4.614937760775223e-09
2023-12-22,-0.00116086843601408,0.004218505285863014,0.004259737005999913,-0.2363928606455183,66.51091003417969,0.0019340708891577398,0,0,0.9995036191679335,0.0030887676756689952,0.9995036191679335,0.000495084807975845,1.2687914067312291e-06,2.723270894871759e-08
2023-12-26,0.0019340708891577398,0.004216131078743437,0.0019324129242056737,-0.3774029724539582,66.6396713256836,0.0041143258850368115,0,0,0.9996714660815205,0.002144512450392177,0.9996714660815205,0.0003271035789529389,1.4082659117199389e-06,2.2073591597077808e-08
2023-12-27,0.0041143258850368115,0.004208916686550848,0.006030295175528928,0.612653518541177,66.91441345214844,-0.0032131447618951605,0,0,0.9991558471642118,0.0049254866514436306,0.9991558471642118,0.0008427845374662466,1.3682326255337681e-06,6.564511792033551e-11
2023-12-28,-0.0032131447618951605,0.004292811270396576,0.004762552901978438,-0.008231621077067246,66.69975280761719,-0.003868969339245761,0,0,0.9989793043187815,0.0058190968787034105,0.9989793043187815,0.001018286900455492,2.405931381910613e-06,2.8494071881077454e-09
2023-12-29,-0.003868969339245761,0.004402445939887906,0.006073151885384194,0.49067707098688484,66.44219207763672,-0.0033649352003590274,0,0,0.9980620392149864,0.010140431970860328,0.9980620392149864,0.0019358063622104916,2.1543395550553272e-06,8.321415629721317e-11
2024-01-02,-0.0033649352003590274,0.004238497009702898,0.0025929852893042176,0.116074689250793,66.218994140625,-0.002726464716953409,0,0,0.9992979031189255,0.0041985484514390015,0.9992979031189255,0.0006989235382522315,3.1679218583491064e-06,5.420983418124107e-09
2024-01-03,-0.002726464716953409,0.004248468501996693,0.0068902599052693405,-0.05064098207184113,66.0386962890625,-0.003907658048113224,0,0,0.9965290759180416,0.016714345757546902,0.9965290759180416,0.003464138119455466,6.785925854605002e-06,3.670057871638647e-11
2024-01-04,-0.003907658048113224,0.004386917767664616,0.00391546647094313,-0.1840493211328553,65.78114318847656,0.0007824528317515746,0,0,0.9982416147241189,0.009334583346910405,0.9982416147241189,0.0017541829880196485,4.20148190855196e-06,8.059787918376998e-10
2024-01-05,0.0007824528317515746,0.004384595182863969,0.005868504778967944,-0.053050339029185524,65.83263397216797,0.005592288245486934,0,0,0.9984911868209605,0.008171779869711276,0.9984911868209605,0.0015062491998618721,2.5637571780939696e-06,2.21979894686512e-10
2024-01-08,0.005592288245486934,0.004512427671531004,0.006095204473906204,0.07183428233495959,66.20182037353516,0.0015550517720510125,0,0,0.9952284570182185,0.02188165276527411,0.9952284570182185,0.004761818488444821,9.724493061856486e-06,2.409618874749068e-13
2024-01-09,0.0015550517720510125,0.0044601029518933,0.0046614087103913375,-0.268582950543657,66.30484771728516,0.0018109845911590849,0,0,0.9987884914663829,0.006752878353517257,0.9987884914663829,0.0012095821433005826,1.925522777196508e-06,8.675888507428393e-10
2024-01-10,0.0018109845911590849,0.004441783597591161,0.002714218392372144,0.3328907040866956,66.42503356933594,0.003226068741081252,0,0,0.9994035845323469,0.0036345547058717086,0.9994035845323469,0.0005942770507809104,2.1359454136038727e-06,2.4715110750467454e-09
2024-01-11,0.003226068741081252,0.004458617977903788,0.005926295647972161,0.006819296236806784,66.6396713256836,0.0010298550130706618,0,0,0.9979251058747116,0.01076167378970448,0.9979251058747116,0.002071096318154803,3.7977911799281285e-06,1.596608800844143e-11
2024-01-12,0.0010298550130706618,0.003046366131432654,0.003732315661743465,-0.14305761866364863,66.70833587646484,-0.006325954134167099,0,0,0.9975136232497825,0.01270639774201965,0.9975136232497825,4.250560233857018e-05,6.265091940453661e-07,0.0024432446386904593
2024-01-16,-0.006325954134167099,0.003278441854380886,0.005439785044943864,0.3376682829375922,66.28767395019531,-0.004283452145767174,0,0,0.9997509937083281,0.001681183067067887,0.9997509937083281,0.0002465244820175298,1.7883286557519577e-06,6.934809748757293e-07
2024-01-17,-0.004283452145767174,0.003385506794814819,0.004552529742780829,0.2152983219503597,66.00434112548828,0.0020790223927894696,0,0,0.9998727150088895,0.000947747376478873,0.9998727150088895,0.00011436552498500133,8.574643951655909e-07,1.2062001764609245e-05
2024-01-18,0.0020790223927894696,0.0034156197423151273,0.0025961133860320086,-0.4412601362696868,66.14170837402344,0.0016862519290292623,0,0,0.999753451919379,0.0017507104143613553,0.999753451919379,5.327794783983582e-05,5.026113190192882e-07,0.00019276752149158613
2024-01-19,0.0016862519290292623,0.0033747083661222347,0.005053769585359155,0.24163413633589795,66.25333404541016,0.000777223612804305,0,0,0.9999035361867789,0.0007460573666894904,0.9999035361867789,8.041462310825584e-05,5.635376194851672e-07,1.5485652549543706e-05
2024-01-22,0.000777223612804305,0.003379317760321171,0.0032370838939961718,-0.18795102640037492,66.30484771728516,-0.001165946865693208,0,0,0.9996538666816813,0.002345617616318017,0.9996538666816813,5.036553195325239e-05,5.211469202222661e-07,0.0002952466394332547
2024-01-23,-0.001165946865693208,0.003215161777565387,0.0028519733269877024,-0.4032001968769977,66.22758483886719,-0.0005186480950740311,0,0,0.9990550738364503,0.005565121882811397,0.9990550738364503,4.6320605017749384e-05,5.640955056111547e-07,0.0008980414630076739
2024-01-24,-0.0005186480950740311,0.0032090128871729118,0.005188087338460432,0.1174794431502981,66.19324493408203,0.0076228294161490365,0,0,0.9998609864796965,0.001062785871334915,0.9998609864796965,7.226345893355846e-05,6.187165094005617e-07,6.61313448216221e-05
2024-01-25,0.0076228294161490365,0.0036355687826432463,0.005019943073660923,0.5581257697189819,66.69975280761719,-0.00077250570247637,0,0,0.9994005312648908,0.003660198255522692,0.9994005312648908,0.0005948498783488563,4.6179146528371875e-06,9.421457497392365e-10
2024-01-26,-0.00077250570247637,0.003509725364536708,0.002318695240812417,-0.6097748530216964,66.64824676513672,0.0021873513450880134,0,0,0.9998660332536454,0.0010271350690000444,0.9998660332536454,7.208751330553903e-05,4.736824441469453e-07,6.140555062116003e-05
2024-01-29,0.0021873513450880134,0.003473203119467714,0.003341929640510397,-0.01180663935256059,66.794189453125,-0.0012861717526824045,0,0,0.999855338951079,0.0011004241395002454,0.999855338951079,6.037048418130697e-05,6.093983403948418e-07,8.368116644373317e-05
2024-01-30,-0.0012861717526824045,0.003365349783510677,0.0038610432888131468,0.22562379979366196,66.70833587646484,-0.002835116083553387,0,0,0.9997422662186105,0.0018158950230782814,0.9997422662186105,4.993211228539581e-05,4.4172932187680875e-07,0.000207359939788585
2024-01-31,-0.002835116083553387,0.0033377841708425488,0.0060660970616886935,0.5364360172881826,66.51947784423828,0.005742274479674025,0,0,0.9998827439414294,0.0008598779590199755,0.9998827439414294,0.00011469627599729545,4.378280890933739e-07,2.1219545266833864e-06
2024-02-01,0.005742274479674025,0.003477712494067328,0.006448284680118894,-0.14566070048199656,66.90254974365234,-0.00452358924557277,0,0,0.9990443865759133,0.005513426566582348,0.9990443865759133,0.0009481726619199234,7.440213167016584e-06,5.490066236820507e-10
2024-02-02,-0.00452358924557277,0.003522631910151852,0.0032387613951660537,-0.11676261280268102,66.60059356689453,-0.004674765131824131,0,0,0.9998281912297129,0.0012202464995675947,0.9998281912297129,0.00016554912347849842,1.5619409322746797e-06,4.697705908230761e-06
2024-02-05,-0.004674765131824131,0.003715388302259955,0.004555492200699445,0.19464407909539982,66.28997802734375,0.00363773891988087,0,0,0.9997474933013615,0.001699117191862559,0.9997474933013615,0.0002508012618906747,1.2445640952756578e-06,4.6087265612994864e-07
2024-02-06,0.00363773891988087,0.0035938520801537203,0.004538950477898304,-0.4545478484883438,66.53156280517578,0.0016841639841133566,0,0,0.9998406846065576,0.00113105612590446,0.9998406846065576,0.00015657213610074082,8.033594121086606e-07,1.9398979473106867e-06
2024-02-07,0.0016841639841133566,0.0035964377264024105,0.0036251478047068545,0.26519547247952613,66.64370727539062,-0.0005179286976187238,0,0,0.9999034004282423,0.0007584378607052768,0.9999034004282423,6.735040914817623e-05,5.001294252916296e-07,2.8749033212792094e-05
2024-02-08,-0.0005179286976187238,0.00358107235896609,0.002331610262840558,-0.5195574113316268,66.60919952392578,0.0020703358376689372,0,0,0.999888279105626,0.0008659770910345715,0.999888279105626,7.675871423529675e-05,5.314456293449812e-07,3.443073446320551e-05
2024-02-09,0.0020703358376689372,0.003537687905308373,0.003490231002206173,0.2843553978882238,66.74724578857422,-0.0021995449122203204,0,0,0.9998913293952245,0.0008496408712744262,0.9998913293952245,6.130687252115638e-05,5.2878365944105e-07,4.683494858505138e-05
2024-02-12,-0.0021995449122203204,0.0035656719754397575,0.003756975079091091,0.06548446313838645,66.60059356689453,-0.008064762046229738,0,0,0.999887975056685,0.0008605554608430886,0.999887975056685,8.742940845946385e-05,6.308620121740152e-07,2.3964672847396952e-05
2024-02-13,-0.008064762046229738,0.003742759805869608,0.004701588243259415,0.6567111798653256,66.06563568115234,0.003910304033904594,0,0,0.9993244703786159,0.004055415391191495,0.9993244703786159,0.0006732433021256727,2.281517421629236e-06,4.801817783940465e-09
2024-02-14,0.003910304033904594,0.003716900254200015,0.0033822622290396362,-0.5937931491447248,66.32447814941406,0.003506557295625322,0,0,0.9998699689804094,0.0009458267539316203,0.9998699689804094,0.00012651019394211755,5.399482853601983e-07,2.9808773997319504e-06
2024-02-15,0.003506557295625322,0.0037673989659722947,0.003759410394372644,0.13810120199192527,66.55745697021484,-0.002986290811775161,0,0,0.9998704562677333,0.0009395370309562243,0.9998704562677333,0.00012718334567774473,8.411428278524541e-07,1.5192437074659355e-06
2024-02-16,-0.002986290811775161,0.0038222568326294944,0.0024704515974409836,0.12702645577335245,66.35899353027344,0.0020782486477887306,0,0,0.9998207891781954,0.0012545608695848638,0.9998207891781954,0.00017688639004056637,1.4395231069084014e-06,8.849086347717154e-07
2024-02-20,0.0020782486477887306,0.003845752178853657,0.004022285711966449,-0.4529087310915791,66.4970474243164,-0.001817986991391056,0,0,0.9998380409247695,0.001144859707428061,0.9998380409247695,0.00016004764341505653,5.820885556894595e-07,1.3293432809442598e-06
2024-02-21,-0.001817986991391056,0.0038601848105771336,0.0038996886853986997,0.1896186145409925,66.37626647949219,0.0047978584389020236,0,0,0.9998515431534606,0.0010607590202146527,0.9998515431534606,0.00014612242513454456,6.592733510271687e-07,1.6751480610396543e-06
2024-02-22,0.0047978584389020236,0.003995158073881809,0.0027166762766108435,0.1614470957122908,66.69549560546875,0.0006464458824996475,0,0,0.9997479664094677,0.0016970872863619685,0.9997479664094677,0.00024996217959388317,1.9986807985077984e-06,7.27301800626482e-08
2024-02-23,0.0006464458824996475,0.003615862635000819,0.002197778568828138,-0.6103444824853197,66.7386245727539,-0.003236875209808869,0,0,0.9998961340093098,0.0008084449378984185,0.9998961340093098,7.4424682704947e-05,4.3309117237373406e-07,2.9008216909833208e-05
2024-02-26,-0.003236875209808869,0.003685928491156175,0.003501902054602915,0.28401247387126366,66.52294921875,0.0012957098350356289,0,0,0.9998780832443728,0.0008989723946153629,0.9998780832443728,0.00011609363023233766,7.327520846468024e-07,5.090373365980826e-06
2024-02-27,0.0012957098350356289,0.0036621975716055752,0.0019429261970688497,-0.05866855742362003,66.60919952392578,-0.00012920907455136018,0,0,0.9999004140952221,0.000767437154122155,0.9999004140952221,8.413480448473288e-05,9.996725425895392e-07,1.4451427742641323e-05
2024-02-28,-0.00012920907455136018,0.0036522417799997493,0.002331912158085715,-0.2261260133581089,66.60059356689453,0.0018117547635639034,0,0,0.9998971072067196,0.0007949740529166522,0.9998971072067196,8.246496022598121e-05,7.330676638502382e-07,1.9694765322991058e-05
2024-02-29,0.0018117547635639034,0.0036154243151544697,0.002974309472229024,0.5631791806021593,66.72136688232422,0.0037385563514588695,0,0,0.9999030491755939,0.0007643104997425389,0.9999030491755939,6.059174269731289e-05,4.7226000586019593e-07,3.5886821711063736e-05
2024-03-01,0.0037385563514588695,0.0034774773405430964,0.005571395484264398,-0.09635429569695773,66.97127532958984,-0.00025920250200913786,0,0,0.9997683174851179,0.0015742526235220378,0.9997683174851179,0.0002298373551929154,1.5847006486010962e-06,2.604590073586486e-07
2024-03-04,-0.00025920250200913786,0.0033088507073917783,0.0025920757924345994,-0.5992843060068025,66.95391845703125,-0.0007775547112374929,0,0,0.9994285188386853,0.003612389939596578,0.9994285188386853,4.8400237553953834e-05,4.0854572905115127e-07,0.0005226723781200918
2024-03-05,-0.0007775547112374929,0.003111532542926799,0.003761360846520427,0.5665765784898997,66.9018783569336,0.0024610006319958186,0,0,0.9974742728333817,0.012825173440854515,0.9974742728333817,2.6521630289182617e-05,2.7286740684525624e-07,0.002498932668985087
2024-03-06,0.0024610006319958186,0.0030589508800148665,0.002975848805914385,-0.10343673203073574,67.06672668457031,0.001163638562067617,0,0,0.9969012249899354,0.01529369022430262,0.9969012249899354,3.675430906166962e-05,7.783998405585576e-07,0.003061242301104644
2024-03-07,0.001163638562067617,0.0030496552991360125,0.0024554464738993946,-0.12195874827597808,67.14481353759766,0.00025857927194952035,0,0,0.994155017662907,0.026032346808318393,0.994155017662907,3.174528273655419e-05,7.533129904697145e-07,0.005812483741400637
2024-03-08,0.00025857927194952035,0.003042629834484541,0.004392816028194456,0.23170483119119734,67.16217803955078,-0.00012950850065325808,0,0,0.9985215047128065,0.008145614736273626,0.9985215047128065,3.7681208573790706e-05,4.883766151200652e-07,0.0014403257019590153
2024-03-11,-0.00012950850065325808,0.003019250354238446,0.001679768115301949,-0.3435240453272942,67.15348052978516,0.0009043913446470205,0,0,0.9959434177654838,0.019185979495792472,0.9959434177654838,3.4596238602022734e-05,9.060819728395307e-07,0.004021079913838836
2024-03-12,0.0009043913446470205,0.0029630745493295853,0.0032274722818853487,0.2047156409716669,67.21424102783203,0.0003872163719701719,0,0,0.9900100157220498,0.04050410551882833,0.9900100157220498,2.7339869809518926e-05,6.043257306355604e-07,0.009962040082475568
2024-03-13,0.0003872163719701719,0.0021836991119515564,0.0036133538135995806,-0.15782941482384444,67.24027252197266,-0.00478614160162307,0,0,0.6824376722967858,0.4510410087243423,0.6824376722967858,2.2161760852599325e-05,1.7566012861966735e-06,0.31753840934118066
2024-03-14,-0.00478614160162307,0.002403548440975664,0.00622410969707684,0.49397649200589633,66.91921997070312,-0.000648465482700219,0,0,0.9992198984288254,0.004824098004097715,0.9992198984288254,0.00010661626183626272,2.0953396457734828e-06,0.000671389969753498
2024-03-15,-0.000648465482700219,0.0023025669508624953,0.003633045029266801,0.14545596452558537,66.87583923339844,0.0023331250087725718,0,0,0.8026125534272066,0.35849827794876327,0.8026125534272066,2.0494385014982136e-05,1.2658504187010336e-06,0.19736568633731455
2024-03-18,0.0023331250087725718,0.002216050230364328,0.0018122898336367314,-0.4434342638712106,67.03205108642578,0.004004366495727856,3,3,0.8851273545939713,0.2572524136681888,0.11486881535984951,3.4646943246139763e-06,3.6535185330977225e-07,0.8851273545939713
2024-03-19,0.004004366495727856,0.0023271088172989052,0.004641575833980592,0.18861114656281464,67.30101013183594,0.0033466291408401384,0,0,0.651331215849522,0.46674817252505585,0.651331215849522,3.975783721957114e-05,2.4038374000428128e-06,0.3486266224758516
2024-03-20,0.0033466291408401384,0.002331114261080734,0.0048830282049364005,-0.12603761750411993,67.52661895751953,-0.0005140941176670966,0,0,0.9615400054445176,0.11805620723250089,0.9615400054445176,8.367301978424584e-05,4.525306955964389e-06,0.03837179622881186
2024-03-21,-0.0005140941176670966,0.002154663847858894,0.003599881507987421,-0.06130446773404789,67.49191284179688,-0.0010292081096252613,0,0,0.5078825449681774,0.5000511089648331,0.5078825449681774,1.556097233826205e-05,1.3257118729898206e-06,0.49210056834767724
2024-03-22,-0.0010292081096252613,0.0021848641763329334,0.002960048089735037,-0.25235180696191634,67.4224853515625,-0.0015453476919124894,3,3,0.9530785217246817,0.13659837264462787,0.04692005843935332,1.305161908989852e-06,1.1467402020369383e-07,0.9530785217246817
2024-03-25,-0.0015453476919124894,0.0020614533710364012,0.001675654167952492,0.0858845117469856,67.31837463378906,-0.0011608636418125094,3,3,0.9980078228428576,0.010372330457753265,0.001992136026854695,3.390821380091487e-08,7.222086333673429e-09,0.9980078228428576
2024-03-26,-0.0011608636418125094,0.0020904438458500514,0.0027100153601996857,-0.029396558100385765,67.24027252197266,0.0052770224642634265,3,3,0.9991222690759884,0.005089097452431053,0.0008777294483681077,1.3070251842906034e-09,1.6864747349956564e-10,0.9991222690759884
2024-03-27,0.0052770224642634265,0.002342964431581483,0.003851130242380669,0.012850857790951294,67.59603881835938,-0.0021845642741743355,3,3,0.8057687169363265,0.35512447773776684,0.19423082387701238,4.2364834476971577e-07,3.5538393576751986e-08,0.8057687169363265
2024-03-28,-0.0021845642741743355,0.0024161779110621812,0.0025729697620596793,0.08793539842520726,67.44853210449219,-0.004081451183712849,3,3,0.9554787768356614,0.1313345460066434,0.044520166662819154,9.857859725377182e-07,7.0715624628278e-08,0.9554787768356614
2024-04-01,-0.004081451183712849,0.002502848570450594,0.004674118748925847,0.41675676825251085,67.1738052368164,-0.0016894065679269627,3,3,0.6290043471137657,0.47579211684833433,0.37098676623023186,8.665507725516457e-06,2.2114833865775147e-07,0.6290043471137657
2024-04-02,-0.0016894065679269627,0.002535404696905767,0.002471094328449555,-0.04938878785451381,67.06041717529297,0.0007800370512217599,3,3,0.8550594888418483,0.29854816056694977,0.14493676898881616,3.537220798616977e-06,2.0494857961984346e-07,0.8550594888418483
2024-04-03,0.0007800370512217599,0.0025316134495069085,0.0036387107264631434,-0.43301383343477484,67.11274719238281,-0.0007800370512217718,3,3,0.9139930860869377,0.2115202973912768,0.08600443068913785,2.405328785296294e-06,7.789514900118871e-08,0.9139930860869377
2024-04-04,-0.0007800370512217718,0.0024795895665680016,0.005722492455442609,0.19926124458045813,67.06041717529297,-0.0009105661926093542,0,0,0.8536295918117865,0.3006362644845034,0.8536295918117865,4.325769511461271e-05,1.1255878215111228e-06,0.14632602490518998
2024-04-05,-0.0009105661926093542,0.002471515294143485,0.0018224341343998994,-0.15571102797233866,66.99938201904297,0.002340074975690119,3,3,0.5449618944695331,0.49718704425323756,0.45502542280426156,1.1751418202481656e-05,9.313079284359055e-07,0.5449618944695331
2024-04-08,0.002340074975690119,0.0025308949283766404,0.0033766511198762175,0.006798561836249862,67.1563491821289,0.002076159713217142,3,3,0.7149978701446658,0.4311631922968411,0.28499319488685915,8.511123303458718e-06,4.23845130118532e-07,0.7149978701446658
2024-04-09,0.002076159713217142,0.0025728615551744096,0.0027217043014516416,0.036387531353075105,67.2959213256836,-0.008852402187829877,3,3,0.8966275805587254,0.23982067978363925,0.10336972626322623,2.54880146173028e-06,1.4437650600104712e-07,0.8966275805587254
2024-04-10,-0.008852402187829877,0.0032495133971724654,0.006014632116657108,0.8663495941274716,66.70281982421875,-0.0009155645049717183,0,0,0.9996645935336673,0.0021927865903214835,0.9996645935336673,0.00033197858142995385,9.983517967624765e-07,2.4295330054693964e-06
2024-04-11,-0.0009155645049717183,0.0032463405777469444,0.0045805320945777285,-0.4103042735054498,66.64177703857422,-0.0005234417807151742,0,0,0.9997783244205294,0.0016142808929103377,0.9997783244205294,8.337282374330901e-05,6.620258294457651e-07,0.00013764072994806883
2024-04-12,-0.0005234417807151742,0.003082252049530453,0.0022259809196212297,-0.2043171447440002,66.60690307617188,-0.005778204849982747,0,0,0.996807358128093,0.015678819069572997,0.996807358128093,3.5024330655465006e-05,7.757307198533256e-07,0.003156841810479539
2024-04-15,-0.005778204849982747,0.0033226259251360065,0.008033723270115431,0.2931830970084497,66.22314453125,-0.0032979437638871803,0,0,0.997710643603223,0.01174384000667379,0.997710643603223,0.0022772427679762417,1.2113547533956375e-05,8.115948712831045e-11
2024-04-16,-0.0032979437638871803,0.003309330727295898,0.004228426571463222,0.003336735452027897,66.0051040649414,0.0013204137027090443,0,0,0.9998415314697267,0.0011947153249079548,0.9998415314697267,9.494714791132561e-05,8.412572553948128e-07,6.268012517373393e-05
2024-04-17,0.0013204137027090443,0.003156333531715153,0.0043547352384603645,-0.14630356898968958,66.09231567382812,0.0007915736365605717,0,0,0.9995692604444274,0.002840629644995777,0.9995692604444274,5.491128418896295e-05,6.384625507715203e-07,0.00037518980892492233
2024-04-18,0.0007915736365605717,0.0030240802621715845,0.0032964136612846436,-0.17836583707061054,66.1446533203125,0.0018442650375684656,0,0,0.9951934830648325,0.02211473934869324,0.9951934830648325,3.363104156118611e-05,6.067282041925463e-07,0.0047722791654133375
2024-04-19,0.0018442650375684656,0.0030906622213642226,0.002369048397249843,0.30644752280639775,66.26675415039062,0.00551247463235138,0,0,0.9957729452633571,0.019853884461722673,0.9957729452633571,3.2591691368167984e-05,8.468880370319654e-07,0.004193616157192222
2024-04-22,0.00551247463235138,0.003407917247530581,0.004188477597292004,-0.2945777349334632,66.633056640625,0.00404927898727264,0,0,0.9998419918840319,0.0011272984956757904,0.9998419918840319,0.00015390458970569967,1.544082310780282e-06,2.55944391339236e-06
2024-04-23,0.00404927898727264,0.003551848235040348,0.004953785521416062,0.06600289694111952,66.9034194946289,-0.0022185195758033425,0,0,0.9998325715697582,0.0011789770100218786,0.9998325715697582,0.0001656116612200519,1.1626692648431953e-06,6.540998176076662e-07
2024-04-24,-0.0022185195758033425,0.003573007141534197,0.004311395318956832,-0.07279518086505035,66.75515747070312,-0.0020925375691459745,0,0,0.9998723815843622,0.0009490070227623598,0.9998723815843622,0.00011508956901814895,7.124285559815492e-07,1.181641800388301e-05
2024-04-25,-0.0020925375691459745,0.0033327821076620497,0.006415264223482335,0.13547165225101004,66.61561584472656,0.00313739496327832,0,0,0.999766758973805,0.001584036848407104,0.999766758973805,0.00023136415197642763,1.354239668117475e-06,5.226346301484903e-07
2024-04-26,0.00313739496327832,0.0034218464815546283,0.003784924368725378,-0.29570469070175087,66.82494354248047,0.002997143895428078,0,0,0.9998768355987422,0.0009500532743446429,0.9998768355987422,7.651596782045454e-05,6.58345738604414e-07,4.599008774589369e-05
2024-04-29,0.002997143895428078,0.0033940026045651914,0.002342229131421461,-0.039704529102065074,67.02552795410156,-0.007313389340535541,0,0,0.9997939793518709,0.0015018290676266832,0.9997939793518709,5.7114674644652794e-05,9.50853887080811e-07,0.0001479551195373728
2024-04-30,-0.007313389340535541,0.003746388703222313,0.0061607185091469225,0.4094942404542942,66.5371322631836,0.005256790989737312,0,0,0.9986986179073573,0.007196348955038784,0.9986986179073573,0.0012970736838858223,4.3075605109877515e-06,8.482153134688851e-10
2024-05-01,0.005256790989737312,0.003948373819401213,0.009175474372025033,0.3587112172612088,66.88782501220703,0.006141958914881257,0,0,0.966382053901338,0.10659717199470702,0.966382053901338,0.03351939321457067,9.855288416607217e-05,7.473693358293156e-18
2024-05-02,0.006141958914881257,0.004187994745641034,0.005862388427811031,-0.5438406172410333,67.29991149902344,0.004159960385756327,0,0,0.9929332007822528,0.030374591900772945,0.9929332007822528,0.00705778107122622,9.018137979570958e-06,8.455549595378332e-12
2024-05-03,0.004159960385756327,0.004271260784834348,0.005838050565028511,0.06318150809377093,67.58045959472656,0.0011670890377053504,0,0,0.9982095065542965,0.00947824926660268,0.9982095065542965,0.0017869803355751823,3.513054085798566e-06,5.6124455374721886e-11
2024-05-06,0.0011670890377053504,0.0042516868892117435,0.0014254323307192828,-0.4028387313521397,67.65937805175781,0.00012932944280589153,0,0,0.9995476607513477,0.002848448559256845,0.9995476607513477,0.0004503081961069801,2.0243037161697502e-06,6.7488521752819646e-09
2024-05-07,0.00012932944280589153,0.004232888701156566,0.0032391811222010933,0.14225550786282337,67.66812896728516,-0.002334787332972377,0,0,0.9996897607575711,0.0020373109866857306,0.9996897607575711,0.00030905970090122707,1.1294317443674042e-06,5.0109770777598946e-08
2024-05-08,-0.002334787332972377,0.00371197868421446,0.0014285793552150975,-0.3945093139403647,67.51032257080078,0.00025943910451001504,0,0,0.999826771116762,0.0012180338332516837,0.999826771116762,0.0001706609794907962,1.6756544173865982e-06,8.922493121860171e-07
2024-05-09,0.00025943910451001504,0.0036959653149800137,0.0025966886128161353,0.06864466159157125,67.52783966064453,-0.0015591162680267784,0,0,0.9999009247491881,0.0007657059477089533,0.9999009247491881,8.172999777238371e-05,7.314005645888341e-07,1.661385255223143e-05
2024-05-10,-0.0015591162680267784,0.0037205984414103673,0.0028608740746134927,0.0017430278238922132,67.42263793945312,-0.0002599571555001365,0,0,0.9998871068133618,0.0008463102344217583,0.9998871068133618,0.00010382792713870952,7.978805486462173e-07,8.267378969246535e-06
2024-05-13,-0.0002599571555001365,0.0034140146617707297,0.0027315178456684976,-0.1080985344784673,67.40511322021484,0.0015596343190168336,0,0,0.9997138423416413,0.0019911690128871923,0.9997138423416413,5.173126651938e-05,6.114727755394936e-07,0.00023381491907784884
2024-05-14,0.0015596343190168336,0.003270579980631847,0.0016882760184151785,0.21081813286171722,67.51032257080078,0.005827453107625358,0,0,0.9994088746270565,0.0037195633913347345,0.9994088746270565,4.641503181229067e-05,1.2257348540399526e-06,0.0005434846062308409
2024-05-15,0.005827453107625358,0.0034356838840910874,0.0034860768715954627,0.7281870882397475,67.9048843383789,-0.00232720052744128,0,0,0.9998770271486284,0.0009032124097098147,0.9998770271486284,0.00011848183667466876,1.2848625826035372e-06,3.2061520491479406e-06
2024-05-16,-0.00232720052744128,0.0035319256719503135,0.0025882872645385784,-0.5771397441429574,67.74703979492188,0.0001296125122594656,0,0,0.9998772246886574,0.0009314887524342274,0.9998772246886574,9.929796149694464e-05,6.651336635610866e-07,2.2812216295339564e-05
2024-05-17,0.0001296125122594656,0.003536190914393636,0.0019409148402388175,-0.006303328447924249,67.75582122802734,0.0005174943191957546,0,0,0.999881033034069,0.0009234802828116362,0.999881033034069,6.722390323872232e-05,9.501489421538012e-07,5.07929137665167e-05
2024-05-20,0.0005174943191957546,0.0033820040877884233,0.0015520272511080236,-0.5249329852917908,67.7908935546875,-0.0007763982538251736,0,0,0.9997940489006989,0.0014978679876664833,0.9997940489006989,5.38651849722456e-05,6.357340933131945e-07,0.00015145018021218268
2024-05-21,-0.0007763982538251736,0.003314053697322679,0.0019415159426790156,0.08376878283906815,67.73828125,-0.0022028860874963455,0,0,0.999600938223764,0.0026517973132698124,0.999600938223764,4.8337451148742904e-05,9.652947772967003e-07,0.00034975903034974344
2024-05-22,-0.0022028860874963455,0.0033133506998653433,0.0022052900040972494,0.42713291625439126,67.58922576904297,-0.0035083263949266755,0,0,0.9996828648647492,0.002173145777161431,0.9996828648647492,4.825462075203125e-05,7.907896823248698e-07,0.0002680897248900743
2024-05-23,-0.0035083263949266755,0.003388641794946256,0.005597504645717314,0.1587928578752967,67.3525161743164,0.0035083263949266495,0,0,0.9998294994549796,0.0012042346335920653,0.9998294994549796,0.00016691229881361067,1.0163868465671136e-06,2.5718594610947158e-06
2024-05-24,0.0035083263949266495,0.0034045258418558375,0.003502455380559245,-0.5764809162063842,67.58922576904297,-0.004029416476382975,0,0,0.9998643817497791,0.0010385391537732608,0.9998643817497791,7.401826746959027e-05,5.004320335455487e-07,6.109955065791967e-05
2024-05-28,-0.004029416476382975,0.003501883332993755,0.005600420838919412,0.3041537634568958,67.31742858886719,-0.0029998153642561164,0,0,0.9998065412121209,0.001340920327153664,0.9998065412121209,0.00019168618229934174,8.885073480123764e-07,8.840983415757067e-07
2024-05-29,-0.0029998153642561164,0.0031263643077619314,0.0016983001649862732,0.33440273004341287,67.11579132080078,0.00404127126725778,0,0,0.9995551175992616,0.0029207762773336334,0.9995551175992616,5.215537518297683e-05,1.5331278133399761e-06,0.0003911938977671247
2024-05-30,0.00404127126725778,0.0030382267198457206,0.00325266716126372,0.13053528506207074,67.3875732421875,0.003506842913841106,0,0,0.9990991846143856,0.005350683271323524,0.9990991846143856,4.935949642911998e-05,1.215066833783715e-06,0.0008502408223640064
2024-05-31,0.003506842913841106,0.0028244626743408755,0.0029820221071432916,0.02615781544853911,67.62430572509766,0.003095393376010096,0,0,0.9921181098318574,0.03338061895048236,0.9921181098318574,3.7505356668486386e-05,1.3622281148914139e-06,0.007843022583394681
2024-06-03,0.003095393376010096,0.002755908728040302,0.0022075807508627776,-0.20985194295839943,67.83395385742188,-0.0005197539228488496,0,0,0.9708691483417476,0.09519851090645924,0.9708691483417476,3.1953855180247476e-05,1.4312311166438066e-06,0.02909746657196267
2024-06-04,-0.0005197539228488496,0.002750147859615704,0.0024684267766467774,0.06419565034060214,67.7987060546875,0.0032426927877179674,0,0,0.9151443303356906,0.20968834963614952,0.9151443303356906,2.242143663210676e-05,9.110355546269783e-07,0.08483233719216964
2024-06-05,0.0032426927877179674,0.00283842217551327,0.0033670309779891675,-0.2751600927567713,68.01891326904297,-0.0016849148795777217,0,0,0.9767714953497977,0.07982078664409577,0.9767714953497977,3.9738951695933714e-05,1.0223030969647472e-06,0.023187743395516672
2024-06-06,-0.0016849148795777217,0.0028107569811134476,0.0018160513205216769,-0.19978350402447626,67.90440368652344,-0.0025977589473782305,0,0,0.9798922298124321,0.07120597625730778,0.9798922298124321,3.228539604959345e-05,1.338802313011263e-06,0.02007414598916255
2024-06-07,-0.0025977589473782305,0.0028840998006404825,0.002471094328449555,0.2866897078363021,67.72823333740234,0.0009100003375318153,0,0,0.9875325379515908,0.048529174681283815,0.9875325379515908,3.0069497318803316e-05,9.318575973637698e-07,0.012436460693395863
2024-06-10,0.0009100003375318153,0.0028599170846742563,0.002728678365005664,-0.26731174222486326,67.7898941040039,0.001298597773573832,0,0,0.9712115273861596,0.09430334455007358,0.9712115273861596,2.747405147435919e-05,7.288375589937202e-07,0.02876026972478091
2024-06-11,0.001298597773573832,0.0028658980398417622,0.0028549341769164177,0.018476966096518905,67.87798309326172,0.004014790471695317,0,0,0.9626204154130579,0.11523672685910537,0.9626204154130579,2.636359050777061e-05,7.970700266135276e-07,0.03735242392635661
2024-06-12,0.004014790471695317,0.0029711099400900826,0.0037482345254298845,0.7145525377801307,68.15104675292969,-0.00012908473288680247,0,0,0.9980839365300219,0.010178628221457528,0.9980839365300219,4.165636765386257e-05,6.627740183370794e-07,0.0018737443282733092
2024-06-13,-0.00012908473288680247,0.002691432562291062,0.0037487191473540224,-0.29543186233350444,68.14225006103516,-0.0038857057388085084,0,0,0.9754503076300607,0.08332355440573634,0.9754503076300607,3.258729585962464e-05,8.517432026155914e-07,0.02451625333085732
2024-06-14,-0.0038857057388085084,0.0027884877108889945,0.002984730913840312,0.3179213281562197,67.87798309326172,0.0006488917017355854,0,0,0.9903024418560534,0.03956210340773034,0.9903024418560534,3.419845267066124e-05,1.017618284772006e-06,0.009662342072968351
2024-06-17,0.0006488917017355854,0.002791227972081277,0.004539049419598095,-0.4679152900740776,67.92204284667969,0.0031076006619427552,0,0,0.9962969754501475,0.01783313377236024,0.9962969754501475,5.4877254110771396e-05,9.075169499361086e-07,0.003647239778834511
2024-06-18,0.0031076006619427552,0.002869507832851342,0.002973540549073776,0.34535984986637613,68.1334457397461,-0.0006466535847486482,0,0,0.9909282232734237,0.037451113827368855,0.9909282232734237,3.266842883088168e-05,1.0457782957623762e-06,0.009038062519480266
2024-06-20,-0.0006466535847486482,0.0028672062136968737,0.002587282540057281,-0.551425577259919,68.08940124511719,0.001163295019497453,0,0,0.9803900450891324,0.06979159598063972,0.9803900450891324,3.051775627955755e-05,5.838704966795728e-07,0.019578853284133675
2024-06-21,0.001163295019497453,0.0028134096277703954,0.0025843723893796936,-0.00488054067760503,68.16865539550781,-0.0010337739961271306,0,0,0.9503684867094104,0.14257720164755103,0.9503684867094104,2.4947915403579022e-05,8.986506799020185e-07,0.04960566672442416
2024-06-24,-0.0010337739961271306,0.0026826147853233283,0.002587046746252113,0.06865225190359354,68.09822082519531,0.0012923862702370979,0,0,0.8544532139154956,0.2994470722244529,0.8544532139154956,2.068959989460032e-05,8.998873191993827e-07,0.14552519659735907
2024-06-25,0.0012923862702370979,0.002598464538458088,0.001808543896464952,-0.09682142677305065,68.18628692626953,-0.0021988252373710527,0,0,0.5569838443288673,0.49543388113392806,0.5569838443288673,1.4518112415699578e-05,1.0024421850742847e-06,0.4430006351165143
2024-06-26,-0.0021988252373710527,0.0024613800080167804,0.001294646256949204,0.11459333273437622,68.0365219116211,0.001164534648130023,0,3,0.6256220724783492,0.47709727470446134,0.3743647577809403,1.180129248935274e-05,1.3684481649373338e-06,0.6256220724783492
2024-06-27,0.001164534648130023,0.0023189695684014567,0.0019397584679568397,0.004174731085161246,68.11579895019531,-0.0024598799017079365,3,3,0.9737429245109012,0.08763558465382106,0.02625636775754564,6.329187334197107e-07,7.4812879832226e-08,0.9737429245109012
2024-06-28,-0.0024598799017079365,0.0022872156625752594,0.004926072808200739,0.17282796779268314,67.94844818115234,-0.00019516533530333798,3,3,0.8594780524861768,0.2928285507516027,0.1405188614085183,2.955952886635211e-06,1.3015246970896072e-07,0.8594780524861768
2024-07-01,-0.00019516533530333798,0.0021706066047292817,0.0029978587575543135,-0.11634673928802006,67.93518829345703,0.002733558529066254,3,3,0.9931921155058755,0.0293990717764859,0.0068077178427134845,1.5184178834725523e-07,1.4809709842686126e-08,0.9931921155058755
2024-07-02,0.002733558529066254,0.002146838864115671,0.0033796244092624203,-0.022581263888911334,68.12114715576172,0.0035034078758342845,3,3,0.9957474655080877,0.019810911253658407,0.004252502849724814,2.8521377394427207e-08,3.120825593590624e-09,0.9957474655080877
2024-07-03,0.0035034078758342845,0.002260229819263792,0.003626927336339104,-0.3209508137028694,68.36022186279297,0.002974663855378659,3,3,0.9824699609451624,0.06367016202258267,0.01752993003786732,1.0172152918356825e-07,7.295460784912319e-09,0.9824699609451624
2024-07-05,0.002974663855378659,0.0022432962652334685,0.002712115247901128,0.1617471281988541,68.56387329101562,-0.00025807831735068297,3,3,0.9961961039448634,0.018027590292651934,0.0038038472509853427,4.3638505917328915e-08,5.1656473063848465e-09,0.9961961039448634
2024-07-08,-0.00025807831735068297,0.0021957188862759543,0.002196173495636432,0.038584464300684095,68.54618072509766,-0.0011634588410698457,3,3,0.9990828838877912,0.005288411506525346,0.0009171135707422564,2.2483085935258605e-09,2.932119371525702e-10,0.9990828838877912
2024-07-09,-0.0011634588410698457,0.0021120662568331052,0.0023279915401736664,-0.34429520503305816,68.46647644042969,0.0023252320973844143,3,3,0.9990162652755445,0.005622755706253088,0.0009837338868236589,7.513684677130185e-10,8.624580170245895e-11,0.9990162652755445
2024-07-10,0.0023252320973844143,0.002148436960943438,0.0019354051159274194,0.2831147856624095,68.62586212158203,0.0036064136368188244,3,3,0.999221747665292,0.0045798712933181026,0.0007782515250321298,6.81572336498618e-10,1.2815762188248742e-10,0.999221747665292
2024-07-11,0.0036064136368188244,0.0022469262342886083,0.0016713455317329065,0.5719133157458288,68.8738021850586,0.0025679752199104736,3,3,0.9975343587660528,0.012457356590432733,0.002465638559128836,2.2707535727827454e-09,4.040117493660144e-10,0.9975343587660528
2024-07-12,0.0025679752199104736,0.002157036543212554,0.002949419308002792,-0.3492201475606712,69.05089569091797,0.000128380483691281,3,3,0.9979426526185365,0.010663503747342994,0.002057341734077955,5.154033723808699e-09,4.934232368326847e-10,0.9979426526185365
2024-07-15,0.000128380483691281,0.0021528696255807118,0.002179743218383721,-0.3102556307681656,69.05976104736328,0.0038393684712742632,3,3,0.9992188314928464,0.004594929276453308,0.0007811671696364307,1.1988245817776632e-09,1.3876871700504733e-10,0.9992188314928464
2024-07-16,0.0038393684712742632,0.001978678133234193,0.004215121052441294,0.5770009160089956,69.3254165649414,-0.0011504839125991081,3,3,0.9737374495554098,0.0876442404095346,0.02626250880123482,3.7752948380214466e-08,3.890403924775537e-09,0.9737374495554098
2024-07-17,-0.0011504839125991081,0.0020381299587560356,0.0028133149525406765,-0.23377132557707953,69.2457046508789,-0.0020478916736820325,3,3,0.9985189837646445,0.008027919895491712,0.00148099367984755,2.002855889486088e-08,2.526876145868742e-09,0.9985189837646445
2024-07-18,-0.0020478916736820325,0.002078506308130899,0.0038441237678611077,0.2608947357637112,69.10404205322266,-0.0007693733686843048,3,3,0.9966949885201721,0.015998677516090805,0.0033050071058470945,4.0325069903498765e-09,3.413952199687174e-10,0.9966949885201721
2024-07-19,-0.0007693733686843048,0.002082890068351012,0.0032059501056404,-0.16280538810335182,69.05089569091797,0.0037120656829574693,3,3,0.9986899560497794,0.007217018704808397,0.0013100400148666263,3.556441305793453e-09,3.789134760838414e-10,0.9986899560497794
2024-07-22,0.0037120656829574693,0.002187976660123708,0.0021719455249315112,-0.10950063575826453,69.30769348144531,0.00012757464275906766,3,3,0.9976065034926742,0.012144205537687561,0.0023934922432103157,3.684148492321936e-09,5.800008499061555e-10,0.9976065034926742
2024-07-23,0.00012757464275906766,0.0021510495377873333,0.0024271182291071736,-0.11619490866206589,69.31653594970703,-0.0031985651708378417,3,3,0.9992332287767691,0.0045205373789113015,0.0007667697514554579,1.3091200436825896e-09,1.6260040723537225e-10,0.9992332287767691
2024-07-24,-0.0031985651708378417,0.0023331583485091414,0.003844616520010466,0.26603543900897886,69.09517669677734,0.00012829821380552024,3,3,0.9832356255979521,0.06143310917330522,0.01676436262925368,1.1201226370394784e-08,5.716334140737777e-10,0.9832356255979521
2024-07-25,0.00012829821380552024,0.002239106175811174,0.003716054742762609,-0.060378392881097954,69.10404205322266,0.0031983755862810743,3,3,0.9942704949139629,0.025456560344618778,0.005729442043492632,5.8885597002239717e-08,4.157000994819914e-09,0.9942704949139629
2024-07-26,0.0031983755862810743,0.0023028423166184344,0.0020437304922504003,-0.4021789773049965,69.3254165649414,-0.0008950123836436537,3,3,0.9967917540723821,0.01559926419015043,0.003208228747584995,1.574427443151004e-08,1.435705661662266e-09,0.9967917540723821
2024-07-29,-0.0008950123836436537,0.002208019168325637,0.0038353751863456666,0.1840076523923953,69.26339721679688,0.000511518003289265,3,3,0.9959015489721827,0.019202250777923053,0.0040984406414133695,9.71631659452396e-09,6.699882737932094e-10,0.9959015489721827
2024-07-30,0.000511518003289265,0.0021941992338954234,0.002938866870188673,0.16728076107329604,69.29883575439453,0.003571453562187336,3,3,0.9988533462493471,0.006427154964335,0.0011466504617142278,2.986500485916494e-09,3.0252162868362387e-10,0.9988533462493471
2024-07-31,0.003571453562187336,0.002236753994811799,0.003055740526762379,0.41014231993801853,69.5467758178711,-0.0021911657336175644,3,3,0.994691241697116,0.02387958505019862,0.00530875108036777,6.543059829938074e-09,6.793530725125225e-10,0.994691241697116
2024-08-01,-0.0021911657336175644,0.0022683028150331935,0.004617760576952907,0.011858861409953009,69.3945541381836,-0.0033407827876031373,3,3,0.9547042236229084,0.13303642952269448,0.04529547777693735,2.8378174134954194e-07,1.4818376810935503e-08,0.9547042236229084
2024-08-02,-0.0033407827876031373,0.0023793055845138344,0.004633212670411911,0.3327209010516249,69.1631088256836,-0.006196528603552605,3,3,0.8301325183399475,0.3287339123913155,0.16986359948509988,3.7506597897262046e-06,1.3151510198166734e-07,0.8301325183399475
2024-08-05,-0.006196528603552605,0.0028031510033284493,0.010359950915784212,0.37796934377083646,68.7358627319336,0.0037487308151847596,0,0,0.9586506150230139,0.12625347179635193,0.9586506150230139,0.040824075510781536,0.0005253094662233924,2.1961961055303667e-14
2024-08-06,0.0037487308151847596,0.0028967394572278495,0.008256990994834238,-0.5525341090268306,68.9940185546875,0.0019332891126556107,0,0,0.9809203829860166,0.06886594065623323,0.9809203829860166,0.018896453369426233,0.00018316363514178082,9.37126416818063e-12
2024-08-07,0.0019332891126556107,0.002884212478320371,0.00515067611404284,-0.06895793812234083,69.12753295898438,0.004111973708760706,0,0,0.9996300373558721,0.002563422641966218,0.9996300373558721,0.00015109160222886322,1.7274491856896796e-06,0.00021714359278531635
2024-08-08,0.004111973708760706,0.002916162293768199,0.002949419308002792,-0.576395628625514,69.41236877441406,-0.00012794813852910858,0,0,0.9971078284374514,0.014453575145432091,0.9971078284374514,4.562787004768234e-05,8.111010488613106e-07,0.0028457325913965443
2024-08-09,-0.00012794813852910858,0.002872138671274483,0.003334545373418591,-0.057717361927291835,69.40348815917969,0.000640675625877823,0,0,0.984827105194437,0.056856691822116716,0.984827105194437,2.853894487308473e-05,6.805618856774385e-07,0.015143675298705294
2024-08-12,0.000640675625877823,0.002873237360865091,0.0021789051045853916,0.12961579342273177,69.44796752929688,0.004603411754492228,0,0,0.9679788539781623,0.10237309399374432,0.9679788539781623,2.5694256993856614e-05,9.884663918710212e-07,0.03199446329839165
2024-08-13,0.004603411754492228,0.0029276138764749706,0.003827546086635389,0.09648910454494083,69.76840209960938,0.0017849085121098504,0,0,0.9990092526919641,0.005835806680583982,0.9990092526919641,6.304803332506501e-05,1.6619935304659242e-06,0.0009260372812101928
2024-08-14,0.0017849085121098504,0.002923671663930655,0.003183902326644787,-0.033336829116657425,69.8930435180664,0.0008907701899068039,0,0,0.9910939357927032,0.03688006195804032,0.9910939357927032,3.104064583057969e-05,7.678130317964629e-07,0.008874255748384796
2024-08-15,0.0008907701899068039,0.0028639562394722476,0.002163198959940386,0.08812265861929745,69.95532989501953,0.0031760407430435544,0,0,0.971426690114947,0.09375198611889425,0.971426690114947,2.6127404962282196e-05,1.0318529520666276e-06,0.028546150627091094
2024-08-16,0.0031760407430435544,0.0028994465148089606,0.004312485460215861,-0.15707119367028155,70.17786407470703,0.0016477413008779808,0,0,0.9984262929297237,0.00864684062759721,0.9984262929297237,5.7854819308012485e-05,1.162397986812766e-06,0.001514689852988755
2024-08-19,0.0016477413008779808,0.0028265052971370233,0.0031657591001082435,-0.12906176249464202,70.29359436035156,-0.0008868076523047417,0,0,0.9820134026802246,0.06515477901513658,0.9820134026802246,2.9446892529236173e-05,8.251863998341027e-07,0.017956325240891986
2024-08-20,-0.0008868076523047417,0.0028464660101445434,0.003295337531079629,0.11430791376992369,70.23128509521484,0.00227868267097185,0,0,0.9733601287681279,0.08877951760474814,0.9733601287681279,2.601316876084422e-05,6.580433654960373e-07,0.02661320001967497
2024-08-21,0.00227868267097185,0.0027166706726817324,0.0025290458220961847,0.03194650229562311,70.3915023803711,-0.0012652213785976142,0,0,0.9214970956148649,0.19861997128674672,0.9214970956148649,2.588077283239244e-05,1.2213512439297213e-06,0.07847580226109589
2024-08-22,-0.0012652213785976142,0.0027558850244003737,0.0025322479075917882,-0.15685618202072538,70.30249786376953,0.005303724121564391,0,0,0.8943860444354297,0.2434476226573418,0.8943860444354297,2.4899237513580662e-05,8.960250247474306e-07,0.10558816030206092
2024-08-23,0.005303724121564391,0.002887007586377764,0.004030222779276912,0.10671525320683525,70.67635345458984,-0.0020173208511314804,0,0,0.9991163911248965,0.005330966434715731,0.9991163911248965,8.393614589665408e-05,2.4416737957487134e-06,0.0007972310554899533
2024-08-26,-0.0020173208511314804,0.00293556230342656,0.0025239393441936347,-0.4655564602041688,70.53392028808594,0.0006308432823223725,0,0,0.9952193936093283,0.022034470491020537,0.9952193936093283,3.8887848818670674e-05,7.804172305806425e-07,0.004740938124618969
2024-08-27,0.0006308432823223725,0.0029348334129367516,0.0032791289346492188,0.10759505418064175,70.57843017578125,-0.0005042966962991768,0,0,0.9881395292175422,0.04659033604981676,0.9881395292175422,2.768838429621156e-05,6.306816659786479e-07,0.011832151716490246
2024-08-28,-0.0005042966962991768,0.0028816783122599253,0.0017665538125985804,-0.019173795413567396,70.5428466796875,0.0010087713800568277,0,0,0.9829414935564315,0.06246155191282794,0.9829414935564315,2.9618133142362678e-05,1.2430210379860082e-06,0.017027645289397784
2024-08-29,0.0010087713800568277,0.0027997294943602554,0.0016386896560877144,-0.19710485798780839,70.61404418945312,0.0001257548262231792,0,0,0.9610629558464489,0.11887408051636336,0.9610629558464489,2.7725387477261614e-05,1.2941206099618152e-06,0.03890802464550905
2024-08-30,0.0001257548262231792,0.002627250151056701,0.0022687208656930326,0.40922851832345947,70.6229248046875,-0.003552278580888364,0,0,0.751476539389891,0.4045939830289777,0.751476539389891,1.5741313290635453e-05,8.27642692092753e-07,0.24850689165416626
2024-09-03,-0.003552278580888364,0.0022883623278698033,0.003939979122920231,0.13403428244255766,70.37249755859375,0.0036792057747022542,0,0,0.6693154040834364,0.45801400139548487,0.6693154040834364,2.4807825929649863e-05,1.4553401726756565e-06,0.3306583327504301
2024-09-04,0.0036792057747022542,0.0022842985093303016,0.004938576467264807,0.024231823793345406,70.63188934326172,0.003412885005515093,0,0,0.9734737241542414,0.08880660017563176,0.9734737241542414,9.101643021828397e-05,5.6190623197643705e-06,0.026429640353229623
2024-09-05,0.003412885005515093,0.0023336404244144134,0.0029025206176112503,0.3221331027523287,70.87335968017578,-0.0012624342547650988,0,0,0.7642489253058116,0.39416668198558,0.7642489253058116,2.6522432344388742e-05,2.4692279951987055e-06,0.2357220830338774
2024-09-06,-0.0012624342547650988,0.0022955043294333403,0.004927968064900563,0.11037775693513302,70.78394317626953,0.0023981242487183954,0,0,0.8613078765927576,0.2906789420730309,0.8613078765927576,3.957384646083044e-05,1.7798760933111828e-06,0.1386507696846792
2024-09-09,0.0023981242487183954,0.0023009179686858793,0.002773144916561373,-0.6979956627288396,70.95389556884766,-0.0018927438222826024,0,3,0.6978966719862623,0.44200720842778646,0.3020932067418234,9.696371935727644e-06,4.2490004224436095e-07,0.6978966719862623
2024-09-10,-0.0018927438222826024,0.0023955933105560103,0.0034100059537798214,0.43488907397433235,70.8197250366211,0.0015140727938827473,3,3,0.9349158875673829,0.17366356088985035,0.06508282034295813,1.2353160593148214e-06,5.6773681893625275e-08,0.9349158875673829
2024-09-11,0.0015140727938827473,0.002244349252835394,0.0042874694174817995,0.09910408879000047,70.92703247070312,0.0013864351526767383,3,3,0.9526549171165015,0.1375164943629471,0.04734373033335764,1.2709613769624252e-06,8.158867224575742e-08,0.9526549171165015
2024-09-12,0.0013864351526767383,0.0022371226257897237,0.0035259887468117182,-0.3953657685501502,71.02543640136719,0.002766474263104731,3,3,0.9905777435394949,0.03847098580529961,0.009422041021228197,2.0265953147875378e-07,1.2779645593665678e-08,0.9905777435394949
2024-09-13,0.002766474263104731,0.0022798777478975295,0.0022604585129262335,0.10924983879585545,71.22219848632812,0.002508624440128697,3,3,0.9974434928619055,0.01284977983248843,0.0025564873290797514,1.75524857269317e-08,2.256575049178236e-09,0.9974434928619055
2024-09-16,0.002508624440128697,0.002249450851022034,0.0032569476420746526,-0.012795780289993066,71.40109252929688,0.00025032437864386237,3,3,0.9958651881549958,0.019346215189754764,0.004134800960336579,9.980418374641058e-09,9.042247015139925e-10,0.9958651881549958
2024-09-17,0.00025032437864386237,0.0022455253179014135,0.0017532798036785243,-0.1354694271467172,71.4189682006836,0.0008764426814121764,3,3,0.9987315655219992,0.007017347162282958,0.0012684304181311101,3.5878847243610142e-09,4.720172524122233e-10,0.9987315655219992
2024-09-18,0.0008764426814121764,0.002210394438244193,0.006131104541990978,0.3660724133788061,71.4815902709961,0.0029982006945471064,0,0,0.8314103346288804,0.3272619615254311,0.8314103346288804,3.08637996490071e-06,1.1688503734845447e-07,0.1685864621061848
2024-09-19,0.0029982006945471064,0.0022399751967592473,0.0029940803667591405,0.2099540273368251,71.69622802734375,0.0012474434613182306,3,3,0.6999630632827536,0.4407611488615316,0.3000257223734783,1.0130780086898043e-05,1.0835637785244042e-06,0.6999630632827536
2024-09-20,0.0012474434613182306,0.0021807445372102737,0.0032394982470739333,-0.1117811571777473,71.78572082519531,-0.001871323304055548,3,3,0.9768072723974393,0.07951091608552413,0.02319201065171573,6.55562667450177e-07,6.13881987152927e-08,0.9768072723974393
2024-09-23,-0.001871323304055548,0.0020279082963380922,0.0016227343955502469,-0.4066623504656591,71.6515121459961,0.00012499874911055608,3,3,0.9979333903797027,0.010705053962782244,0.00206657573546423,2.9083821367005003e-08,4.801052116506178e-09,0.9979333903797027
2024-09-24,0.00012499874911055608,0.0019319574104142599,0.0022466337868848885,-0.012989602968090623,71.66046905517578,-0.001123952844130334,3,3,0.9997223208835303,0.001840572663916171,0.00027767854393858217,4.687247349467602e-10,1.0386001759455265e-10,0.9997223208835303
2024-09-25,-0.001123952844130334,0.001978950240737896,0.0011246278727726228,0.007802226693174972,71.57997131347656,0.0016228339377570495,3,3,0.999266255268029,0.0043491282908341995,0.0007337444584560247,2.0689717084073232e-10,6.659524162977463e-11,0.999266255268029
2024-09-26,0.0016228339377570495,0.0019676916164766477,0.0021208307207226757,0.12455190520096121,71.69622802734375,0.002491952823871178,3,3,0.9996943667839066,0.0020047100370515856,0.00030563296124536034,2.055182876510706e-10,4.9408981540683687e-11,0.9996943667839066
2024-09-27,0.002491952823871178,0.002003171310998076,0.0021155524769613365,0.11476038627976683,71.87511444091797,-0.0007467109546739456,3,3,0.9995252325649828,0.002963226092639009,0.0004747672473055277,1.5174565582962767e-10,3.607525611134038e-11,0.9995252325649828
2024-09-30,-0.0007467109546739456,0.0020298984817139934,0.0022415977376708325,-0.15150161280700603,71.82146453857422,-0.0005008805359097276,3,3,0.9994855553857974,0.003181076238114347,0.0005144443809446427,2.001532599467253e-10,3.3006092777477265e-11,0.9994855553857974
2024-10-01,-0.0005008805359097276,0.0017817916440271127,0.0025040308171361144,0.37685068545521855,71.7854995727539,0.0001248717210375761,3,3,0.9998504280317676,0.0010581821827112372,0.0001495718887678352,6.322415966593632e-11,1.6223414831355887e-11,0.9998504280317676
2024-10-02,0.0001248717210375761,0.0016738582513915379,0.002378502986285332,-0.10968653338066542,71.79446411132812,-0.0023808787767454257,3,3,0.9998702584691871,0.0009311990328265831,0.00012974149963149381,2.295485516030343e-11,8.223277777906425e-12,0.9998702584691871
2024-10-03,-0.0023808787767454257,0.0017019390119080047,0.002258756426919804,-0.2800448772818848,71.62373352050781,-0.001130181593082265,3,3,0.999559476296398,0.002773289547030503,0.0004405236037463072,7.63799056057416e-11,2.3587578317162295e-11,0.999559476296398
2024-10-04,-0.001130181593082265,0.001694864385260344,0.002135655429699297,0.25320434505525125,71.54283142089844,-0.0042804374384634615,3,3,0.9998661091269455,0.0009579401200753028,0.00013389079307594577,5.7895612964014796e-11,2.2011493847029376e-11,0.9998661091269455
2024-10-07,-0.0042804374384634615,0.0019472224373652985,0.0036588557621900653,0.5450922378520856,71.23725128173828,0.0023941007966264065,3,3,0.9946685822270849,0.02396501811757888,0.005331417055902192,6.571134852508183e-10,5.989289144073339e-11,0.9946685822270849
2024-10-08,0.0023941007966264065,0.001940749538558871,0.0020137953286401434,-0.5247535572457311,71.40800476074219,-0.0006292853437336512,3,3,0.9995664201006269,0.002734569387130929,0.0004335773155199629,2.2332391389436063e-09,3.505994092631123e-10,0.9995664201006269
2024-10-09,-0.0006292853437336512,0.0019359565145074219,0.0017633125485184802,0.035489735113801824,71.36308288574219,-0.000503991655506898,3,3,0.9996885396290488,0.002038686468650991,0.0003114602219767133,1.174734179070572e-10,3.139180687254552e-11,0.9996885396290488
2024-10-10,-0.000503991655506898,0.0019265785988726932,0.002016175162283258,-0.34352378078556434,71.3271255493164,0.0026425668579046825,3,3,0.9996615203600839,0.0021952270128236077,0.0003384795235296215,9.780432324156102e-11,1.8558184091509857e-11,0.9996615203600839
2024-10-11,0.0026425668579046825,0.0019181121291742328,0.003141887658147895,-0.10949458692141632,71.51586151123047,0.0005026619162719566,3,3,0.9989172820953548,0.006113595399432066,0.0010827173133647252,4.994000091556255e-10,9.181962938872364e-11,0.9989172820953548
2024-10-14,0.0005026619162719566,0.001842304104124657,0.0028890305963539527,-0.8043797949199876,71.55181884765625,-0.0002512460473422896,3,3,0.999584533061279,0.002633105765901074,0.00041546634162895394,5.484914649296083e-10,4.8708413317772464e-11,0.999584533061279
2024-10-15,-0.0002512460473422896,0.0018436413683913108,0.0017590073638662502,0.9479383128419685,71.53384399414062,0.0017575046238331785,3,3,0.9999077602660261,0.0006847365185695467,9.223970349212424e-05,2.594927017993109e-11,4.513506549081094e-12,0.9999077602660261
2024-10-16,0.0017575046238331785,0.0018739419564205392,0.0018812729232292327,0.015675735700439494,71.65967559814453,-0.0015062585764908704,3,3,0.9997850459774195,0.0014645062118170298,0.00021495399439371154,2.1406098671433567e-11,6.8442349970866855e-12,0.9997850459774195
2024-10-17,-0.0015062585764908704,0.0017786368414216052,0.004019591663997672,0.38759646663735564,71.55181884765625,0.002383907122314549,3,3,0.9985998658657204,0.0076460694024601695,0.0014001337806128172,3.1072123862550673e-10,4.2883733397696484e-11,0.9985998658657204
2024-10-18,0.002383907122314549,0.001841036420683747,0.001879718297524577,-0.4775501715861621,71.72259521484375,-0.004018029115165497,3,3,0.9997398110983535,0.0017368523870354697,0.00026018837216026616,4.3383660049140254e-10,9.567744171605735e-11,0.9997398110983535
2024-10-21,-0.004018029115165497,0.0020081717344668185,0.0039003214079092858,0.22892499097271238,71.43498992919922,-0.0013848978898274023,3,3,0.9889703923206906,0.04377205879633085,0.011029603811972828,3.5138314058779492e-09,3.534616942642597e-10,0.9889703923206906
2024-10-22,-0.0013848978898274023,0.0020255432714994426,0.0022678631592151824,-0.024368930407680154,71.33612823486328,-0.0030285910680977195,3,3,0.9992001764593725,0.004691085944563655,0.0007998170572673732,5.522626553452622e-09,9.606605075025234e-10,0.9992001764593725
2024-10-23,-0.0030285910680977195,0.0021128352879681146,0.002906651900884009,0.11430769889648143,71.12040710449219,0.002902382176599268,3,3,0.9972219666550461,0.013796306562364963,0.0027780311850382137,1.9348733925797856e-09,2.2511715505828885e-10,0.9972219666550461
2024-10-24,0.002902382176599268,0.0021926901512747945,0.0025201228163309803,-0.27625326231018016,71.3271255493164,-0.0010086389030809564,3,3,0.9981202864074368,0.0098653664693718,0.001879708018172785,5.015240258349428e-09,5.592575937713742e-10,0.9981202864074368
2024-10-25,-0.0010086389030809564,0.0020993472491498137,0.0037840950602556654,0.1654244739376458,71.25521850585938,0.002519745684406724,3,3,0.9974685081229799,0.012741883156103702,0.0025314876686932026,3.868486364034179e-09,3.3980429984973435e-10,0.9974685081229799
2024-10-28,0.002519745684406724,0.0021983892202433043,0.001761441667531389,-0.1108916597401582,71.43498992919922,0.0002514869110045799,3,3,0.9987601175464729,0.0068797578389526185,0.0012398791735631872,2.81698117957886e-09,4.629106290736527e-10,0.9987601175464729
2024-10-29,0.0002514869110045799,0.0022006625222953527,0.0036477142909787734,0.29984004456839064,71.45295715332031,-0.0017625936923303662,3,3,0.9976006328548769,0.0121697266729506,0.0023993648840423282,2.1069687885973813e-09,1.5406163307082624e-10,0.9976006328548769
2024-10-30,-0.0017625936923303662,0.0022248834733930856,0.004032254188043424,-0.4031220807919401,71.3271255493164,-0.0027760209913263285,3,3,0.9875743672562455,0.04823814636498616,0.012425592426629445,3.8173013444016214e-08,2.1441081262378594e-09,0.9875743672562455
2024-10-31,-0.0027760209913263285,0.0022457429946278226,0.0030325734852219765,0.4078188643382546,71.12939453125,6.360362139487849e-05,3,3,0.9957125516473947,0.019948185624636162,0.00428742008998337,2.634443626804959e-08,1.91821317313221e-09,0.9957125516473947
2024-11-01,6.360362139487849e-05,0.002239668007489801,0.004444425068204365,0.019512243835427094,71.13391876220703,0.0027899628553442963,3,3,0.9816225141756663,0.0661163647298884,0.018377398552941526,8.241175862900156e-08,4.859673756640154e-09,0.9816225141756663
2024-11-04,0.0027899628553442963,0.002131482537182887,0.002659226050734845,-0.4786634253678691,71.33265686035156,0.002781773981918702,3,3,0.997791072682512,0.011335991001489593,0.0022088955196115003,2.9059115800549906e-08,2.7388210538253213e-09,0.997791072682512
2024-11-05,0.002781773981918702,0.0021553884332899654,0.003283173365581229,0.14696932607756627,71.53136444091797,0.0017664025244125056,3,3,0.996735113574541,0.015833296011984202,0.003264878210597303,7.378413279073507e-09,8.363801015048657e-10,0.996735113574541
2024-11-06,0.0017664025244125056,0.002179956452789416,0.0035295445964210995,0.31168398413390475,71.65782928466797,0.004276571155070531,3,3,0.997096001400303,0.014328907585609526,0.0029039904907789387,7.461696887143655e-09,6.471332907409987e-10,0.997096001400303
2024-11-07,0.004276571155070531,0.0023532054032219724,0.005648261059174876,0.17297593361351232,71.96493530273438,0.001630565626544862,0,0,0.9594952500365346,0.12239044460107423,0.9594952500365346,1.2882617653614489e-05,6.28575235495165e-07,0.04049123877058418
2024-11-08,0.001630565626544862,0.0023140216555794053,0.002005058345744643,-0.5190449267315663,72.0823745727539,-0.0011283905663331797,0,3,0.5892353339874972,0.48854933106727816,0.4107529139420161,1.0985598601913967e-05,7.664719490285222e-07,0.5892353339874972
2024-11-11,-0.0011283905663331797,0.002338620329968591,0.0013800101820975982,-1.0204627537123871,72.00108337402344,-0.004022564285841166,3,3,0.9019158423390639,0.2314691202454259,0.09808145527172875,2.630679946385597e-06,7.170935510636287e-08,0.9019158423390639
2024-11-12,-0.004022564285841166,0.0025306653076232247,0.004660475123214867,1.3989336334262985,71.7120361328125,0.0002518981731980813,3,3,0.8173141896343965,0.34297254464743815,0.1826843064253712,1.5000676599334205e-06,3.872565828644089e-09,0.8173141896343965
2024-11-13,0.0002518981731980813,0.0025017566644311906,0.002770447179919965,-0.2749835527792611,71.7301025390625,-0.002143266338711753,3,3,0.9628983617971916,0.11442816693456458,0.03710078438742359,8.13645642920793e-07,4.0169727854462377e-08,0.9628983617971916
2024-11-14,-0.002143266338711753,0.0025265329137304977,0.003659779446560779,-0.033754362125507156,71.57653045654297,-0.00012610478279490047,3,3,0.9534377843279352,0.1358120534468923,0.04656140846652274,7.759140980707463e-07,3.129140232416265e-08,0.9534377843279352
2024-11-15,-0.00012610478279490047,0.0024643623755530274,0.002902886757468944,0.02889810893498876,71.5675048828125,0.0018912872574921987,3,3,0.9902040455226057,0.039719957873557886,0.009795812883324002,1.3373159280325365e-07,7.862518577725091e-09,0.9902040455226057
2024-11-18,0.0018912872574921987,0.0023210042924734294,0.00251948797130471,-0.19343096253239953,71.70298767089844,0.0015105223487057256,3,3,0.9973748443632423,0.013144562464318107,0.0026251376878395185,1.6515048470684024e-08,1.4337963930962036e-09,0.9973748443632423
2024-11-19,0.0015105223487057256,0.0023080465412304066,0.003396184189514544,0.21728282759336323,71.8113784790039,-0.00025161303960054824,3,3,0.9962536701533249,0.017795700320234944,0.0037463221293061607,7.201820167834334e-09,5.156385153797921e-10,0.9962536701533249
2024-11-20,-0.00025161303960054824,0.0021749281972193064,0.001384003594684881,-0.549204745257719,71.7933120727539,0.0003773958224619401,3,3,0.998600705343183,0.007642131126529567,0.0013992902452417526,3.990561561427294e-09,4.211132560448815e-10,0.998600705343183
2024-11-21,0.0003773958224619401,0.0020982894061148294,0.0021380727503194107,0.3412052456211248,71.8204116821289,-0.0002515813890213813,3,3,0.9995808380759102,0.002653844354251213,0.00041916146391329594,3.9545004700453507e-10,6.46488679851093e-11,0.9995808380759102
2024-11-22,-0.0002515813890213813,0.002079335272726053,0.0017612201963870895,0.05295578472287201,71.8023452758789,0.0037669853119919263,3,3,0.9994875375557352,0.0031702465834907156,0.0005124622418576863,1.6865570050053437e-10,3.3764276623846876e-11,0.9994875375557352
2024-11-25,0.0037669853119919263,0.0021637969109583248,0.0016292424104067274,0.1688459252126071,72.07333374023438,-0.0018817719124409637,3,3,0.9980420974736784,0.01021807388301061,0.001957900882831946,1.3252027953603681e-09,3.1824855237527623e-10,0.9980420974736784
2024-11-26,-0.0018817719124409637,0.0022255267855437817,0.0027624462881615823,0.1606595039254225,71.93783569335938,0.00300903195387916,3,3,0.9980639688059749,0.010119645176326063,0.0019360283918766037,2.5568574157165894e-09,2.453867184751273e-10,0.9980639688059749
2024-11-27,0.00300903195387916,0.0022441556417567674,0.002378502986285332,-0.3069409523166706,72.15462493896484,0.0020008621935877035,3,3,0.997754781958911,0.011495567480343461,0.002245213444532863,4.169721527596512e-09,4.268150828402283e-10,0.997754781958911
2024-11-29,0.0020008621935877035,0.0021192687079848124,0.0022488793492862406,-0.1887656407635081,72.29914093017578,-0.0003638121665372905,3,3,0.9992336449851295,0.0045183860400673705,0.0007663533240862694,1.4756035325950626e-09,2.1522790719587991e-10,0.9992336449851295
2024-12-02,-0.0003638121665372905,0.0021293816647779047,0.0050219901847577825,0.25738277532538834,72.27284240722656,0.0,3,3,0.9548581079312547,0.13269557987448788,0.045141842217488626,4.71410285404625e-08,2.710180174776095e-09,0.9548581079312547
2024-12-03,0.0,0.002082629815342351,0.001632106100785593,-0.26416751590700804,72.27284240722656,0.00238247884473387,3,3,0.9985918691167028,0.007684189412757201,0.0014081033701113046,2.3480046614022055e-08,4.033029682891378e-09,0.9985918691167028
2024-12-04,0.00238247884473387,0.0020629871526748225,0.0025049719115188955,-0.08976233483276107,72.44523620605469,-0.0008771117553269895,3,3,0.9992231216745334,0.004572780511552019,0.0007768770822720887,1.0673028165254522e-09,1.759626217530862e-10,0.9992231216745334
2024-12-05,-0.0008771117553269895,0.0020713338785787886,0.0013789722324267359,0.016265700084421606,72.38172149658203,0.0016285505305849112,3,3,0.9992030907650599,0.004676038503366193,0.0007969085716519587,5.366019704360218e-10,1.2672875917608633e-10,0.9992030907650599
2024-12-06,0.0016285505305849112,0.0018944822764908084,0.0018773657448594926,0.2587994479851184,72.49969482421875,-0.0012525362333960079,3,3,0.9997918611351994,0.0014229136309988212,0.00020813865068224272,1.6288471393848842e-10,5.1246542181964695e-11,0.9997918611351994
2024-12-09,-0.0012525362333960079,0.0019031988637523867,0.002005058345744643,-0.3035488911189703,72.40894317626953,0.0005010974581381892,3,3,0.9995835875799887,0.0026384098768033122,0.00041641231765256816,8.475515412879301e-11,1.768356431006302e-11,0.9995835875799887
2024-12-10,0.0005010974581381892,0.0018768626294646035,0.0025050674700720166,0.207684622657649,72.44523620605469,0.0002505072416169229,3,3,0.9997874987663787,0.0014495551831180211,0.00021250114027484998,7.566098389324566e-11,1.760789344306585e-11,0.9997874987663787
2024-12-11,0.0002505072416169229,0.0015773160981134948,0.0015025684481643502,-0.09502340560762511,72.46338653564453,-0.002758720454137092,3,3,0.9999168376478421,0.0006235661419703288,8.316231081462355e-05,2.5098579684537755e-11,1.618343540813419e-11,0.9999168376478421
2024-12-12,-0.002758720454137092,0.0017396672924749558,0.004520349235441546,0.16208859025115152,72.26375579833984,-0.002891709422879868,3,3,0.9910011152201172,0.037040428614079204,0.008998883228347668,1.3454688721331775e-09,2.0606982579341576e-10,0.9910011152201172
2024-12-13,-0.002891709422879868,0.0018034695941929525,0.004155670769879947,0.1621521355095311,72.05509185791016,0.0018869558784651013,3,3,0.9940468122488946,0.026285498394810647,0.0059531175921309605,6.11848876556779e-08,8.974074182410238e-09,0.9940468122488946
2024-12-16,0.0018869558784651013,0.0018324297000426686,0.0017596706126760725,-0.4290622304904878,72.1911849975586,-0.002138988688540672,3,3,0.999756464416879,0.0016373191494011452,0.00024353377565546804,1.451003871912148e-09,3.564611875364406e-10,0.999756464416879
2024-12-17,-0.002138988688540672,0.0018845817585951222,0.0013855726312791148,0.2654613953739966,72.03693389892578,-0.010321538348536155,3,3,0.9994114670178126,0.003582067003550043,0.0005885327851789695,1.4547796167347642e-10,5.151716603434942e-11,0.9994114670178126
2024-12-18,-0.010321538348536155,0.0029932532038478327,0.01266467809849366,1.0138008195348096,71.29722595214844,-0.0010239513851859564,0,0,0.9235316091145194,0.1958698895794685,0.9235316091145194,0.07625379025631095,0.00021460062911820638,9.885966416146437e-24
2024-12-19,-0.0010239513851859564,0.002996771130594631,0.005378484031712647,-0.14826868183132466,71.22425842285156,0.006255255761598296,0,0,0.9993902089989918,0.00392335798671685,0.9993902089989918,0.0004891786151413694,2.4948303913809747e-06,0.00011811755556294772
2024-12-20,0.006255255761598296,0.0033448149877359995,0.008526319080340494,-0.08667983879361041,71.67118072509766,-0.002675896890156985,0,0,0.9849123788911891,0.05710065318569981,0.9849123788911891,0.014922571714721658,0.00016504939414707057,3.597085523478834e-15
2024-12-23,-0.002675896890156985,0.0033940115035240685,0.004083191063026663,-0.771992156252189,71.47965240478516,0.0031845983024503467,0,0,0.9997207402918611,0.0019307220328168464,0.9997207402918611,0.00024284355926895444,8.21665322102681e-07,3.5594483531433295e-05
2024-12-24,0.0031845983024503467,0.0033602879859854404,0.003688640363726665,-0.8967878391283551,71.70764923095703,0.002540906140395308,0,0,0.9998293534609669,0.0012764268277116976,0.9998293534609669,7.295123012962641e-05,2.7223715173733837e-07,9.742307181291056e-05
2024-12-26,0.002540906140395308,0.0033929182385474647,0.004440477993862219,0.4328003998148433,71.89008331298828,-0.0034313035064215845,0,0,0.9999039417707741,0.0007571502872701653,0.9999039417707741,6.183696565319427e-05,4.581417659632249e-07,3.376312177605735e-05
2024-12-27,-0.0034313035064215845,0.0033946088208324995,0.0029281139146747196,0.11530389933064893,71.64382934570312,0.0013993718413343131,0,0,0.9998671002843652,0.0010204445061441406,0.9998671002843652,7.619060079240111e-05,9.453674154740939e-07,5.576374742417981e-05
