Date,log_return,rolling_volatility_20,daily_range,volume_change,current_close,next_log_return,state_viterbi_past_only,state_posterior_argmax,posterior_confidence,posterior_entropy,p_state_0,p_state_1,p_state_2,p_state_3
2023-06-18,-0.006602603438313832,0.02340266337406461,0.013291020911157782,-0.14788549050161962,26336.212890625,0.019359247201741925,0,0,0.9804994234044182,0.07013921903997146,0.9804994234044182,9.995362110976833e-07,0.01929546195720789,0.00020411510215653588
2023-06-19,0.019359247201741925,0.02391382871414066,0.02501875400929914,0.2933679756961198,26851.029296875,0.05352849528514009,0,0,0.9771526503193143,0.08028324667929826,0.9771526503193143,1.8032152166641916e-07,0.022356150794964155,0.0004910185642259078
2023-06-20,0.05352849528514009,0.02654788452460996,0.06072468258732236,0.5490750918806039,28327.48828125,0.05827421320682117,0,0,0.9696990036801444,0.10377245366588926,0.9696990036801444,1.987014586185448e-05,0.002207910733157629,0.028073215440860957
2023-06-21,0.05827421320682117,0.029027801550585215,0.08172297133805854,0.40633430351875793,30027.296875,-0.0038377235796951737,3,3,0.581845413097604,0.5767165858034006,0.3834896798174848,0.03462601003486651,3.8897050061974196e-05,0.581845413097604
2023-06-22,-0.0038377235796951737,0.02899658515013674,0.027307841783214045,-0.479092287468369,29912.28125,0.02584590576815378,0,0,0.9859818627856316,0.05962809558434174,0.9859818627856316,0.01073411800042349,0.0004383131686291144,0.0028457060453356076
2023-06-23,0.02584590576815378,0.029244059975794885,0.0503111462909326,0.15498933539925877,30695.46875,-0.004793067902493928,0,0,0.9975819130821498,0.0139097277998858,0.9975819130821498,0.0013884664775514353,0.00033566127936566917,0.0006939591609242021
2023-06-24,-0.004793067902493928,0.02933282255297156,0.01682565974968755,-0.6857077582181029,30548.6953125,-0.0022426607224285255,0,0,0.9996086506909526,0.0027624767212423447,0.9996086506909526,3.7686889797872656e-05,0.00016163439000789983,0.0001920280292405535
2023-06-25,-0.0022426607224285255,0.026160933949653253,0.023402952756183017,0.04472478586405775,30480.26171875,-0.006884835938176551,0,0,0.997917465802471,0.011110255953907177,0.997917465802471,6.605917239768648e-07,0.0019622591232530693,0.00011961448255129648
2023-06-26,-0.006884835938176551,0.0238349006846217,0.022473067141438326,0.26107266521044215,30271.130859375,0.013682563415242946,0,0,0.9872770893537003,0.05024304812505951,0.9872770893537003,7.843499432244132e-08,0.01240629633376012,0.0003165358775484402
2023-06-27,0.013682563415242946,0.02208107854433671,0.025095561832292324,-0.003909793194651986,30688.1640625,-0.01980891791303767,0,0,0.891590495476679,0.2494188354019265,0.891590495476679,5.363221019125472e-07,0.10801901114508364,0.00038995705616100615
2023-06-28,-0.01980891791303767,0.022919551122748186,0.025973896138951572,-0.1199699735304001,30086.24609375,0.011865197537731036,0,0,0.9257544526081183,0.192054517383011,0.9257544526081183,8.041940235848419e-07,0.07398129469301355,0.0002634485048535982
2023-06-29,0.011865197537731036,0.02288255306840918,0.024274539037029717,-0.10030178002595364,30445.3515625,0.0010472432791648364,0,0,0.8798460676664261,0.2662210331834219,0.8798460676664261,5.028048017234165e-07,0.11989874020851102,0.0002546893202421405
2023-06-30,0.0010472432791648364,0.021752115644712192,0.05435489699572933,0.6941172290349364,30477.251953125,0.0036951443630783326,0,0,0.8524470776437892,0.31659872082210916,0.8524470776437892,2.2642352529278492e-07,0.14296024980123717,0.0045924461314534055
2023-07-01,0.0036951443630783326,0.021749163582551287,0.010213240608551078,-1.0660815268500712,30590.078125,0.001002809469143997,0,0,0.7303294982493586,0.4288529741971957,0.7303294982493586,3.0110692998515184e-06,0.26771889421020095,0.0019485964711591515
2023-07-02,0.001002809469143997,0.021698403656930775,0.016398056006971373,0.1477513320572856,30620.76953125,0.017342426317960315,0,2,0.5473382284511321,0.49897090117859405,0.4522839922286242,9.037206159761042e-07,0.5473382284511321,0.00037687559962869494
2023-07-03,0.017342426317960315,0.021706492093202658,0.025327014999971476,0.3714606741042326,31156.439453125,-0.012234379050443955,2,2,0.8380182781167332,0.3217471702518469,0.16153242037077514,9.074562789537436e-08,0.8380182781167332,0.00044921076685342187
2023-07-04,-0.012234379050443955,0.020220417456717293,0.0216339865879957,-0.17572276380539606,30777.58203125,-0.008595533521292817,2,2,0.9807670515139595,0.0689123089912185,0.019157531645797254,1.179578284079935e-07,0.9807670515139595,7.529888241692021e-05
2023-07-05,-0.008595533521292817,0.020552832976820593,0.021357843977819473,-0.02603343927540309,30514.166015625,-0.020020299639946313,2,2,0.9972119191456561,0.01407184819442992,0.0027192399941511716,1.4366269005784468e-08,0.9972119191456561,6.882649390368873e-05
2023-07-06,-0.020020299639946313,0.020942931353607766,0.052419287167384296,0.5263995484909724,29909.337890625,0.01437090998029806,2,2,0.9507697224811914,0.1654274733622669,0.029660260633544797,5.375520190285493e-07,0.9507697224811914,0.019569479333247285
2023-07-07,0.01437090998029806,0.02101920707364098,0.021664808525648782,-0.4565393883781159,30342.265625,-0.0016401345457067653,2,2,0.9924305332967641,0.03286926889484643,0.00734621299588735,1.4126713703320874e-05,0.9924305332967641,0.0002091269936465049
2023-07-08,-0.0016401345457067653,0.0208821356530956,0.009714514988960837,-0.5779647724638904,30292.541015625,-0.004012544787339061,2,2,0.9980462008044411,0.010483071682012464,0.00185459961751926,8.466240358289652e-08,0.9980462008044411,9.911491563869964e-05
2023-07-09,-0.004012544787339061,0.02080779192485403,0.011335235496973265,0.05113116509045556,30171.234375,0.008029538805166095,2,2,0.9990291166373241,0.0058374864675296385,0.000838549031289681,1.4675564800264326e-08,0.9990291166373241,0.00013231965581315925
2023-07-10,0.008029538805166095,0.01755058036101258,0.034216918100701064,0.6292474929803912,30414.470703125,0.006765948365584516,2,2,0.9998641942522001,0.0010054336757282759,1.577043682285e-05,3.782492488936376e-10,0.9998641942522001,0.00012003493275143644
2023-07-11,0.006765948365584516,0.011999615161472394,0.014049752878680963,-0.19905086173151837,30620.951171875,-0.007516669538967958,2,2,0.9999838778311609,0.00014016349717261377,3.852921941399357e-08,1.2066621519298938e-10,0.9999838778311609,1.608351895463507e-05
2023-07-12,-0.007516669538967958,0.012105071734853272,0.024056903485827567,0.19752899211337271,30391.646484375,0.03505911799946575,2,2,0.9999611581133047,0.0003130015766782567,8.285147336105454e-08,1.4578607683518808e-11,0.9999611581133047,3.875902062866373e-05
2023-07-13,0.03505911799946575,0.013231464613321349,0.049121923496269516,0.4698779937537023,31476.048828125,-0.036955452769762046,2,2,0.9979923418555916,0.010443706418039343,3.3522352817047924e-07,1.5403586621328073e-09,0.9979923418555916,0.002007321380516774
2023-07-14,-0.036955452769762046,0.015724834895952118,0.05326905604472282,-0.12428213582054663,30334.068359375,-0.0012621409438578614,3,3,0.5591154936231277,0.5123384352517762,0.003681920671753514,0.0003470769844815762,0.4368555087206626,0.5591154936231277
2023-07-15,-0.0012621409438578614,0.015720159597407947,0.004763641420310528,-0.9597064302665171,30295.806640625,-0.0015417915284865274,2,2,0.9980793797505619,0.010463075885942008,0.00014595931947604938,8.904134869094992e-06,0.9980793797505619,0.0017657567950699839
2023-07-16,-0.0015417915284865274,0.015647661536173644,0.011500846227771509,0.061114079654812775,30249.1328125,-0.003418965294113633,2,2,0.9999786664794968,0.00018585361398615002,2.085580519663216e-06,4.00788730072021e-09,0.9999786664794968,1.9243932112769275e-05
2023-07-17,-0.003418965294113633,0.015322407682427293,0.021582285882552264,0.4412413102048514,30145.888671875,-0.009643886494910275,2,2,0.9999519438203672,0.0003841487954253543,1.4947739605572063e-06,1.4485978616992338e-11,0.9999519438203672,4.656139119020154e-05
2023-07-18,-0.009643886494910275,0.014822307176700378,0.02268273568415654,-0.007677250660504005,29856.5625,0.0019193869502834365,2,2,0.9999736590514907,0.0002236851316553933,1.5883828313612765e-06,2.724477685831192e-10,0.9999736590514907,2.4752293246805957e-05
2023-07-19,0.0019193869502834365,0.014554160651032905,0.013034468885302354,-0.0800105560248667,29913.923828125,-0.004083626307646249,2,2,0.9999865914792536,0.00011992555997420157,5.850827175739615e-07,4.761958539807508e-11,0.9999865914792536,1.2823390391909025e-05
2023-07-20,-0.004083626307646249,0.014563610308156958,0.018710904085564032,0.18922917537113113,29792.015625,0.003910458253167224,2,2,0.9999788823572382,0.0001813858223931641,6.774514979429117e-07,1.5637040533980397e-11,0.9999788823572382,2.0440175648617854e-05
2023-07-21,0.003910458253167224,0.01456744940229248,0.01043662959926866,-0.2893771518364591,29908.744140625,-0.004589155219131938,2,2,0.9999852434761699,0.0001310665556987696,6.912175973454921e-07,6.32490379003082e-11,0.9999852434761699,1.4065242997178885e-05
2023-07-22,-0.004589155219131938,0.014578095447375301,0.011000144786223175,-0.3319411910103583,29771.802734375,0.010449658783391701,2,2,0.9999861845022285,0.0001235841706928698,7.507314054261284e-07,4.670524589054923e-11,0.9999861845022285,1.306471967588149e-05
2023-07-23,0.010449658783391701,0.014187793724644727,0.01958192811351138,0.157913405204084,30084.5390625,-0.030633538164858885,2,2,0.9999811855132477,0.00016242258174539818,3.229062495590527e-07,1.4824339337179937e-11,0.9999811855132477,1.8491565669635854e-05
2023-07-24,-0.030633538164858885,0.015444244123205185,0.039726597860934715,0.5127051052540927,29176.916015625,0.0017284554802405464,2,2,0.9904830925159905,0.03942204488679993,0.00017704714252799836,3.3643201371828284e-09,0.9904830925159905,0.009339856977133123
2023-07-25,0.0017284554802405464,0.015408273720694797,0.009947058436729673,-0.4051831365644562,29227.390625,0.004355653333464597,2,2,0.9999787571278703,0.00018593267154859644,2.439847945002209e-06,5.541585765236252e-08,0.9999787571278703,1.8747608315875532e-05
2023-07-26,0.004355653333464597,0.014875547195321907,0.019132725197085833,0.2735957941319773,29354.97265625,-0.004927238584293436,2,2,0.9999775399669649,0.00019182016500524085,6.812256793009818e-07,1.680687542069214e-11,0.9999775399669649,2.1778790567491293e-05
2023-07-27,-0.004927238584293436,0.014450251145705622,0.015802955802045122,-0.22567169312299912,29210.689453125,0.0037094442045335473,2,2,0.9999854923635408,0.00012908561401059614,7.033963194138105e-07,7.96226385317602e-11,0.9999854923635408,1.380416049855717e-05
2023-07-28,0.0037094442045335473,0.01450472980049908,0.013495161761145855,0.040725129327149195,29319.24609375,0.0012840607690722545,2,2,0.9999849648383718,0.0001328692448499715,4.999874266805849e-07,1.762236534590591e-11,0.9999849648383718,1.4535156602696355e-05
2023-07-29,0.0012840607690722545,0.01450734741032227,0.004519470828519311,-0.5485674280132473,29356.91796875,-0.0027837737874393067,2,2,0.9999789814924595,0.0001809220213321102,8.065715949195902e-07,5.0289494162322266e-11,0.9999789814924595,2.0211885683487332e-05
2023-07-30,-0.0027837737874393067,0.01433920452156067,0.013105514072425849,0.29184892237331117,29275.30859375,-0.0015450628224417467,2,2,0.9999716179161033,0.00023640479720057097,4.2118650132285067e-07,8.645885491388278e-12,0.9999716179161033,2.7960888746789667e-05
2023-07-31,-0.0015450628224417467,0.01419427600905512,0.012257733740830855,0.29504469207438283,29230.111328125,0.01513023382608844,2,2,0.9999715516652191,0.00023665001201503969,3.387973575571006e-07,9.976573559443462e-12,0.9999715516652191,2.810952742943739e-05
2023-08-01,0.01513023382608844,0.014654127816382777,0.03432801488748007,0.4495031532229833,29675.732421875,-0.01780750751690934,2,2,0.9999359153745606,0.0004950662834508628,6.14576030201394e-07,5.198039568729182e-11,0.9999359153745606,6.346999744905679e-05
2023-08-02,-0.01780750751690934,0.012359362578279819,0.03572618505014437,0.050177899389699875,29151.958984375,0.0009161807791750279,2,2,0.9994432236352224,0.003417207181395402,1.1852815198284227e-06,2.982566593050766e-09,0.9994432236352224,0.0005555881007060222
2023-08-03,0.0009161807791750279,0.009614236843385197,0.014264481959350135,-0.4076597664194101,29178.6796875,-0.0035908335462961935,2,2,0.9999613942999324,0.00031087636953148643,3.858866008757318e-09,5.24895460976268e-10,0.9999613942999324,3.860131630393841e-05
2023-08-04,-0.0035908335462961935,0.009619673779771949,0.014333798985418115,-0.059954111033295926,29074.091796875,-0.0011000318899209226,2,2,0.9999764097543732,0.0001983445315029208,2.713063634798471e-09,1.0421057143837168e-11,0.9999764097543732,2.358752214899323e-05
2023-08-05,-0.0011000318899209226,0.009621428673534644,0.004981314522297183,-0.6011332340481046,29042.126953125,-9.347994530765627e-06,2,2,0.9999659425578729,0.00027732552550506376,3.2273896126275054e-09,1.1480594665460238e-11,0.9999659425578729,3.405420326700546e-05
2023-08-06,-9.347994530765627e-06,0.009625840729561625,0.006782909634061292,0.096907646791452,29041.85546875,0.004765273802377892,2,2,0.999977592378434,0.00018922489690697823,1.462485637869922e-09,1.8967284640803072e-12,0.999977592378434,2.240615715874445e-05
2023-08-07,0.004765273802377892,0.009551970676127263,0.01782489102072922,0.6276747256651786,29180.578125,0.01984638697905339,2,2,0.9998987672058852,0.0007447106766953094,9.899993989546558e-10,1.549589428786046e-13,0.9998987672058852,0.00010123180397069988
2023-08-08,0.01984638697905339,0.010634462531611178,0.03571190475128104,0.25482038285491576,29765.4921875,-0.006877101417061734,2,2,0.9997978430456673,0.0013863760799503176,1.350946536884645e-08,2.8694972969903107e-10,0.9997978430456673,0.00020214315789242776
2023-08-09,-0.006877101417061734,0.010705588450351017,0.02424216997341017,0.04501221580862913,29561.494140625,-0.004471948989328098,2,2,0.9999505624194861,0.0003893765484889018,2.1397706747277718e-08,2.521838557589837e-10,0.9999505624194861,4.9415930623022316e-05
2023-08-10,-0.004471948989328098,0.010692508420808357,0.011353103019780195,-0.4376151184414457,29429.591796875,-0.0010837469218066252,2,2,0.9999769697330668,0.00019409118489305383,1.2109478750751524e-08,4.474341414715203e-11,0.9999769697330668,2.3018112717735616e-05
2023-08-11,-0.0010837469218066252,0.0106559251107343,0.008988993218674655,-0.15170804692015025,29397.71484375,0.0006206039371356436,2,2,0.9999852484416535,0.00012905744330835744,7.099581918372909e-09,6.521794167410537e-12,0.9999852484416535,1.4744452250407105e-05
2023-08-12,0.0006206039371356436,0.010339898952770044,0.0036553412813806066,-0.4982750228383567,29415.96484375,-0.004533340724443713,2,2,0.9999778893740253,0.0001869604252092713,6.3206962165646424e-09,6.607539047148894e-12,0.9999778893740253,2.2104298655505746e-05
2023-08-13,-0.004533340724443713,0.007739476254863718,0.00599759138554826,0.16832260947386538,29282.9140625,0.004277614074716283,2,2,0.9999561039511697,0.00034937475830497486,1.4556935903988005e-10,4.329432819773721e-13,0.9999561039511697,4.389590282713369e-05
2023-08-14,0.004277614074716283,0.007787140067682868,0.018231105636847093,0.6480735989391863,29408.443359375,-0.008129120118753778,2,2,0.9998176072776992,0.0012642772035865474,1.165278813105166e-10,1.5174453943543457e-13,0.9998176072776992,0.00018239260563791997
2023-08-15,-0.008129120118753778,0.00794447458262115,0.012007658676291166,-0.10315321001053647,29170.34765625,-0.016193584838703763,2,2,0.9999583134887171,0.00033334468733197157,4.3165878628698064e-10,3.224460328474902e-11,0.9999583134887171,4.16860473593951e-05
2023-08-16,-0.016193584838703763,0.008656237809403252,0.01812421662937246,0.16778071913343523,28701.779296875,-0.07362412009606191,2,2,0.9998881977339312,0.0008144645227120595,2.3159653992255794e-09,1.0850799711507284e-11,0.9998881977339312,0.0001117999392513177
2023-08-17,-0.07362412009606191,0.018346787021504354,0.1251412770788698,0.7332154548975449,26664.55078125,-0.023334248653811243,3,3,0.9999999982194367,2.7817341311153063e-08,3.702259725386413e-10,1.4103570280369814e-09,3.1715600898801756e-25,0.9999999982194367
2023-08-18,-0.023334248653811243,0.01874253852054297,0.04373484943399274,-0.2587316295140552,26049.556640625,0.0017891559507894222,3,3,0.5235448486214475,0.8084571667958422,0.3037023794066767,0.07020326379155706,0.10254950818031272,0.5235448486214475
2023-08-19,0.0017891559507894222,0.018811303190537643,0.017130499024156184,-0.8153304145591154,26096.205078125,0.003571869420107809,2,2,0.9224133078487781,0.2188922140616537,0.06836255434116605,0.0006371985596455746,0.9224133078487781,0.008586939250403831
2023-08-20,0.003571869420107809,0.018906029073772868,0.009788898810036523,-0.1625351766842627,26189.583984375,-0.002501958864606914,2,2,0.9981424941731445,0.009937677017605435,0.0018056826278537233,5.896756987963755e-07,0.9981424941731445,5.123352328010936e-05
2023-08-21,-0.002501958864606914,0.018295015262487137,0.014320596670345017,0.3918490751492632,26124.140625,-0.0035464695192522202,2,2,0.9998355789428585,0.0012272554950131529,5.4314939395274454e-05,2.9489600675440016e-10,0.9998355789428585,0.00011010582285234498
2023-08-22,-0.0035464695192522202,0.018102821128028676,0.023616603222278643,0.08128220581631038,26031.65625,0.015248455549160827,2,2,0.9999383967738237,0.0005060651392514952,3.11429962476098e-05,2.590684035542344e-09,0.9999383967738237,3.0457639258648623e-05
2023-08-23,0.015248455549160827,0.018652204251458714,0.037148673612650555,0.15793413802631434,26431.640625,-0.01023956576112509,2,2,0.9998682209419434,0.0010068240475173062,4.829172297779547e-05,3.0998002473646064e-09,0.9998682209419434,8.34842352535047e-05
2023-08-24,-0.01023956576112509,0.018686040035190466,0.02446201550040369,-0.2773281968794553,26162.373046875,-0.0043939924369393165,2,2,0.9998751851320861,0.0009582861235976254,7.971865181689847e-05,9.420008002760514e-09,0.9998751851320861,4.5086796100423175e-05
2023-08-25,-0.0043939924369393165,0.01866179427991271,0.017709493847142925,-0.03683418949671326,26047.66796875,-0.0015062619864454853,2,2,0.9999181247774962,0.0006534921652338099,5.227071439538905e-05,1.4948167453676506e-09,0.9999181247774962,2.9603013279428393e-05
2023-08-26,-0.0015062619864454853,0.018641854652871902,0.00474867968531577,-0.7206382799955724,26008.462890625,0.0031183650409933924,2,2,0.9998612839371709,0.001058141512247772,7.312546170170613e-05,1.4677059424734963e-09,0.9998612839371709,6.55891334489341e-05
2023-08-27,0.0031183650409933924,0.018597635458798202,0.007676417958091239,0.1359692908678556,26089.693359375,0.0006305878251208892,2,2,0.9998552640939569,0.001097447044051318,5.713634015706308e-05,1.1142821315781593e-09,0.9998552640939569,8.759845158361704e-05
2023-08-28,0.0006305878251208892,0.017688056030241973,0.012180214656971772,0.4646353811732118,26106.150390625,0.060249892570851026,2,2,0.9998364494465162,0.001186640554866328,1.7479426648823136e-05,1.911944219498632e-10,0.9998364494465162,0.00014607093565668027
2023-08-29,0.060249892570851026,0.023149964727052923,0.0785039191204828,0.9817687287821496,27727.392578125,-0.015634289371322937,3,3,0.9114985131681267,0.21816850861606196,0.0005536531880355174,2.384240139425044e-06,0.08794544940373882,0.9114985131681267
2023-08-30,-0.015634289371322937,0.023316136764791027,0.025312173552181565,-0.5860792211531393,27297.265625,-0.05132914544958933,0,0,0.5258628948694851,0.6340105393149393,0.5258628948694851,0.01603728351951295,0.4257035369773143,0.032396284633647514
2023-08-31,-0.05132914544958933,0.0256069096161229,0.06567881662862318,0.2109018766034183,25931.47265625,-0.005054814300673318,0,0,0.9603457194061145,0.13178832924428657,0.9603457194061145,0.005417924446100995,3.926484697510531e-06,0.03423242966310006
2023-09-01,-0.005054814300673318,0.02555789559500596,0.029582880991941618,-0.15966586143811354,25800.724609375,0.0026349868784771645,0,0,0.9956258238342569,0.02134521658676834,0.9956258238342569,0.00018013955624130362,0.004023077741130882,0.00017095886834570185
2023-09-02,0.0026349868784771645,0.025637902752186983,0.008395882920310386,-0.5325019913980599,25868.798828125,0.0038877655416867615,0,0,0.9981969784447722,0.00989276432682959,0.9981969784447722,1.965864967213494e-06,0.0016555683076806627,0.00014548738257940435
2023-09-03,0.0038877655416867615,0.025629665594557583,0.010401297552468642,-0.11952184467419652,25969.56640625,-0.006069712504034206,0,0,0.9983750312504648,0.0090814078159314,0.9983750312504648,2.2537423993087916e-07,0.0014625100808219886,0.0001622332944976051
2023-09-04,-0.006069712504034206,0.025625719235156795,0.01644557408895928,0.1753803565173811,25812.416015625,-0.0012573014244295709,0,0,0.9978367518247033,0.011676764302897895,0.9978367518247033,1.504059250439175e-07,0.0019244937120921801,0.0002386040573338109
2023-09-05,-0.0012573014244295709,0.025534015105894176,0.010410663372767344,0.03803882711812122,25779.982421875,-0.001038013801593385,0,0,0.9981871883147393,0.010065232746123113,0.9981871883147393,2.6796898875790403e-07,0.0015794414385195527,0.0002331022777329559
2023-09-06,-0.001038013801593385,0.019846983262916274,0.02130436124646652,0.13927230587069467,25753.236328125,0.01873210550195057,0,0,0.5760489591885567,0.49561068647110856,0.5760489591885567,1.58696447658177e-07,0.42319737594714346,0.0007535061678398437
2023-09-07,0.01873210550195057,0.019666110740684174,0.030529557915233218,-0.13985229293376403,26240.1953125,-0.012831149860508746,2,2,0.9436566044258352,0.15744439388215165,0.05611693880780657,5.074241633488771e-07,0.9436566044258352,0.00022594934219163457
2023-09-08,-0.012831149860508746,0.01988092528093623,0.02843106690858015,-0.02473922043038405,25905.654296875,-0.00038518556307899995,2,2,0.9936823351914065,0.027984052066807374,0.006220814505057697,6.111765525365207e-08,0.9936823351914065,9.678918589600163e-05
2023-09-09,-0.00038518556307899995,0.01985934729827919,0.004305059053427035,-0.6798070409218021,25895.677734375,-0.002453267904857347,2,2,0.9991055874089217,0.0054076569966078555,0.0007890360433525143,1.3213815835508509e-08,0.9991055874089217,0.00010536333391476421
2023-09-10,-0.002453267904857347,0.019859100240706192,0.013079365799442012,0.3654613042225971,25832.2265625,-0.026261881067480307,2,2,0.9995268609488704,0.0031905832551575417,0.00024548227518180176,2.5311154609567087e-09,0.9995268609488704,0.00022765424479473823
2023-09-11,-0.026261881067480307,0.0206717166389386,0.03789943538442348,0.6142157901160371,25162.654296875,0.0263051279529175,2,2,0.9839972773354336,0.06713887429007157,0.0072799564969533315,1.6320754376831124e-07,0.9839972773354336,0.008722602960075022
2023-09-12,0.0263051279529175,0.02128744310902467,0.0510526759868242,0.24521441055722404,25833.34375,0.015173852958685846,2,2,0.9958276954005538,0.021577472947729128,0.0026558006176016172,3.15522828786553e-05,0.9958276954005538,0.001484951698938056
2023-09-13,0.015173852958685846,0.021473656309698278,0.02268502666859882,-0.35575794830852175,26228.32421875,0.011800835130971608,2,2,0.9980972244177171,0.010376098949534278,0.0017404218991332106,1.5420530768861473e-06,0.9980972244177171,0.000160811630025766
2023-09-14,0.011800835130971608,0.021599222681193693,0.022727177391336218,0.055012944601055574,26539.673828125,0.0025972414093191217,2,2,0.9986862254137988,0.007518365317767194,0.001197652497040239,5.967019743885106e-08,0.9986862254137988,0.00011606241895316556
2023-09-15,0.0025972414093191217,0.02159429531125957,0.022541387767493457,-0.1849080028651627,26608.693359375,-0.001519910354119122,2,2,0.9988401354202876,0.006700082640770827,0.0010808353782217543,5.863465785036898e-08,0.9988401354202876,7.897056686675744e-05
2023-09-16,-0.001519910354119122,0.021596845707515595,0.01057196374906638,-0.4388288972956291,26568.28125,-0.0012840741866492755,2,2,0.9984205524659725,0.008788835221284045,0.0014625417728520204,4.1881812006270886e-08,0.9984205524659725,0.00011686387937955525
2023-09-17,-0.0012840741866492755,0.021602387142145667,0.006517019905923255,-0.08863162464304519,26534.1875,0.008260511389751386,2,2,0.9975288961561168,0.013076309261047926,0.0022141263152237567,5.601650533819157e-08,0.9975288961561168,0.0002569215121621748
2023-09-18,0.008260511389751386,0.01662938400313044,0.03734799453825731,0.8351308886343335,26754.28125,0.016931102662432373,2,2,0.9996983852760308,0.002009504914087693,8.635821024330007e-06,1.5988207639878822e-10,0.9996983852760308,0.00029297874311787745
2023-09-19,0.016931102662432373,0.01679558524065748,0.02966281015083736,-0.12302801917091376,27211.1171875,-0.0029114788993918343,2,2,0.9999402571943558,0.000480525153187735,8.957578168462294e-06,1.4735561113739926e-08,0.9999402571943558,5.077049189169016e-05
2023-09-20,-0.0029114788993918343,0.011768889573203607,0.018996892219953543,-0.03888250102860665,27132.0078125,-0.021020467716698094,2,2,0.999980885563093,0.00016379590194628152,3.8074426532534614e-08,4.606731886337492e-11,0.999980885563093,1.907631640366601e-05
2023-09-21,-0.021020467716698094,0.01278866197428472,0.028743195800105686,0.006778144296007318,26567.6328125,0.0004491505408555205,2,2,0.9998086933616434,0.0013239681123080624,9.938917979228292e-07,3.358692306427113e-10,0.9998086933616434,0.00019031241065651743
2023-09-22,0.0004491505408555205,0.012787473033644907,0.008673764703695177,-0.23427440552936535,26579.568359375,-6.686902016047694e-06,2,2,0.9999876312763083,0.00011012500283874411,8.825230362036206e-08,1.727230556481644e-10,0.9999876312763083,1.2280298628343267e-05
2023-09-23,-6.686902016047694e-06,0.012776526299980441,0.004276471843492461,-0.35673198652461485,26579.390625,-0.012210127075315798,2,2,0.9999859552617116,0.00012373611395461928,9.399909842118928e-08,1.1689383178424196e-11,0.9999859552617116,1.3950727543457334e-05
2023-09-24,-0.012210127075315798,0.013030663860334251,0.018852537974685897,0.10114900700717515,26256.826171875,0.001585160786217759,2,2,0.9999720976257015,0.00023212267042278377,2.193719050717022e-07,1.716768469656271e-11,0.9999720976257015,2.7682985181379398e-05
2023-09-25,0.001585160786217759,0.013021928001511317,0.015591739719990358,0.381462090178734,26298.48046875,-0.003093569595525136,2,2,0.9999704997582669,0.0002436477935967782,7.909714007468676e-08,3.8312437509348234e-12,0.9999704997582669,2.942114073914631e-05
2023-09-26,-0.003093569595525136,0.01304691171313195,0.011411260715750127,-0.18359221500839645,26217.25,0.005153782852789497,2,2,0.9999878760532368,0.00010825008666894245,1.24766169404993e-07,3.2100943952775716e-11,0.9999878760532368,1.1999148460108713e-05
2023-09-27,0.005153782852789497,0.012407371667181583,0.026804710822406163,0.160024777859247,26352.716796875,0.02506320623495958,2,2,0.9999700927777299,0.00024668596463788825,7.374979996544889e-08,1.5120261789419282e-11,0.9999700927777299,2.9833457343564465e-05
2023-09-28,0.02506320623495958,0.013179782129528073,0.03449757109343874,0.18352588333363143,27021.546875,-0.004072674570297436,2,2,0.9998819121649865,0.0008565980829051085,1.9075097812217583e-07,2.411430786430998e-10,0.9998819121649865,0.00011789684283927911
2023-09-29,-0.004072674570297436,0.01324215016827092,0.01873435867170155,-0.30322152256972645,26911.720703125,0.002085958120685116,2,2,0.9999802711758842,0.00016934363690061346,2.3972551453305395e-07,4.3861972306411364e-10,0.9999802711758842,1.948866002984818e-05
2023-09-30,0.002085958120685116,0.013202011728588748,0.0075210176328598805,-0.6678917434987477,26967.916015625,0.036976120856382695,2,2,0.9999712705513428,0.000238370211725149,2.179047950427691e-07,4.9494500768975146e-11,0.9999712705513428,2.8511494346966765e-05
2023-10-01,0.036976120856382695,0.013605498407357445,0.03867046165185152,0.5781328233984766,27983.75,-0.01631914578851585,2,2,0.999513744567418,0.0030277247046514026,1.854532123285231e-07,7.389763002813625e-11,0.999513744567418,0.0004860699054458467
2023-10-02,-0.01631914578851585,0.01348202323758065,0.041650532975797974,0.7336263524616417,27530.78515625,-0.0036683170659445614,2,2,0.9967049488719516,0.015983004939916744,4.652408619380131e-06,2.2949812704920702e-09,0.9967049488719516,0.00329039642442999
2023-10-03,-0.0036683170659445614,0.013256384191874223,0.016448771655726523,-0.5510318519607249,27429.978515625,0.013377719302482879,2,2,0.99996834652196,0.00026070900759624603,2.959957532593444e-07,1.6077121416629706e-08,0.99996834652196,3.134140517208337e-05
2023-10-04,0.013377719302482879,0.013320775508901981,0.020811702705418073,-0.0234551912818823,27799.39453125,-0.013890662255842758,2,2,0.9999789393694734,0.00017946205648075423,1.6054319471663778e-07,6.668846872228006e-11,0.9999789393694734,2.0900020642878513e-05
2023-10-05,-0.013890662255842758,0.013804062355885358,0.026125695281174744,0.06378173034949433,27415.912109375,0.019171883788155934,2,2,0.9999464299249619,0.0004222305971497576,9.893702563311877e-07,1.3406068395687084e-10,0.9999464299249619,5.2580570664806494e-05
2023-10-06,0.019171883788155934,0.014331590853370263,0.037105925657039254,0.12750082666017518,27946.59765625,0.0007955652201821253,2,2,0.9998963838867216,0.0007639281102134576,8.120694383788582e-07,1.043693954901464e-09,0.9998963838867216,0.00010280300015941908
2023-10-07,0.0007955652201821253,0.014309998326584238,0.005637272394236723,-0.722196218572659,27968.83984375,-0.0012074286830624696,2,2,0.9999681737128788,0.0002632531983658437,7.488269061359164e-07,3.9071913221210153e-10,0.9999681737128788,3.107706947773511e-05
2023-10-08,-0.0012074286830624696,0.014270580878163025,0.01294099337149192,0.18906687114777648,27935.08984375,-0.012659387727925962,2,2,0.9999800121055515,0.00017180066613206452,3.849365299774775e-07,1.898733991742092e-11,0.9999800121055515,1.9602938965940502e-05
2023-10-09,-0.012659387727925962,0.014192208274133712,0.02490270549633668,0.4165488991311623,27583.677734375,-0.0070090060125914885,2,2,0.9999139444301899,0.0006472653442797085,1.0621518536001715e-06,2.3224924349403954e-11,0.9999139444301899,8.499339476158093e-05
2023-10-10,-0.0070090060125914885,0.014276109545809415,0.015121502100440368,-0.18562888947660386,27391.01953125,-0.019081220842271783,2,2,0.9999854802087185,0.0001289489283951509,5.964435206484629e-07,2.519615889748662e-10,0.9999854802087185,1.3923095775215272e-05
2023-10-11,-0.019081220842271783,0.014128249361753971,0.03397479784346987,0.3136832990397208,26873.3203125,-0.00434538164717781,2,2,0.9996390350989156,0.002342818024701861,4.836269595204437e-06,2.379548801768877e-10,0.9996390350989156,0.0003561283934987961
2023-10-12,-0.00434538164717781,0.014171055559710858,0.0135710980583863,-0.37364482827411516,26756.798828125,0.0039380057832304975,2,2,0.9999847721014553,0.00013451788088814242,5.378781868240179e-07,1.2977746372874714e-09,0.9999847721014553,1.46887225785023e-05
2023-10-13,0.0039380057832304975,0.014193522898515703,0.015128036891749148,0.4790556964266879,26862.375,-2.4866641728645306e-05,2,2,0.999952940559317,0.00037338382896246315,2.688305077461806e-07,2.27029906663926e-12,0.999952940559317,4.6790607937154574e-05
2023-10-14,-2.4866641728645306e-05,0.013875860071904418,0.005748482861508388,-1.0348148379582294,26861.70703125,0.011030760315870677,2,2,0.9998701651097374,0.0009347591619718376,6.512723623690826e-07,1.5078924468564066e-10,0.9998701651097374,0.00012918346708745612
2023-10-15,0.011030760315870677,0.014051486677236442,0.017352040617465793,0.2756455769475178,27159.65234375,0.04885439730476576,2,2,0.999976418098165,0.00019922383305000872,2.388361330920307e-07,6.447531306519329e-11,0.999976418098165,2.3343001248418334e-05
2023-10-16,0.04885439730476576,0.017511365271801388,0.08126610613487895,1.3664123496470013,28519.466796875,-0.0036433994327744555,3,3,0.9031998149336691,0.2294229645628165,4.854802598281763e-06,5.975128405219042e-10,0.09679532966619393,0.9031998149336691
2023-10-17,-0.0036433994327744555,0.017596648897330626,0.01789734359310415,-0.6267381397031364,28415.748046875,-0.0030807197496875486,2,2,0.9890576335635106,0.04985241841083852,0.0047573955384399,0.00034484590255263586,0.9890576335635106,0.0058401249954520024
2023-10-18,-0.0030807197496875486,0.016916277195716197,0.025231191349817994,-0.15601564004620017,28328.341796875,0.013724231161473081,2,2,0.9999418431277428,0.0004810756271166057,2.9822696328265573e-05,2.220527297791643e-07,0.9999418431277428,2.8112123252313413e-05
2023-10-19,0.013724231161473081,0.01702772973155218,0.024877825156188145,0.12705994493947248,28719.806640625,0.03298576898255148,2,2,0.9999637625630206,0.00030671866146035024,7.455942937631718e-06,3.2932742452987303e-10,0.9999637625630206,2.8781164660424877e-05
2023-10-20,0.03298576898255148,0.018272745720628328,0.05061545618505995,0.39917174380032067,29682.94921875,0.007901299916077796,2,2,0.9987789810562484,0.006928672784392201,4.54241162880494e-05,1.1959903840131405e-08,0.9987789810562484,0.001175582867521757
2023-10-21,0.007901299916077796,0.01666354551195411,0.026930923533121685,-0.6238131191515917,29918.412109375,0.002519829955235934,2,2,0.9998481820841136,0.0011058553385932975,1.345905117322957e-05,1.0650093627098575e-07,0.9998481820841136,0.00013825236377224595
2023-10-22,0.002519829955235934,0.016013402563196895,0.01597395303406455,-0.09964973678419489,29993.896484375,0.09812340552916099,2,2,0.9999821766189322,0.0001592346702169289,2.961256264490116e-06,8.051550882265864e-10,0.9999821766189322,1.4861319645974454e-05
2023-10-23,0.09812340552916099,0.02625439990511076,0.12913555911422755,1.3008394591935781,33086.234375,0.024342751787773464,3,3,0.9999999990277502,1.5283015867263426e-08,5.998400174241254e-12,9.659717255367644e-10,2.7600316041247e-13,0.9999999990277502
2023-10-24,0.024342751787773464,0.026456118650778626,0.06694895636961415,0.15810862159227218,33901.52734375,0.017581001125127033,3,3,0.36502156319062573,0.798541464241583,0.3221649374623951,0.31108750254136847,0.001725996805624701,0.36502156319062573
2023-10-25,0.017581001125127033,0.025895207709644645,0.04129078216205605,-0.5762198418914262,34502.8203125,-0.010083818433932462,0,0,0.9213632851214026,0.23716894977615527,0.9213632851214026,0.05898382164827239,0.0034599844326769933,0.01619290879770426
2023-10-26,-0.010083818433932462,0.026262481831933422,0.03134341296567675,-0.2623232433814618,34156.6484375,-0.007253169256571986,0,0,0.996180281455462,0.02032522628462785,0.996180281455462,0.0014013739471926045,0.002259078095172206,0.00015926650211653452
2023-10-27,-0.007253169256571986,0.026472314104046966,0.024220850604470108,-0.1682936118812716,33909.80078125,0.0052875149613998505,0,0,0.9981389878748536,0.01013686390701572,0.9981389878748536,2.1013508343583777e-05,0.0017433681163716737,9.663050039898581e-05
2023-10-28,0.0052875149613998505,0.02637200917391731,0.015388456720925146,-0.4798892929199075,34089.57421875,0.013082482218137431,0,0,0.9986237003393732,0.007824565218216123,0.9986237003393732,4.680118711072371e-07,0.0012589162659531862,0.00011691538278252303
2023-10-29,0.013082482218137431,0.025832855785689095,0.023037936287322643,0.09387398439938838,34538.48046875,-0.001046255776520464,0,0,0.9973860859979522,0.013546339706493543,0.9973860859979522,1.7871246002070947e-07,0.002446274392628799,0.0001674608969649483
2023-10-30,-0.001046255776520464,0.025644852494079322,0.0212437893464046,0.43166379442383235,34502.36328125,0.004782938801692802,0,0,0.9972715099761267,0.0144898205618822,0.9972715099761267,7.474290189580892e-08,0.002259097662337963,0.00046931761868069805
2023-10-31,0.004782938801692802,0.02468219518491489,0.018343986536490563,-0.08666342372682098,34667.78125,0.021952875620689455,0,0,0.9931542962987704,0.030038849697415687,0.9931542962987704,6.659881996331136e-07,0.006702280728509303,0.00014275698456082218
2023-11-01,0.021952875620689455,0.024423581544172936,0.0382997589158743,0.35375918448304894,35437.25390625,-0.014181643038139046,0,0,0.9822161419458277,0.0662316014456119,0.9822161419458277,2.523101885930552e-07,0.017211421751347006,0.0005721839926926351
2023-11-02,-0.014181643038139046,0.025143825541295763,0.04345580762483802,-0.06668979721779816,34938.2421875,-0.005911206955145199,0,0,0.9966430965893587,0.01691475187488052,0.9966430965893587,2.904649233498389e-06,0.00307917965891483,0.00027481910248155117
2023-11-03,-0.005911206955145199,0.02533975679951465,0.02329332309881094,-0.20194359132143447,34732.32421875,0.010022958693683921,0,0,0.9951227084844301,0.022614447648035926,0.9951227084844301,6.0615030722485e-07,0.004769230862873774,0.00010745450238750977
2023-11-04,0.010022958693683921,0.025344563255034112,0.018224054625287357,-0.5847680530127641,35082.1953125,-0.0009365213169939803,0,0,0.9963596825326692,0.017884658349758248,0.9963596825326692,2.2306120986393303e-07,0.003460852594705038,0.00017924181139106476
2023-11-05,-0.0009365213169939803,0.024027630527555344,0.021287057815234878,0.2610005852956347,35049.35546875,-0.0003419870125084872,0,0,0.987238397890042,0.0503542368708683,0.987238397890042,1.1274408139700335e-07,0.012449179550654395,0.00031230981520030134
2023-11-06,-0.0003419870125084872,0.023937908549764374,0.0148602491067852,0.022361356086550575,35037.37109375,0.011526405303600254,0,0,0.9856962557346604,0.05489609364540214,0.9856962557346604,3.0648854763012947e-07,0.014081145066296185,0.0002222927104875749
2023-11-07,0.011526405303600254,0.023724478412402713,0.03799283896758403,0.39461787702551765,35443.5625,0.005955525293475274,0,0,0.9639952224044205,0.11377474370573949,0.9639952224044205,2.3430786689351097e-07,0.03549158983440002,0.000512953453290566
2023-11-08,0.005955525293475274,0.02374463157176,0.02374451275018348,-0.08526264321314306,35655.27734375,0.02869223982446583,0,0,0.9611021843502231,0.11942010989140057,0.9611021843502231,8.633025936542366e-07,0.038722759942280596,0.0001741924048858213
2023-11-09,0.02869223982446583,0.023552269293509127,0.06361290432472023,0.7808808352434302,36693.125,0.016778346050334035,0,0,0.9347139913550517,0.2017564284845011,0.9347139913550517,6.538714157813171e-07,0.047315534808841285,0.01796981996469733
2023-11-10,0.016778346050334035,0.023582344543165105,0.030311620899344832,-0.508460047876681,37313.96875,-0.004725682318407844,0,0,0.9578140125198801,0.1290812874815191,0.9578140125198801,8.35748756960259e-05,0.04141490282882635,0.0006875097755841815
2023-11-11,-0.004725682318407844,0.023775063173334762,0.017055978112071504,-0.48922754915182687,37138.05078125,-0.002251742592082081,0,0,0.9632173552762345,0.1145040473618831,0.9632173552762345,2.0528128452170683e-06,0.03660130385356176,0.00017928805732464475
2023-11-12,-0.002251742592082081,0.012046892249839198,0.012105789642521044,-0.18731905558641293,37054.51953125,-0.015013537055029228,2,2,0.9996016619700673,0.002734700566202537,0.00018152295451278523,2.095062092008219e-09,0.9996016619700673,0.00021681298038609317
2023-11-13,-0.015013537055029228,0.012049494514680525,0.027546488598820088,0.5011574315142675,36502.35546875,-0.02678435783979465,2,2,0.999776078009703,0.0015201068047653345,1.8929717713365053e-07,1.2171829043865786e-10,0.999776078009703,0.000223732571421301
2023-11-14,-0.02678435783979465,0.01337012816069989,0.05078703962216118,0.22462270021415365,35537.640625,0.06384619927627835,2,2,0.920183809263275,0.2014333040480595,0.00012170815951985594,1.2104735407619644e-06,0.920183809263275,0.0796932721036192
2023-11-15,0.06384619927627835,0.019028156851953144,0.06813816321831281,0.13720026007004776,37880.58203125,-0.046629756190665436,3,3,0.9594448002604358,0.1421036407652302,0.00016607526081988174,0.014240952914271486,0.02614817156450585,0.9594448002604358
2023-11-16,-0.046629756190665436,0.022160916990799667,0.06608124943750397,-0.05091430056030004,36154.76953125,0.01214874696667944,3,3,0.8404200448475969,0.3953709110185144,0.0907948684991056,0.06878159125109114,3.4954022382488683e-06,0.8404200448475969
2023-11-17,0.01214874696667944,0.022247785485284718,0.021948710132225737,-0.1473114113397505,36596.68359375,-0.000300085015663709,0,0,0.8286318607717972,0.40707861418195507,0.8286318607717972,0.012469816636078726,0.13813419488542686,0.020764127706703935
2023-11-18,-0.000300085015663709,0.022146961345291316,0.016562993143240293,-0.6357059907021518,36585.703125,0.021653391391504333,0,0,0.7070392453849227,0.43960706622609563,0.7070392453849227,0.0001410407749363993,0.29236040672083147,0.00045930711928121
2023-11-19,0.021653391391504333,0.022513818708783228,0.02928213231781653,0.08310266360093058,37386.546875,0.002415334454994771,0,0,0.5667090924323079,0.4961296032384147,0.5667090924323079,2.3850934947839393e-06,0.4328401531160268,0.00044836935817655623
2023-11-20,0.002415334454994771,0.02251578808319435,0.02332871000628407,0.48071902856343357,37476.95703125,-0.045392621921948366,2,2,0.553709417831205,0.5001773581762341,0.44546412930975243,1.0389095479737013e-07,0.553709417831205,0.0008263489680401796
2023-11-21,-0.045392621921948366,0.024611475668812523,0.05074377727866867,0.18655393077868754,35813.8125,0.04420138946783627,0,0,0.9952545582600586,0.023003578794747022,0.9952545582600586,1.1048769347626884e-05,0.0005431280940917991,0.004191264876485855
2023-11-22,0.04420138946783627,0.026186852832701984,0.05839890911508149,-0.031268437811169426,37432.33984375,-0.003819999415433914,0,0,0.9860528214656343,0.05740372242417021,0.9860528214656343,0.0005437703277926715,0.0011161609939064016,0.012287247212628642
2023-11-23,-0.003819999415433914,0.026151668783794168,0.019309788256890767,-0.5401762310603794,37289.62109375,0.01148288092363248,0,0,0.99742357515618,0.013477769781056317,0.99742357515618,3.525707305802752e-05,0.0023926775218371843,0.00014849024890144417
2023-11-24,0.01148288092363248,0.026172709974365084,0.030586579335221686,0.47784483113517096,37720.28125,0.002026342935600158,0,0,0.9969644469035656,0.015748263350788376,0.9969644469035656,2.2355766232991516e-07,0.0026261475644899605,0.00040918197426543173
2023-11-25,0.002026342935600158,0.026153909102097188,0.007276059611125655,-0.9239116457023058,37796.79296875,-0.00844024984109134,0,0,0.9986294388456233,0.00805030797824262,0.9986294388456233,3.9873535232736384e-07,0.0010445256803126304,0.0003256367386767883
2023-11-26,-0.00844024984109134,0.026283343956066785,0.01754445574124343,0.4124329970066308,37479.12109375,-0.00602017674392167,0,0,0.9986553006407503,0.008046508188170692,0.9986553006407503,1.7708458639823154e-07,0.0007665593084079381,0.0005779629662052061
2023-11-27,-0.00602017674392167,0.026289550422541975,0.0217217725323729,0.3239326678813289,37254.16796875,0.015367313611233842,0,0,0.9985495840246745,0.00840452117393812,0.9985495840246745,4.401317617460019e-07,0.001165403169388551,0.00028457267413901173
2023-11-28,0.015367313611233842,0.02643864211093935,0.039052292272042315,0.1325412743362637,37831.0859375,0.0007241750284948421,0,0,0.9970515263447285,0.015075858993843437,0.9970515263447285,1.0616405378783002e-06,0.0027336103620133013,0.00021380165268188955
2023-11-29,0.0007241750284948421,0.02573638554290003,0.0199025482847619,-0.04562241107378758,37858.4921875,-0.0038571889984724806,0,0,0.9970614929448529,0.014833525232450745,0.9970614929448529,3.4859163947084967e-07,0.0028201803806954667,0.00011797808277081036
2023-11-30,-0.0038571889984724806,0.0255069256864155,0.01619116464582235,-0.13471724913058442,37712.74609375,0.02555073011462817,0,0,0.9969126189879753,0.015465068603304039,0.9969126189879753,1.9216222923517945e-07,0.0029669587646954944,0.00012023008515597516
2023-12-01,0.02555073011462817,0.02607070509091862,0.03424121999289199,0.26074970661383823,38688.75,0.020152443138720524,0,0,0.996796326194769,0.01639622648796865,0.996796326194769,2.8164376486189496e-07,0.0028421781035677446,0.00036121405787358207
2023-12-02,0.020152443138720524,0.026356120360626744,0.025998964371551348,-0.4145108108063524,39476.33203125,0.012637770520489717,0,0,0.9984423218494436,0.008822031791351036,0.9984423218494436,1.4244725900204558e-06,0.0013586109984698035,0.00019764267948463372
2023-12-03,0.012637770520489717,0.026076073540815037,0.020947351635668802,0.015056681585154835,39978.390625,0.04885656688656327,0,0,0.998128822671769,0.010199099518541307,0.998128822671769,3.485285868993785e-07,0.0017246485309087801,0.00014618026874363334
2023-12-04,0.04885656688656327,0.026768705542163033,0.05700608686873104,0.9271860718165481,41980.09765625,0.04882523455973004,0,0,0.9629014525843173,0.12077361816618291,0.9629014525843173,3.4070416291946515e-07,0.002370309189760419,0.034727897521774534
2023-12-05,0.04882523455973004,0.025299518738066306,0.06777385839130443,-0.09312369501538334,44080.6484375,-0.007610515703398493,0,0,0.780592148924897,0.4360506374759824,0.780592148924897,0.02273893683814836,0.0008130078856442759,0.195855906351364
2023-12-06,-0.007610515703398493,0.022215743178767802,0.018005748681366077,-0.19396761933716694,43746.4453125,-0.010427160036986542,0,0,0.9339999687474874,0.1818952743585607,0.9339999687474874,0.0005918236908921482,0.06430094323595176,0.001107264325682478
2023-12-07,-0.010427160036986542,0.0226450829140403,0.026839221642090415,-0.0790742910194339,43292.6640625,0.01998568323480024,0,0,0.8990803386043082,0.23721579644760793,0.8990803386043082,7.989205864636016e-06,0.10067517003859087,0.00023650215126622704
2023-12-08,0.01998568323480024,0.022689094179429842,0.03577859047551662,-0.12366241452875447,44166.6015625,-0.010026349184727985,0,0,0.827955471366426,0.33400922584559767,0.827955471366426,1.4853932536468073e-06,0.17145911428936933,0.0005839289509847173
2023-12-09,-0.010026349184727985,0.02289466539950706,0.016778585244829038,-0.34080666246474867,43725.984375,0.0012276882664226793,0,0,0.8089361659785795,0.3530008839281081,0.8089361659785795,9.73832795290299e-07,0.19086050771574842,0.00020235247293034258
2023-12-10,0.0012276882664226793,0.022910987385697072,0.010080924529535887,-0.28965514462096814,43779.69921875,-0.05966864669683699,0,0,0.839552324523111,0.3190054258499352,0.839552324523111,2.838345409108179e-07,0.16020448945080942,0.0002429021915283079
2023-12-11,-0.05966864669683699,0.024799122145092087,0.08665045654080283,1.139586084056398,41243.83203125,0.004991678164292342,3,3,0.7477447226341405,0.40741756868248,0.25225518952704085,8.779831332207528e-08,4.050040832154149e-11,0.7477447226341405
2023-12-12,0.004991678164292342,0.023206999916458446,0.033310850919924,-0.49455496210578964,41450.22265625,0.03416274957103686,0,0,0.9266913164414798,0.23684460140759359,0.9266913164414798,0.01018478770194034,0.0462208602628889,0.01690303559365331
2023-12-13,0.03416274957103686,0.023980072108645504,0.06418434193713496,0.07830544344672406,42890.7421875,0.003101461159203954,0,0,0.9479829836182077,0.18598756378991954,0.9479829836182077,0.010620609331532901,0.014980914170482628,0.02641549287982629
2023-12-14,0.003101461159203954,0.02397078683303913,0.037741041354397535,-0.046569619639576926,43023.97265625,-0.025761678809584642,0,0,0.9760795764116068,0.08395402296530251,0.9760795764116068,0.00031814912192223,0.02326514086744278,0.0003371335990685164
2023-12-15,-0.025761678809584642,0.025030403714235008,0.03326648045494241,-0.2642134200459624,41929.7578125,0.007374628549158558,0,0,0.9967811628149175,0.01631054781155997,0.9967811628149175,8.910857288914538e-06,0.002965563244293944,0.00024436308354649025
2023-12-16,0.007374628549158558,0.024826163503595372,0.022297097971326504,-0.31123368920357114,42240.1171875,-0.02094342240847231,0,0,0.9926052452165454,0.03197864453732699,0.9926052452165454,6.513303643719561e-07,0.007259704734391007,0.00013439871874239227
2023-12-17,-0.02094342240847231,0.025422886990145506,0.026228984317645816,0.14782640324097934,41364.6640625,0.029979669511789556,0,0,0.9980031397171709,0.010878293988700672,0.9980031397171709,1.9143374779358496e-07,0.0017869705563376432,0.0002096982927981989
2023-12-18,0.029979669511789556,0.02593428248147583,0.051380976584058144,0.41368874550762696,42623.5390625,-0.008316570718615267,0,0,0.9941363646331397,0.028296692221707026,0.9941363646331397,1.3355552476423287e-06,0.004451120453243501,0.0014111793584246693
2023-12-19,-0.008316570718615267,0.026108620552363015,0.03614719364805653,-0.08491982213130468,42270.52734375,0.032164737244750545,0,0,0.9974982060471447,0.01302411656612124,0.9974982060471447,5.067606470781681e-06,0.002359148618572414,0.00013757772782272594
2023-12-20,0.032164737244750545,0.026664847599776758,0.04700260653803641,0.1846101129984705,43652.25,0.0049565656400486135,0,0,0.9972024141074699,0.01511611591181601,0.9972024141074699,1.8578464277003167e-06,0.001966997094864409,0.0008287309512598487
2023-12-21,0.0049565656400486135,0.026318887608472254,0.020757574260030918,-0.21609784380095412,43869.15234375,0.0029305657871948458,0,0,0.9981119818528876,0.010197087312255132,0.9981119818528876,1.9091475252928375e-06,0.0017854961901653853,0.00010061280938785141
2023-12-22,0.0029305657871948458,0.02612222800736572,0.021046191566483595,-0.065535007822896,43997.90234375,-0.005889392398977758,0,0,0.9978198412494967,0.011522687963665708,0.9978198412494967,2.0418197285019198e-07,0.002070816846932622,0.00010913772159146335
2023-12-23,-0.005889392398977758,0.026181314957666513,0.01518863035388012,-0.44261177187277606,43739.54296875,-0.016677702596480784,0,0,0.9980357613080916,0.010554720950187606,0.9980357613080916,2.3504694969378311e-07,0.0018536629431072725,0.00011034070183220165
2023-12-24,-0.016677702596480784,0.024375839983361774,0.02693421778864499,0.3322137263296151,43016.1171875,0.013783631646973108,0,0,0.995420660382603,0.021998638572374763,0.995420660382603,7.226454993316966e-08,0.004219012956942922,0.000360254395893621
2023-12-25,0.013783631646973108,0.02190838328305334,0.02291337437362091,0.11454058827189638,43613.140625,-0.025374479539831175,0,0,0.897226134069644,0.24116803086202973,0.897226134069644,4.0734161832931517e-07,0.10226830240660555,0.0005051561820918119
2023-12-26,-0.025374479539831175,0.02256078763167982,0.04531207123639084,0.352070657933941,42520.40234375,0.021462391204340153,0,0,0.9882741765842181,0.04876758644205052,0.9882741765842181,8.908318580166164e-07,0.01055428376301459,0.0011706488208852491
2023-12-27,0.021462391204340153,0.023013160265443592,0.034886705964579365,-0.1728326440240289,43442.85546875,-0.018938483263033618,0,0,0.9575073319782861,0.1290705956037632,0.9575073319782861,6.634374743098652e-06,0.04190324475432891,0.000582788892664388
2023-12-28,-0.018938483263033618,0.02289503472572245,0.034865241340595675,-0.09410899524593032,42627.85546875,-0.01247437935200907,0,0,0.9717111938790152,0.0942065905907565,0.9717111938790152,1.860986544267583e-06,0.027948191481580113,0.00033875365290870476
2023-12-29,-0.01247437935200907,0.02294796351095195,0.040386837439330484,0.12294697300627551,42099.40234375,0.001364883236683238,0,0,0.9757897983845375,0.0837143283107581,0.9757897983845375,8.576650139407084e-07,0.023808188433044494,0.0004011555173938108
2023-12-30,0.001364883236683238,0.02294896671863728,0.024382684219026632,-0.4846386325802547,42156.90234375,0.0025653289520551383,0,0,0.9368785734367325,0.1711724947279028,0.9368785734367325,9.797841942509722e-07,0.06283749089715167,0.0002829558819478235
2023-12-31,0.0025653289520551383,0.018487684968766665,0.020411209432112422,0.02367009636512071,42265.1875,0.044021664837326654,2,2,0.8964998677942062,0.24147067138817074,0.10320185368009388,7.279688108875054e-08,0.8964998677942062,0.0002982057288559414
2024-01-01,0.044021664837326654,0.020819326400504254,0.04438712612554687,0.11668699887888172,44167.33203125,0.01774260401360504,2,2,0.9642702936162462,0.1212418400863768,0.03102122090683112,2.8577445195426644e-06,0.9642702936162462,0.004705627732442183
2024-01-02,0.01774260401360504,0.019833415752761433,0.03831929823341941,0.7583058766973305,44957.96875,-0.04806495357875531,2,2,0.9985774830051056,0.008393693454339232,0.0009707678645005355,4.423722659899754e-08,0.9985774830051056,0.0004517048931666895
2024-01-03,-0.04806495357875531,0.02280869466366682,0.10944939768712805,0.1639339625819069,42848.17578125,0.030607357718285957,3,3,0.9999917872673502,7.892976937324025e-05,2.4884203196108457e-06,5.724312298773673e-06,2.3661393463716587e-14,0.9999917872673502
2024-01-04,0.030607357718285957,0.02296661996974229,0.04741628249540675,-0.4200323436234704,44179.921875,-0.0003900828451526924,3,3,0.471584896183627,0.7981219792709211,0.3400449710577059,0.16495918733474113,0.023410945423927,0.471584896183627
2024-01-05,-0.0003900828451526924,0.022947525102033094,0.03551790790603883,0.060158762076816884,44162.69140625,-0.00393630412750998,0,0,0.8890349635931575,0.2856254203891229,0.8890349635931575,0.007521349708778367,0.09847599997670234,0.00496768672141213
2024-01-06,-0.00393630412750998,0.022351140477880355,0.01710594061006103,-0.6978285277764505,43989.1953125,-0.0010484808007761193,0,0,0.7934436745363436,0.3701462444025839,0.7934436745363436,7.382309770511763e-05,0.20604774961817449,0.00043475274782327726
2024-01-07,-0.0010484808007761193,0.021443872375425447,0.018964066900082874,0.18333444001837368,43943.09765625,0.06662426635587364,0,2,0.545325713249918,0.49923761524356897,0.4542968644259181,3.663906940616263e-07,0.545325713249918,0.00037705593349572587
2024-01-08,0.06662426635587364,0.025749081001274692,0.08460454196279597,0.7935921352756802,46970.50390625,-0.01784541710643821,3,3,0.9522520062531961,0.14371145258074824,0.04609754767134296,4.912424587859583e-05,0.0016013218295482575,0.9522520062531961
2024-01-09,-0.01784541710643821,0.02542624197276367,0.05741222040285068,-0.07087839693915132,46139.73046875,0.01052203275194838,0,0,0.7879021938726978,0.4823149404840874,0.7879021938726978,0.10105420419486077,0.000878800984621764,0.11016480094781568
2024-01-10,0.01052203275194838,0.02548181514467787,0.06785805570730497,0.22991092935090165,46627.77734375,-0.005574241147522551,0,0,0.9523215036883566,0.16229009113987433,0.9523215036883566,0.03309680463317971,0.0011412164593267067,0.013440475219117247
2024-01-11,-0.005574241147522551,0.025554759705125933,0.07096887895040739,-0.08929226595796595,46368.5859375,-0.07884262883299366,0,0,0.9633566490832596,0.13201228392511044,0.9633566490832596,0.020964845945518194,0.00015408222921463349,0.01552442274200028
2024-01-12,-0.07884262883299366,0.03137724278910576,0.10721184466106147,-0.05611286128550088,42853.16796875,-0.0002517086641866489,3,3,0.9992615079902558,0.004532584467265847,6.502937929865991e-05,0.0006734626304829932,9.648995168293315e-21,0.9992615079902558
2024-01-13,-0.0002517086641866489,0.031160156568773845,0.017984891932182372,-0.7435261351644696,42842.3828125,-0.024720775355358247,0,0,0.8652504177707985,0.3503747629099317,0.8652504177707985,0.08375729920196484,0.0001507063714908323,0.05084157665579471
2024-01-14,-0.024720775355358247,0.03143880256473517,0.03208382925173215,-0.16195670984547522,41796.26953125,0.01697856404641987,0,0,0.9844560469197237,0.05984759555190935,0.9844560469197237,0.01488402338577098,1.9224753776654776e-05,0.0006407049406963087
2024-01-15,0.01697856404641987,0.03121614325183071,0.037972945854218995,0.2420683431939917,42511.96875,0.015011364505806485,0,0,0.9985473127420612,0.00864613841561613,0.9985473127420612,0.0010296682483828137,5.624728721893346e-05,0.0003667717223174731
2024-01-16,0.015011364505806485,0.031015278465768504,0.03430145335675427,0.07517708332642149,43154.9453125,-0.009599712825861542,0,0,0.9996218717381653,0.0026692659570666873,0.9996218717381653,8.058583636695632e-05,5.7935125066125737e-05,0.00023960730038880207
2024-01-17,-0.009599712825861542,0.030789899134606283,0.023409451130992086,-0.14325703865789222,42742.65234375,-0.03525390600438047,0,0,0.9997779503907298,0.0016098200939514487,0.9997779503907298,7.8454429186586e-06,4.321911499590714e-05,0.00017098505141056785
2024-01-18,-0.03525390600438047,0.03168907214655747,0.05441259737802027,0.19015912753821668,41262.05859375,0.008599127738074015,0,0,0.9979946706227147,0.010483459857240135,0.9979946706227147,1.0073898863938293e-05,1.1153515538299429e-06,0.00199414012686491
2024-01-19,0.008599127738074015,0.03175875151299732,0.044131990878434946,0.020955913147482932,41618.40625,0.0011329834535463317,0,0,0.9995034556573156,0.0033420361683395945,0.9995034556573156,6.177077557744042e-05,5.891898595134331e-05,0.00037585458111552144
2024-01-20,0.0011329834535463317,0.03175275073431221,0.010345955848229813,-0.7986710008927573,41665.5859375,-0.002879434924556738,0,0,0.9994948287727168,0.0031907942683486175,0.9994948287727168,6.596126788935382e-06,9.901593649302092e-06,0.0004886735068448608
2024-01-21,-0.002879434924556738,0.02995601290376053,0.008625649356541037,-0.21511800689086547,41545.78515625,-0.05030891028125471,0,0,0.9997505929657113,0.001741201856356401,0.9997505929657113,3.5693336114708516e-06,2.307679920485407e-05,0.00022276090151112114
2024-01-22,-0.05030891028125471,0.03130337524801674,0.05571340234604187,1.2101149187042006,39507.3671875,0.008523584257922188,0,0,0.7857367004024102,0.37477760949944056,0.7857367004024102,8.221352304684263e-08,4.007604652546698e-09,0.21426321337647722
2024-01-23,0.008523584257922188,0.029869698129836874,0.04029200248890712,-0.06916067971703771,39845.55078125,0.005793705727985713,0,0,0.9954946560881158,0.023048004229514796,0.9954946560881158,0.003360069083720208,0.00022113791280966167,0.0009241369153068434
2024-01-24,0.005793705727985713,0.028871286346416235,0.024327830817396673,-0.26844087819873513,40077.07421875,-0.003581157289492955,0,0,0.9995465332148283,0.003178144529913675,0.9995465332148283,0.00010615094809826329,0.00024009627659668138,0.00010721956045091111
2024-01-25,-0.003581157289492955,0.028854018773119893,0.01774978223241487,-0.18992603957631926,39933.80859375,0.04607657449481696,0,0,0.9997249629873088,0.0019704268293918247,0.9997249629873088,3.1210897567200083e-06,0.00015889130179433215,0.00011302462108859343
2024-01-26,0.04607657449481696,0.03103855012929309,0.05700319632131133,0.32519248923103106,41816.87109375,0.007224112855396914,0,0,0.993260148724355,0.029453465130834414,0.993260148724355,1.3606658394148784e-05,5.4912364600088434e-05,0.006671332252695253
2024-01-27,0.007224112855396914,0.031114392385261293,0.018146974598464545,-0.8068951236230527,42120.0546875,-0.002007256017307645,0,0,0.9994477743839549,0.003579448537749221,0.9994477743839549,4.5512383222310575e-05,2.8733677990769278e-05,0.0004779795548702542
2024-01-28,-0.002007256017307645,0.026589394595723046,0.02617461838516317,0.38925917594672244,42035.59375,0.029364415736914624,0,0,0.9985765920681103,0.008271886523879647,0.9985765920681103,5.419578942600779e-07,0.0011396985100218743,0.0002831674639928628
2024-01-29,0.029364415736914624,0.027519693954339154,0.03436348871766306,0.20372670946470864,43288.24609375,-0.007783744989935841,0,0,0.9990159610336066,0.006092940998475507,0.9990159610336066,1.15689680526699e-06,0.0006315779237773569,0.0003513041458296602
2024-01-30,-0.007783744989935841,0.02734350442917593,0.026251588323904944,0.14287322497248023,42952.609375,-0.008651552809046921,0,0,0.9992296845285737,0.00480340385989862,0.9992296845285737,6.756753449595967e-07,0.0006320845341540901,0.00013755526190797722
2024-01-31,-0.008651552809046921,0.027360860183636527,0.033310806651813796,0.034252119206632896,42582.60546875,0.011514890294239742,0,0,0.9991222694543469,0.0053399496787128655,0.9991222694543469,4.4538808791917976e-07,0.0007605979297907751,0.00011668722778205052
2024-02-01,0.011514890294239742,0.02115302349677255,0.0316645866957917,-0.14122538157011316,43075.7734375,0.002552374530244358,0,0,0.8259457506030409,0.3364707553751706,0.8259457506030409,4.2272468978554416e-07,0.17342125830525928,0.0006325683670358227
2024-02-02,0.002552374530244358,0.021158751991517368,0.01940802743953732,-0.14114145712901935,43185.859375,-0.004493245492150753,2,2,0.5876271452150945,0.4902362704384417,0.4121502619992067,5.462305504616491e-07,0.5876271452150945,0.00022204655518577118
2024-02-03,-0.004493245492150753,0.020363312755372457,0.01091203211043851,-0.5102041342147362,42992.25,-0.009551086228745845,2,2,0.937104115514287,0.16998348297451543,0.06278966537355231,6.436544570339998e-08,0.937104115514287,0.00010615474667248135
2024-02-04,-0.009551086228745845,0.020158886803151588,0.016973971317621035,0.2816135002489579,42583.58203125,0.0017617075316479283,2,2,0.9931310796363183,0.03021159286693133,0.006691320229414071,6.118971098961533e-09,0.9931310796363183,0.00017759401529979606
2024-02-05,0.0017617075316479283,0.019857980749485932,0.028820252771385946,0.23457383945179514,42658.66796875,0.009936804708699247,2,2,0.9994698087984889,0.003409541052875915,0.00046501105351959526,1.1245318825364664e-08,0.9994698087984889,6.516890259429048e-05
2024-02-06,0.009936804708699247,0.019871359166281202,0.018919232078984008,-0.10806316863631837,43084.671875,0.02822864621028068,2,2,0.9997664002493927,0.001664559847611084,0.00018414437198396825,7.3437640602312766e-09,0.9997664002493927,4.944803490266219e-05
2024-02-07,0.02822864621028068,0.018924321207685422,0.035335175772874886,0.22924412013862616,44318.22265625,0.021945671282114807,2,2,0.9997705211736623,0.0016490803473575468,6.173975081260614e-05,6.050771628082789e-09,0.9997705211736623,0.00016773302474840213
2024-02-08,0.021945671282114807,0.019341617613476646,0.027454124490900865,0.21348984915307634,45301.56640625,0.0399329954084116,2,2,0.9998285029654154,0.0012819902198786045,8.08074236170487e-05,1.0359405070969486e-08,0.9998285029654154,9.06792515967288e-05
2024-02-09,0.0399329954084116,0.020896906276937525,0.06133284527853797,0.40762898636247197,47147.19921875,0.013149960695064189,2,2,0.9793278968058464,0.07518098432377918,0.000855501901504064,1.6722797509199965e-06,0.9793278968058464,0.019814929012892016
2024-02-10,0.013149960695064189,0.02083846962810476,0.025974845796379837,-0.8744502273557228,47771.27734375,0.010881064258583886,2,2,0.997064402474802,0.016001574634722248,0.001390543510704608,1.932242114129423e-05,0.997064402474802,0.0015257315933763632
2024-02-11,0.010881064258583886,0.01588844099908606,0.019019605131113254,0.16372595001953108,48293.91796875,0.03388147853165121,2,2,0.9999743187916771,0.00022110698691819045,3.045385559889433e-06,4.649176132724023e-09,0.9999743187916771,2.2631173653603728e-05
2024-02-12,0.03388147853165121,0.016749433938978688,0.05073668975757479,0.5803797887956066,49958.22265625,-0.004328588760117502,2,2,0.9987541712209718,0.006944076460406049,8.209854860532042e-06,1.450396935194777e-09,0.9987541712209718,0.0012376174736910758
2024-02-13,-0.004328588760117502,0.017074629058471794,0.039240022726442815,0.030843756983560077,49742.44140625,0.041046849510408934,2,2,0.9998179771061166,0.0013280353438581102,3.570361640079661e-05,1.924742120327732e-07,0.9998179771061166,0.00014612680326948175
2024-02-14,0.041046849510408934,0.0179876363706854,0.05257018696777436,0.09411544977113524,51826.6953125,0.0021560092291083846,2,2,0.9916639860052522,0.035145725671223545,9.163207022253787e-05,1.0864691888104298e-06,0.9916639860052522,0.008243295455291375
2024-02-15,0.0021560092291083846,0.01634757898126852,0.027887520334650244,-0.013937337384375388,51938.5546875,0.0042584326097615645,2,2,0.9999636475781873,0.0003077212949701534,6.956383991176887e-06,1.40361345084508e-07,0.9999636475781873,2.9255676390354564e-05
2024-02-16,0.0042584326097615645,0.01639546574511516,0.017189380193772013,-0.3136959102150988,52160.203125,-0.00957802949778828,2,2,0.9999761711802996,0.00020915687897101723,5.1758539773818265e-06,4.238967092310472e-10,0.9999761711802996,1.8652541827940696e-05
2024-02-17,-0.00957802949778828,0.016786771674722246,0.02946492090756145,-0.3424459169184264,51662.99609375,0.008855834280713763,2,2,0.999906885154937,0.0007251843099858256,1.960637984121974e-05,1.7472083147605486e-09,0.999906885154937,7.350671792714072e-05
2024-02-18,0.008855834280713763,0.016176954831484888,0.021550324760487828,-0.12855050581656682,52122.546875,-0.006610163694046543,2,2,0.9999765189280593,0.00020496522032057536,3.778503765062861e-06,8.722100554212107e-10,0.9999765189280593,1.9701696041820812e-05
2024-02-19,-0.006610163694046543,0.01611378432538099,0.014899896729355546,0.19398605749223163,51779.14453125,0.009719679337319471,2,2,0.9999675659160757,0.0002735107255505804,3.6858574168646684e-06,4.962828937743687e-11,0.9999675659160757,2.874817688920537e-05
2024-02-20,0.009719679337319471,0.01554760854530443,0.041173250987976924,0.4455481850938109,52284.875,-0.00856090431522995,2,2,0.9998666419339154,0.0009649822534994229,3.0434396561545867e-06,2.6718822507681203e-10,0.9998666419339154,0.00013031435920008577
2024-02-21,-0.00856090431522995,0.016100763867480522,0.03273698781462802,-0.1528932436872529,51839.1796875,-0.010358547640014263,2,2,0.9999074817269475,0.0007123221251657152,1.1928218601489463e-05,9.55230241353311e-09,0.9999074817269475,8.058050214386524e-05
2024-02-22,-0.010358547640014263,0.016633826011972778,0.02111530825205555,-0.11898092118202419,51304.97265625,-0.011231806115512574,2,2,0.9999660410962831,0.0002911114340550371,9.516076632664939e-06,1.421293883348037e-09,0.9999660410962831,2.44414058267528e-05
2024-02-23,-0.011231806115512574,0.01697797528959066,0.018452991939328173,-0.17064083059770296,50731.94921875,0.016405594130217752,2,2,0.9999640297822427,0.00030826897703621473,1.2607084034251435e-05,4.76276373494461e-10,0.9999640297822427,2.3362657541595473e-05
2024-02-24,0.016405594130217752,0.01652961861334527,0.021305536758186246,-0.3450668925795595,51571.1015625,0.0031390133682369275,2,2,0.9999472601529713,0.0004287160767302955,7.790288864930277e-06,8.602265721563621e-10,0.9999472601529713,4.4948697936035806e-05
2024-02-25,0.0031390133682369275,0.016498194609103813,0.012445682701122472,0.01563826203026051,51733.23828125,0.052511187656945416,2,2,0.9999752528219129,0.0002158767429353016,4.7007310966237134e-06,2.1138696370068721e-10,0.9999752528219129,2.0046235707704017e-05
2024-02-26,0.052511187656945416,0.019082289698455206,0.07349537729438194,0.7933198869982457,54522.40234375,0.045936216440473146,2,2,0.5224187575712541,0.5002319396199797,0.000145453216843364,2.566958804032893e-07,0.5224187575712541,0.4774355325160346
2024-02-27,0.045936216440473146,0.020260447144250505,0.05349252473081196,0.3786010631036181,57085.37109375,0.09069529297704289,2,2,0.8546695505472697,0.33806631870935844,0.008675105545018347,0.004947126189347265,0.8546695505472697,0.13170821771846908
2024-02-28,0.09069529297704289,0.026721287345303824,0.11478651698313616,0.5145700898159109,62504.7890625,-0.02112241427001975,3,3,0.9986818929504014,0.007255585373207736,2.4540466965864837e-09,0.0013181045895641452,5.902450438509381e-12,0.9986818929504014
2024-02-29,-0.02112241427001975,0.0273351750196272,0.050441105150730976,-0.23971945751749948,61198.3828125,0.0200954657884248,0,0,0.7739991251260852,0.496265867032549,0.7739991251260852,0.14043125382602928,0.0006145138890204803,0.08495510715887156
2024-03-01,0.0200954657884248,0.027380695772016836,0.03767697591749963,-0.48847056956637397,62440.6328125,-0.006600547312091193,0,0,0.9867396362728824,0.05616522518198388,0.9867396362728824,0.011098618904807692,0.000903119202198112,0.0012586256201032793
2024-03-02,-0.006600547312091193,0.027741646283053215,0.012919750515770476,-0.5201317741519045,62029.84765625,0.01817220465901261,0,0,0.9992634018345508,0.004882622022851177,0.9992634018345508,0.00019541508966052003,0.0004158704497426958,0.0001253126260589826
2024-03-03,0.01817220465901261,0.02732411130945705,0.028419537949991115,0.0944151065801561,63167.37109375,0.0785670808490068,0,0,0.999062672115731,0.005721867802693977,0.999062672115731,3.4850666755055455e-06,0.0007679659017118136,0.00016587691588028323
2024-03-04,0.0785670808490068,0.03082314592296246,0.09001133394456372,0.990216644353638,68330.4140625,-0.06858298181492034,3,3,0.9897037805495054,0.04142972344140059,0.010286963927320182,8.959531783961642e-06,2.959914467466105e-07,0.9897037805495054
2024-03-05,-0.06858298181492034,0.035503754371694056,0.15433432230622135,0.37478613941850347,63801.19921875,0.03549970020086634,3,3,0.9999997986781384,2.384325081214969e-06,3.6821823171235816e-14,2.0132188097988225e-07,1.5071592807034403e-36,0.9999997986781384
2024-03-06,0.03549970020086634,0.035877497084892386,0.07244727430314887,-0.40233389185275037,66106.8046875,0.012308140052515397,3,3,0.6178126332736228,0.4916478310217867,0.0027771115029165943,0.3794101994977754,5.572574232486121e-08,0.6178126332736228
2024-03-07,0.012308140052515397,0.03583048545975381,0.03547812387424353,-0.38055497753438056,66925.484375,0.020331312236987975,1,1,0.8995225277454971,0.27536329986483066,0.07616737188504642,0.8995225277454971,7.301416676257193e-07,0.024309370227870043
2024-03-08,0.020331312236987975,0.03548463340675955,0.05640697327007695,0.2310451181739774,68300.09375,0.002906296632019191,1,1,0.9487970267757284,0.15380041268626726,0.0482939306677995,0.9487970267757284,2.496618418899961e-07,0.0029087928947140605
2024-03-09,0.002906296632019191,0.03555453092859665,0.009050216033404742,-1.0078302174310005,68498.8828125,0.007575825657206857,1,1,0.7450897892459385,0.451641828139963,0.2394020768322456,0.7450897892459385,5.155128672812131e-08,0.015508082370587189
2024-03-10,0.007575825657206857,0.035269202408874496,0.0255756586114965,0.5015617876927709,69019.7890625,0.04399229858274628,1,0,0.5465841772177776,0.5474275920230457,0.5465841772177776,0.43715210714948566,2.494440073352681e-07,0.016263466188680062
2024-03-11,0.04399229858274628,0.0358590227175175,0.07841821691403465,0.6106506415700321,72123.90625,-0.008949836049347838,1,1,0.8884249947034321,0.3080092155212727,0.052930115324086,0.8884249947034321,3.28980654767542e-07,0.0586445609918224
2024-03-12,-0.008949836049347838,0.03587319385436791,0.057312965969569175,-0.0493152909799752,71481.2890625,0.02216689906407544,1,1,0.9734028269654902,0.09533794806635279,0.023554229108810328,0.9734028269654902,5.6832973518142255e-08,0.0030428870926832584
2024-03-13,0.02216689906407544,0.035345663726983896,0.03151713878645659,-0.2604180405062261,73083.5,-0.0233524614583823,1,1,0.9414785627055643,0.1650756253431387,0.05729255435577142,0.9414785627055643,2.712610100656469e-08,0.0012288558126095528
2024-03-14,-0.0233524614583823,0.035966130494773665,0.07265118127571737,0.21194597205511415,71396.59375,-0.028308923292000562,1,1,0.9837156893657855,0.06765289102027203,0.010517469116702472,0.9837156893657855,1.0766230811003014e-09,0.005766840440979554
2024-03-15,-0.028308923292000562,0.03737283001622289,0.0969174609224575,0.2732437330780283,69403.7734375,-0.060717725206296765,1,1,0.9384866376227232,0.16758977345875684,0.00017784919641704945,0.9384866376227232,5.5995269700319076e-14,0.06133551318083545
2024-03-16,-0.060717725206296765,0.04097955882896995,0.08030114821953906,-0.5140243233771039,65315.1171875,0.046012240704610304,1,3,0.5187054825013306,0.4995257781378429,3.3003671631642043e-06,0.4812912171313961,2.520999441612275e-16,0.5187054825013306
2024-03-17,0.046012240704610304,0.040663093098174063,0.06287999771533014,-0.04643376297752253,68390.625,-0.012388507554368627,1,1,0.9556121109829738,0.13154526102549996,0.00010070284429834628,0.9556121109829738,6.502591984438376e-11,0.04428718610775495
2024-03-18,-0.012388507554368627,0.04013876250326419,0.03409258612434104,0.0967937482956041,67548.59375,-0.08712073185700822,1,1,0.997611078075129,0.013069022802085842,0.0005675150233431517,0.997611078075129,1.5367900798278186e-11,0.0018214068860577133
2024-03-19,-0.08712073185700822,0.04064439884566008,0.10612914969207561,0.40983321250330795,61912.7734375,0.09251085296877404,3,3,0.9304243169302335,0.1821697038558886,5.642648993404634e-08,0.06957562664326064,9.724197699326254e-27,0.9304243169302335
2024-03-20,0.09251085296877404,0.04528389542999227,0.107599434024123,-0.10538485835407316,67913.671875,-0.03631867422621332,3,3,0.9968944802682239,0.015172641041635009,7.103994689718952e-13,0.0031055197311792874,6.96916755015413e-21,0.9968944802682239
2024-03-21,-0.03631867422621332,0.046058000033541616,0.055260304968520434,-0.40654527940194884,65491.390625,-0.02649844665215931,1,1,0.6121263311171193,0.48171443569578426,7.457880693036403e-07,0.6121263311171193,7.268916274881168e-14,0.38787292309474053
2024-03-22,-0.02649844665215931,0.04647533017653234,0.06692476917429961,-0.0717396710445594,63778.76171875,0.0044342886654000135,1,1,0.9550795028171183,0.1322084154093872,1.1553465294048905e-07,0.9550795028171183,5.335751741608845e-15,0.04492038164814278
2024-03-23,0.0044342886654000135,0.04631548850751151,0.04586021252293608,-0.5149283368690839,64062.203125,0.04832709315067971,1,1,0.9942965243022879,0.02536239499845633,4.323541983159048e-07,0.9942965243022879,7.80320122648736e-15,0.005703043343503838
2024-03-24,0.04832709315067971,0.044079414851466374,0.056472864082554745,0.09508119493136444,67234.171875,0.0397250476948794,1,1,0.9971781090853332,0.013994512745876389,2.0862009310536516e-06,0.9971781090853332,1.2469884518837309e-15,0.002819804713831368
2024-03-25,0.0397250476948794,0.041914696754828264,0.06786504291364294,0.4507414694104409,69958.8125,0.0004147786065640333,1,1,0.994527536802879,0.02462993039097817,3.000623235381911e-05,0.994527536802879,1.6401748282511958e-13,0.005442456964635989
2024-03-26,0.0004147786065640333,0.041283132692219934,0.03143593144478343,-0.1703933644224848,69987.8359375,-0.007637444542951766,1,1,0.9991053695345586,0.005488315815138062,0.00016977347135602587,0.9991053695345586,4.186829356596956e-13,0.0007248569936507484
2024-03-27,-0.007637444542951766,0.04128360314239679,0.04817135200630261,0.1255375792628661,69455.34375,0.018397189971880865,1,1,0.9988577968771802,0.006723048930477217,0.00014798645418383913,0.9988577968771802,2.0462886472814518e-13,0.0009942166683889406
2024-03-28,0.018397189971880865,0.04124028790468652,0.03746579095637785,-0.17201973774644846,70744.953125,-0.012118158012204417,1,1,0.9990118392637363,0.005989370462600313,0.0001857939229761886,0.9990118392637363,1.3252955936638434e-13,0.0008023668130910993
2024-03-29,-0.012118158012204417,0.0413549609846634,0.02627504923274272,-0.30925914282896866,69892.828125,-0.0035477570486820652,1,1,0.999116505502756,0.005371187011007515,0.00011973983468403702,0.999116505502756,5.191607038622139e-14,0.0007637546624172748
2024-03-30,-0.0035477570486820652,0.04133676777753624,0.010832455840133695,-0.38722208934344227,69645.3046875,0.023952858696302478,1,1,0.9987605175037378,0.0071426334633164544,0.00010818733439483326,0.9987605175037378,2.7104754130747473e-15,0.0011312951619152382
2024-03-31,0.023952858696302478,0.04045937326370666,0.02457345307433477,0.15743067125389534,71333.6484375,-0.023137002333257977,1,1,0.9972010980785412,0.014886568142118488,0.0005513143175411596,0.9972010980785412,2.94016860109375e-14,0.00224758760381717
2024-04-01,-0.023137002333257977,0.0407377903881269,0.046360098073555164,0.5534519088617954,69702.1484375,-0.06299090436988572,1,1,0.9897145874795876,0.04285237541215071,0.0005331512183898787,0.9897145874795876,3.0536475285169086e-13,0.00975226130168855
2024-04-02,-0.06299090436988572,0.042569470839647294,0.07825860929276893,0.37430125951253557,65446.97265625,0.008123743073319992,1,1,0.9277559813746953,0.18714287043824582,2.6661483727949166e-06,0.9277559813746953,1.2952005566944562e-18,0.07224135247684639
2024-04-03,0.008123743073319992,0.04245712151551766,0.03568343258883028,-0.38541730228981086,65980.8125,0.03759886271186141,1,1,0.9976656787701346,0.012087093706948202,5.992265680645643e-05,0.9976656787701346,1.979129008870991e-12,0.002274398571005305
2024-04-04,0.03759886271186141,0.04302052451665293,0.060976958722938596,-0.0014070117376320643,68508.84375,-0.009845630418288566,1,1,0.997919370230726,0.010800686763430505,6.921466725502931e-06,0.997919370230726,1.4572960989330872e-14,0.0020737083024981004
2024-04-05,-0.009845630418288566,0.040724662554691975,0.04001143354917497,-0.02027698511092752,67837.640625,0.015482496362565016,1,1,0.9989646308826201,0.0063024351853283546,0.00026240720344695593,0.9989646308826201,6.134807263506645e-13,0.0007729619133629637
2024-04-06,0.015482496362565016,0.03953887580139173,0.031030530343354384,-0.5248077077414375,68896.109375,0.006747455363626304,1,1,0.9968105908313102,0.017115704624086545,0.0016079646723781563,0.9968105908313102,2.65544407510631e-12,0.0015814444936090263
2024-04-07,0.006747455363626304,0.03944535423046749,0.020656633560502465,0.06011345379774454,69362.5546875,0.03218579409702191,1,1,0.9970977449821314,0.015770024094186503,0.001379032804558755,0.9970977449821314,1.1035301747566772e-12,0.0015232222122039724
2024-04-08,0.03218579409702191,0.03401301855205609,0.050970932554635744,0.5637250958101931,71631.359375,-0.035413761203788405,1,1,0.8543430205460978,0.3309105720671846,0.1327326897814428,0.8543430205460978,5.107530912582559e-08,0.012924238597190435
2024-04-09,-0.035413761203788405,0.028767386244654775,0.051050566826753255,-0.02265129109917257,69139.015625,0.020739301242534747,0,0,0.6492456764285506,0.4808221981117663,0.6492456764285506,0.34746958776316317,4.949529676842565e-06,0.0032797862786986785
2024-04-10,0.020739301242534747,0.02769186609295592,0.0508567057753472,0.05062794035903964,70587.8828125,-0.00749778258451207,0,0,0.9486111914176554,0.1524292590678622,0.9486111914176554,0.0496675302756506,0.0009181632982990966,0.0008031150084605325
2024-04-11,-0.00749778258451207,0.02691463767987035,0.024042352614778408,-0.23963834372412596,70060.609375,-0.041748970181434676,0,0,0.9977879678407449,0.012681389283602457,0.9977879678407449,0.0009004274733951746,0.0012123092890536297,9.929539679316762e-05
2024-04-12,-0.041748970181434676,0.028849950590911017,0.08881359077259099,0.38082682690953684,67195.8671875,-0.05152204971523435,0,0,0.7714791058360382,0.39236848404734137,0.7714791058360382,0.0010047585432237493,1.5461484194224285e-09,0.22751613407460947
2024-04-13,-0.05152204971523435,0.029119938992804736,0.10987405847745331,0.18070717071293288,63821.47265625,0.02959850149495867,3,3,0.9972682477162519,0.01451222051164924,0.00047701655346815344,0.0022547357302039064,1.3909634586312195e-16,0.9972682477162519
2024-04-14,0.02959850149495867,0.028424932981670877,0.05504484668652194,-0.07429148169623925,65738.7265625,-0.03581099949650861,0,0,0.5093105557006786,0.7265698352553069,0.5093105557006786,0.3332514561593763,0.0010593245731591171,0.1563786635668713
2024-04-15,-0.03581099949650861,0.029328276725686695,0.07168295343198389,-0.1185761223043864,63426.2109375,0.0060619201772289105,0,0,0.5720454361731261,0.6345388721705094,0.5720454361731261,0.3540440302894484,2.7438299084049734e-07,0.07391025915452655
2024-04-16,0.0060619201772289105,0.029421352399817115,0.04136010906573076,-0.017315558597116625,63811.86328125,-0.04053958534994488,0,0,0.9632427959853683,0.1168645993579402,0.9632427959853683,0.0359221125179352,0.0002692588256401523,0.0005658326709556666
2024-04-17,-0.04053958534994488,0.0299811947234852,0.07699138506797389,-0.02199830346522362,61276.69140625,0.03584120208614769,0,0,0.8821316918043216,0.32048263833722196,0.8821316918043216,0.056852456369692064,4.054582042426614e-08,0.06101581128013212
2024-04-18,0.03584120208614769,0.031447863109824996,0.05183536894195402,-0.15195552526020242,63512.75390625,0.005195142876912206,0,0,0.9402234874314931,0.17650501674194025,0.9402234874314931,0.05439264658571888,4.122123819911555e-05,0.005342644744590087
2024-04-19,0.005195142876912206,0.03152665026292263,0.09132019094033182,0.3267361188197851,63843.5703125,0.017865871886504233,0,0,0.5285576153204906,0.7227365470378028,0.5285576153204906,0.2975016689765913,1.0956068361637096e-06,0.1739396200961516
2024-04-20,0.017865871886504233,0.03126736736492583,0.03492690510732979,-0.7707064871069869,64994.44140625,-0.0010436624765665994,0,0,0.9382569024803091,0.18459517532083544,0.9382569024803091,0.05371433353874091,5.0320893914648134e-05,0.007978443087079824
2024-04-21,-0.0010436624765665994,0.030968824982920848,0.02226388783351115,-0.11897478577918123,64926.64453125,0.029008901759275917,0,0,0.9961388485857051,0.018959540361209615,0.9961388485857051,0.0036295540313737544,3.48275271830683e-05,0.0001967698558167553
2024-04-22,0.029008901759275917,0.028400990672048033,0.040183639865378144,0.3215008663038996,66837.6796875,-0.006460398489914604,0,0,0.9989646134156881,0.006593166943973255,0.9989646134156881,0.00010897414010626156,0.00043698158161746607,0.0004894308625916669
2024-04-23,-0.006460398489914604,0.028397073192534285,0.020093807966018406,-0.15132192064066236,66407.2734375,-0.03260630131627199,0,0,0.9996219295859547,0.0025995425278375326,0.9996219295859547,4.208438929266795e-06,0.0002674902433392199,0.00010637173167584834
2024-04-24,-0.03260630131627199,0.02788111052478858,0.054226264466371875,0.21944903901756668,64276.8984375,0.0031812827691917772,0,0,0.9991162130410006,0.005172937614483311,0.9991162130410006,1.2100050278341337e-06,1.2227094282233728e-05,0.0008703498595927075
2024-04-25,0.0031812827691917772,0.02786955722797724,0.03864001642423175,0.06021547128928319,64481.70703125,-0.011328935219016097,0,0,0.999079543839688,0.005607939057510883,0.999079543839688,4.062454531480949e-06,0.0007753339485399929,0.00014105975720095793
2024-04-26,-0.011328935219016097,0.02760072186514124,0.023013888179185045,-0.2867481889906524,63755.3203125,-0.005286917956356649,0,0,0.9992598445287392,0.004598602740193852,0.9992598445287392,5.960362418075746e-07,0.0006386022105361602,0.00010095722455329236
2024-04-27,-0.005286917956356649,0.02748785004403624,0.023236589407032823,-0.21185240152511248,63419.140625,-0.004835296290154387,0,0,0.9991714533972952,0.005049212555314248,0.9991714533972952,3.333994749536517e-07,0.0007359910894261418,9.222211391549204e-05
2024-04-28,-0.004835296290154387,0.026100355425341226,0.02420865969626639,-0.11927418168658648,63113.23046875,0.011467091787556437,0,0,0.9975806376445405,0.012557176799651399,0.9975806376445405,2.0460304270297966e-07,0.002319782006041879,9.937574639017642e-05
2024-04-29,0.011467091787556437,0.025447918944646535,0.0372709913960603,0.42954272662313187,63841.12109375,-0.051494629716542104,0,0,0.9934658574988887,0.029423840952202372,0.9934658574988887,9.833966212066205e-08,0.0061700444634350815,0.0003639996980267524
2024-04-30,-0.051494629716542104,0.02684180280010351,0.09207709703675859,0.35112856099088946,60636.85546875,-0.040089923480657194,3,3,0.6055657234405815,0.48416068021578657,0.39438424968721836,5.0026824027589367e-05,4.81340685850899e-11,0.6055657234405815
2024-05-01,-0.040089923480657194,0.02780740353350331,0.07253074778178836,0.2469324383929803,58254.01171875,0.014814392549697799,0,0,0.7462788335106537,0.4963699146302868,0.7462788335106537,0.04708743440476758,1.9182697536705247e-07,0.20663354025762823
2024-05-02,0.014814392549697799,0.02719536077826959,0.04507677562017862,-0.39258509899006583,59123.43359375,0.06175720649824811,0,0,0.9862626187405464,0.06046973535227285,0.9862626187405464,0.009364069354638705,0.0013353666805632383,0.0030379452243126702
2024-05-03,0.06175720649824811,0.029036985885667114,0.07111151332457712,0.013970557813547568,62889.8359375,0.015801344389047563,0,0,0.6080318860774657,0.6453358628641516,0.6080318860774657,0.10200502893765713,2.807551186426408e-05,0.2899350094729719
2024-05-04,0.015801344389047563,0.028436067392876407,0.02966914660034163,-0.475422182082092,63891.47265625,0.002183511056964741,0,0,0.9891519515619761,0.04754457792379586,0.9891519515619761,0.008918972598649747,0.000389156491115602,0.0015399193483223233
2024-05-05,0.002183511056964741,0.02726289420470687,0.025855952640225673,-0.11959319492295617,64031.1328125,-0.013667364763724113,0,0,0.9987689969797652,0.007415431166223966,0.9987689969797652,0.00016027883009689373,0.0009734725618824583,9.725162817671287e-05
2024-05-06,-0.013667364763724113,0.027406643281778803,0.0435177206609077,0.45013348493838495,63161.94921875,-0.01318192999564668,0,0,0.9993696803650196,0.004126491986898305,0.9993696803650196,1.5692840629554258e-06,0.00029351535018650214,0.0003352350008304521
2024-05-07,-0.01318192999564668,0.025947565824820943,0.03376085282396043,-0.10139615958162247,62334.81640625,-0.018569986258493817,0,0,0.9979318823358706,0.011073769167146148,0.9979318823358706,1.0946300425261644e-06,0.001934253069482837,0.0001327699646584766
2024-05-08,-0.018569986258493817,0.0249184207679665,0.03446687341951632,0.006053250301221845,61187.94140625,0.02997730860417905,0,0,0.9970882701405078,0.01485660287195609,0.9970882701405078,3.408645259572444e-07,0.0027285255293510594,0.00018286346564022556
2024-05-09,0.02997730860417905,0.025885356657510888,0.043724687577249934,-0.024635140187713504,63049.9609375,-0.036456454635488925,0,0,0.9962005652319402,0.019297989644185505,0.9962005652319402,2.2241132876347907e-06,0.00312819824048447,0.0006690124142302621
2024-05-10,-0.036456454635488925,0.026680735527646545,0.05326226369279194,0.08836733136224624,60792.77734375,1.5356866757304103e-05,0,0,0.9989224419065958,0.00618748927489999,0.9989224419065958,7.101895217578114e-06,1.8879407144073884e-05,0.001051576791117391
2024-05-11,1.5356866757304103e-05,0.02668658617602764,0.015766883267504927,-0.6974870627221639,60793.7109375,0.01071136415279376,0,0,0.9986311805392808,0.007875228179726027,0.9986311805392808,2.0970483221994146e-06,0.0011993839878396808,0.00016733842454155719
2024-05-12,0.01071136415279376,0.025820671652882318,0.019293501425770826,-0.003025286670423297,61448.39453125,0.02337149423787631,0,0,0.9978108971365256,0.011635897093233687,0.9978108971365256,2.7883306469025817e-07,0.002043454257595896,0.00014536977289649147
2024-05-13,0.02337149423787631,0.026535202123741764,0.04217423200019425,0.7035369604361134,62901.44921875,-0.021674038111579395,0,0,0.9956681296419019,0.022078208700311547,0.9956681296419019,9.232895871897391e-08,0.0029523480350015087,0.001379429994108708
2024-05-14,-0.021674038111579395,0.025994061209924185,0.03197839456147715,0.010596191859921993,61552.7890625,0.07380429766149847,0,0,0.9987986328292869,0.007056878373823834,0.9987986328292869,3.588904104585827e-06,0.001033148263817124,0.00016463000281768361
2024-05-15,0.07380429766149847,0.031061518132688794,0.07732362882017355,0.3454128878358172,66267.4921875,-0.015755724397151206,3,3,0.7872045374943244,0.375643651953814,0.21236450855863018,0.0004290224604909758,1.9314865006436385e-06,0.7872045374943244
2024-05-16,-0.015755724397151206,0.03117231529400844,0.032183413840772224,-0.23194312670668826,65231.58203125,0.027522834905047706,0,0,0.9410558438370938,0.18015140636639432,0.9410558438370938,0.04991026015675777,7.691868731650941e-05,0.008956977318919796
2024-05-17,0.027522834905047706,0.03167530781638948,0.034900508468256854,-0.11898379037435541,67051.875,-0.001657856805292211,0,0,0.9899997188549245,0.04197662004917737,0.9899997188549245,0.00946112060708274,2.146535969287677e-05,0.0005176951783320338
2024-05-18,-0.001657856805292211,0.03164302730482644,0.01081295823047018,-0.5171773815506043,66940.8046875,-0.0099451595532183,0,0,0.9989046038950263,0.006675632438345315,0.9989046038950263,0.0007881651753775076,9.584236227906011e-06,0.0002976466933139578
2024-05-19,-0.0099451595532183,0.03170165347381087,0.026511171926266005,0.14132039931385876,66278.3671875,0.07510908882529838,0,0,0.9995821061909206,0.0028209845778946084,0.9995821061909206,6.169627302853132e-05,1.6450305719850843e-05,0.000339747230335303
2024-05-20,0.07510908882529838,0.033093822801495,0.07554271456952694,0.8233256497032813,71448.1953125,-0.01852885718229531,3,3,0.8402626058867058,0.3180583073746164,0.15951538438996876,0.0002210989077769411,9.108156352236356e-07,0.8402626058867058
2024-05-21,-0.01852885718229531,0.03176222661264109,0.03928531805598812,0.06791020084904818,70136.53125,-0.014565869510184994,0,0,0.9058144835124142,0.2586057404131502,0.9058144835124142,0.076044880803533,3.260475991571177e-05,0.018108030924055312
2024-05-22,-0.014565869510184994,0.032169672154418384,0.023812852642716,-0.3581932597244235,69122.3359375,-0.017406596587757724,0,0,0.9860888286189395,0.05432159608287326,0.9860888286189395,0.013474204073160285,1.909021569267988e-05,0.0004178770921690177
2024-05-23,-0.017406596587757724,0.0299785000959465,0.0542373625989421,0.24467612888650425,67929.5625,0.008743394668047938,0,0,0.9982288256204408,0.010278282488419603,0.9982288256204408,0.0011503555016669801,2.6485149549902113e-05,0.0005943337282370394
2024-05-24,0.008743394668047938,0.029871813923766696,0.03790708855122609,-0.361106223871217,68526.1015625,0.010738658385428567,0,0,0.9994312688007218,0.0039018395029275085,0.9994312688007218,0.00010480121464253264,0.00020835940655312347,0.0002555705779816759
2024-05-25,0.010738658385428567,0.029913173413381764,0.015353865383658839,-0.6349753124587671,69265.9453125,-0.010855523058038129,0,0,0.9997466860672023,0.001793835678639,0.9997466860672023,4.503305967399895e-06,4.217183658602008e-05,0.00020663879031463942
2024-05-26,-0.010855523058038129,0.02983261599267086,0.019299076566910475,0.009990724622023607,68518.09375,0.01271054899375939,0,0,0.9997509372738014,0.0017712804381920734,0.9997509372738014,1.330954742121098e-06,5.528710112451683e-05,0.00019244467041119423
2024-05-27,0.01271054899375939,0.029605506605857004,0.034086000308696775,0.5040303607976087,69394.5546875,-0.015953999045957543,0,0,0.9993688056428235,0.0040568803783860435,0.9993688056428235,3.802279164069029e-07,0.00014432631057152869,0.000486487818781813
2024-05-28,-0.015953999045957543,0.02949978720324199,0.03349357280486338,0.23493347110113497,68296.21875,-0.010570529093847765,0,0,0.9996936657373661,0.0021406825569042845,0.9996936657373661,2.064026132875962e-06,7.547883170515215e-05,0.00022879140486286873
2024-05-29,-0.010570529093847765,0.02911957218143391,0.025910300998983123,-0.2031273293736181,67578.09375,0.011577009906272178,0,0,0.9996908260213282,0.002178395244005498,0.9996908260213282,1.4366674530416701e-06,0.00019347271922165007,0.00011426459203181744
2024-05-30,0.011577009906272178,0.027594326856876652,0.034849136396677804,0.0997910144272881,68364.9921875,-0.012860492770805693,0,0,0.9988961639235757,0.006532416889162918,0.9988961639235757,4.3721405549554527e-07,0.0009565420429803785,0.00014685681949652593
2024-05-31,-0.012860492770805693,0.027886747226207365,0.03505839458051435,-0.07464063795313348,67491.4140625,0.0031882581048550507,0,0,0.9994167424714059,0.0037776185442287046,0.9994167424714059,7.291426805149108e-07,0.00045608875638400827,0.000126439629532839
2024-06-01,0.0031882581048550507,0.027859583612974515,0.0066990227183145006,-0.8555028872807102,67706.9375,0.0006594499605225849,0,0,0.9995638702914535,0.002962632541172173,0.9995638702914535,2.108028759246177e-07,0.00017760579716754988,0.0002583131085633433
2024-06-02,0.0006594499605225849,0.02752575264773413,0.01614191546440611,0.3851215550699843,67751.6015625,0.015425138658129584,0,0,0.9992145453936451,0.004971138139005878,0.9992145453936451,2.110193695961675e-07,0.0002469898694979319,0.0005382537175988004
2024-06-03,0.015425138658129584,0.02696924082190879,0.038383733325218584,0.6385006150697471,68804.78125,0.025300225248925362,0,0,0.9976157104128597,0.013170990015380121,0.9976157104128597,3.202702391635822e-07,0.0016449952061745985,0.0007389741108362828
2024-06-04,0.025300225248925362,0.022284149263143607,0.035182715550234625,0.022835470087732474,70567.765625,0.007272217816602819,0,0,0.932952695322692,0.1808230365045962,0.932952695322692,3.4207985436805696e-06,0.06616019268302954,0.0008836911957309609
2024-06-05,0.007272217816602819,0.02184686533066684,0.018917413787020665,-0.010276704497404624,71082.8203125,-0.0045918902720176475,0,0,0.7659643207403648,0.39433582482158025,0.7659643207403648,9.441223146318819e-07,0.23369709906393163,0.000337636073366113
2024-06-06,-0.0045918902720176475,0.021221027224340768,0.02129267608392569,-0.2629945549161958,70757.1640625,-0.020194557079892095,2,2,0.6371922352935242,0.47366788663354714,0.36261794084967375,3.4678883792711945e-07,0.6371922352935242,0.00018947706804377695
2024-06-07,-0.020194557079892095,0.021817307069722264,0.04904048073812866,0.36097579993340784,69342.5859375,-0.0005310196389050046,0,0,0.7738787301999293,0.3977654166257817,0.7738787301999293,8.891800299394876e-07,0.22290660470332122,0.003213775916637387
2024-06-08,-0.0005310196389050046,0.02165235130073816,0.00465441923523011,-0.9311264136886412,69305.7734375,0.004925659126589219,0,0,0.6178015016848851,0.4842787715852058,0.6178015016848851,2.202276584558478e-06,0.38132121678434755,0.0008750792542804879
2024-06-09,0.004925659126589219,0.013293716561543325,0.009428551590290594,-0.05240454580874404,69647.9921875,-0.0019504270460231217,2,2,0.9998972770719508,0.0008034995977989459,6.451062488599914e-05,1.6124819216451502e-09,0.9998972770719508,3.821069076762273e-05
2024-06-10,-0.0019504270460231217,0.012663217809225661,0.013143698078531985,0.4199722531772651,69512.28125,-0.03186737491787959,2,2,0.999960185205742,0.00032000091993312867,5.648934666034494e-08,3.1654694346192994e-12,0.999960185205742,3.97583018519565e-05
2024-06-11,-0.03186737491787959,0.014178772877295657,0.05087938736439056,0.5888724201746423,67332.03125,0.013412234174301008,2,2,0.7865838020591748,0.37631375262832545,0.00045168848622762127,6.7560452271773e-08,0.7865838020591748,0.21296444189408173
2024-06-12,0.013412234174301008,0.014011268245934669,0.045067174424536505,-0.07315218474051167,68241.1875,-0.021998155421161833,2,2,0.9958123648750523,0.019902706822711273,1.775444784689244e-05,7.297296795915833e-05,0.9958123648750523,0.004096907709145288
2024-06-13,-0.021998155421161833,0.014697452730175859,0.03087672190598771,-0.1751496811163025,66756.3984375,-0.011227334405387725,2,2,0.9997339950008466,0.0018040893084214345,9.836676622304775e-06,4.3189066010767975e-07,0.9997339950008466,0.0002557364319046307
2024-06-14,-0.011227334405387725,0.014570018168518056,0.03389966411895728,-0.05506516751087697,66011.09375,0.0027216870164859935,2,2,0.9998714646794495,0.0009361788221431469,3.932149021395951e-06,1.1909132008581671e-08,0.9998714646794495,0.00012459126247428733
2024-06-15,0.0027216870164859935,0.014471604138184333,0.008013386449819462,-0.6630029255227349,66191.0,0.00674619312119944,2,2,0.999970459251933,0.0002464124237411706,8.776509395720244e-07,5.917179257599267e-10,0.999970459251933,2.8662505400763992e-05
2024-06-16,0.00674619312119944,0.014217640527404249,0.013154356058607718,-0.06133683360498917,66639.046875,-0.0022346697987336212,2,2,0.99998562493793,0.00012727823237719887,3.888578426617765e-07,4.623911111391693e-11,0.99998562493793,1.3986157888250007e-05
2024-06-17,-0.0022346697987336212,0.013836117839735122,0.031483623432836415,0.8150641506271042,66490.296875,-0.020505771883152002,2,2,0.999704401432213,0.0019483006675483385,4.2087013064998373e-07,1.5103585319184906e-12,0.999704401432213,0.0002951776961278533
2024-06-18,-0.020505771883152002,0.014353644842205663,0.03822102513481775,0.2744176111242598,65140.74609375,-0.002773987515326679,2,2,0.9991506425846772,0.004992239879359596,1.2622320422593966e-05,1.9700268339236994e-08,0.9991506425846772,0.000836715394615296
2024-06-19,-0.002773987515326679,0.014002197512023598,0.015425588081566168,-0.6263915075281706,64960.296875,-0.002028534277712279,2,2,0.9999663599868612,0.0002764295737745541,6.064848771672138e-07,5.2982815154695605e-09,0.9999663599868612,3.302822999120832e-05
2024-06-20,-0.002028534277712279,0.013790461853606632,0.029170946779419015,0.1947616099880927,64828.65625,-0.011362664075990998,2,2,0.9999620509226963,0.00030794666123384033,4.999669185258677e-07,1.0049930360101027e-10,0.9999620509226963,3.744900985714237e-05
2024-06-21,-0.011362664075990998,0.013885144033927056,0.025409499527291345,0.021110959801446377,64096.19921875,0.002436781820078235,2,2,0.9999607408311486,0.00031857440292371795,8.45036218412389e-07,2.18082078242434e-10,0.9999607408311486,3.8413914637678685e-05
2024-06-22,0.002436781820078235,0.013913705422440416,0.00849321464484037,-0.9770043747525127,64252.578125,-0.016821441362000096,2,2,0.9998763884462825,0.000894644957195628,7.025335836103078e-07,1.726925766200609e-10,0.9998763884462825,0.00012290884747219883
2024-06-23,-0.016821441362000096,0.013572951322597964,0.02074849186523496,0.12497037677389297,63180.796875,-0.047042933993412646,2,2,0.9999532598170013,0.00037229632420848703,6.272661910234654e-07,3.133873502917036e-10,0.9999532598170013,4.611260347796215e-05
2024-06-24,-0.047042933993412646,0.014858356081936723,0.07782065966095043,1.3514580131010583,60277.4140625,0.025020978589857558,3,3,0.9999927825146079,6.730713549009747e-05,7.089803464140972e-06,5.729439270988996e-11,1.2762459394851518e-07,0.9999927825146079
2024-06-25,0.025020978589857558,0.016273656955595482,0.03265954948265667,-0.3905215308497934,61804.640625,-0.016203198264060435,2,2,0.677450883378876,0.539305341139054,0.015727685028994225,0.013709923413282537,0.677450883378876,0.29311150817886034
2024-06-26,-0.016203198264060435,0.016390175509586987,0.028595834435777134,-0.2604282562880126,60811.27734375,0.01296454786345771,2,2,0.9988761329917953,0.006959228226274792,0.0003769475745779705,4.689079607622141e-05,0.9988761329917953,0.0007000286374491819
2024-06-27,0.01296454786345771,0.016720128952716386,0.027733735493549516,-0.05828460700539588,61604.80078125,-0.021073812008611803,2,2,0.9999597870269323,0.0003371812638109989,7.958279475029293e-06,2.5367763576121046e-08,0.9999597870269323,3.222932590079584e-05
2024-06-28,-0.021073812008611803,0.017000547415816455,0.035488900207260025,0.16149125102237255,60320.13671875,0.009359920064692571,2,2,0.9995155792260391,0.003191958856939122,9.749763689100058e-05,5.668478987945194e-09,0.9995155792260391,0.0003869174684844328
2024-06-29,0.009359920064692571,0.01719132526325055,0.013084095001472043,-0.6791020141774661,60887.37890625,0.028989272731724976,2,2,0.9999161634572928,0.0006605771383422916,1.8982249166571157e-05,1.4029453246957688e-08,0.9999161634572928,6.484026409181182e-05
2024-06-30,0.028989272731724976,0.0189457927813398,0.03605520825809224,0.3147385548739727,62678.29296875,0.0027672625269042988,2,2,0.9997542891385824,0.0017442281348469116,5.45403707334435e-05,5.781547110079325e-09,0.9997542891385824,0.00019116470906147624
2024-07-01,0.0027672625269042988,0.017933350753388904,0.02039259279009145,0.384812398811422,62851.98046875,-0.01318017605629068,2,2,0.9999243977685148,0.0006028851606015858,1.9070423808524484e-05,8.674607298764326e-10,0.9999243977685148,5.653094027686047e-05
2024-07-02,-0.01318017605629068,0.01760064163368164,0.02338604388016999,-0.23415312707922492,62029.015625,-0.030363202506616574,2,2,0.9999287148905329,0.000577824376377771,3.195726513687282e-05,3.255863468461307e-09,0.9999287148905329,3.9324588538404885e-05
2024-07-03,-0.030363202506616574,0.018123167200767003,0.04600525144431597,0.3897698404306397,60173.921875,-0.05457904895434864,2,2,0.976956770184786,0.08645881068937661,0.003727146983622903,1.5875691544019384e-07,0.976956770184786,0.019315924074642388
2024-07-04,-0.05457904895434864,0.021212393034023624,0.06356646363585755,0.32416005749910703,56977.703125,-0.005549607840752043,3,3,0.88693081131173,0.26823892885299744,0.10890015976211519,0.003851265436674272,0.00031776348945610085,0.88693081131173
2024-07-05,-0.005549607840752043,0.02108578207533132,0.0667070051996585,0.2976817920722659,56662.375,0.028552385625087485,3,3,0.5216761849338873,0.6458222991159064,0.41488040430746087,0.05907946192560437,0.004363948833015273,0.5216761849338873
2024-07-06,0.028552385625087485,0.022398882236333604,0.04173993511596704,-0.9891042736959712,58303.5390625,-0.043009217189319104,3,3,0.6200617176781378,0.5397426099498289,0.3619075228434373,0.011749212804297068,0.00628154667406135,0.6200617176781378
2024-07-07,-0.043009217189319104,0.023785552559170014,0.04615645448688053,-0.0027675420780310157,55849.109375,0.01521053379065403,0,0,0.9571259186877291,0.14604821078880004,0.9571259186877291,0.011032103693210272,0.00016727007992473197,0.03167470753917803
2024-07-08,0.01521053379065403,0.02419144013811023,0.06719530630823328,0.6599918896826826,56705.09765625,0.022737964112148894,0,0,0.9826412523244017,0.07238332344638282,0.9826412523244017,0.0006015329559273044,0.0049353459096288695,0.011821868810013151
2024-07-09,0.022737964112148894,0.025078699471798162,0.03313818208606632,-0.3562008312518072,58009.2265625,-0.0046086733698468725,0,0,0.994199105430828,0.02718315159902816,0.994199105430828,9.230847467563941e-05,0.005267529496802888,0.00044105659772786596
2024-07-10,-0.0046086733698468725,0.02506567554995397,0.03777147991158754,-0.06200075562894564,57742.49609375,-0.006909245978268808,0,0,0.9938375308404526,0.027642821616471767,0.9938375308404526,3.362585369248985e-06,0.005986690288000073,0.00017241628623310872
2024-07-11,-0.006909245978268808,0.025033303990909115,0.037999092388996465,0.09235428673070487,57344.9140625,0.009623984558104185,0,0,0.9945940497077362,0.02481705612158019,0.9945940497077362,4.609426012174335e-07,0.0052261283136804376,0.00017936103590236805
2024-07-12,0.009623984558104185,0.025205215067204415,0.033547441439947465,-0.11438895885894668,57899.46484375,0.022753003242582143,0,0,0.9922904386351808,0.03317638331764777,0.9922904386351808,6.214433432658072e-07,0.007544151113761197,0.00016478880764400904
2024-07-13,0.022753003242582143,0.025791889906989034,0.03360748065404943,-0.40486823084450435,59231.953125,0.025927850263005585,0,0,0.9965651998428194,0.01739229676027443,0.9965651998428194,1.100085021008554e-06,0.003058947538604571,0.00037475253353958074
2024-07-14,0.025927850263005585,0.02439061207596943,0.034616774865173575,0.26323470354165873,60787.79296875,0.06499862039498035,0,0,0.9866357862867483,0.05280548095733762,0.9866357862867483,7.893900133403215e-07,0.012826454428615016,0.000536969894640354
2024-07-15,0.06499862039498035,0.02789858574926127,0.0642086152993489,0.5389240893547936,64870.15234375,0.0034931297826731934,0,0,0.8814499140346629,0.26446920447764277,0.8814499140346629,8.780552691170985e-05,0.0002655651034088335,0.11819671533498867
2024-07-16,0.0034931297826731934,0.02755205926837683,0.04403220667187923,0.08844647009799775,65097.1484375,-0.01514324245482322,0,0,0.9976918048721938,0.013552759278022323,0.9976918048721938,0.0007639458131596901,0.0009977763235775475,0.0005464729909993605
2024-07-17,-0.01514324245482322,0.027754913089728155,0.033853544912455284,-0.24650585307234993,64118.79296875,-0.0022597141603525025,0,0,0.9993053699500523,0.0044769447202088145,0.9993053699500523,2.826735598229653e-05,0.000526528330189296,0.00013983436373269905
2024-07-18,-0.0022597141603525025,0.0272458775132158,0.029050773198441435,-0.177350237516664,63974.06640625,0.041879420109635544,0,0,0.9987919761435919,0.006975387453921895,0.9987919761435919,1.084122839744525e-06,0.0011099480630999534,9.699167045026675e-05
2024-07-19,0.041879420109635544,0.028586496434982817,0.06165923011160688,0.3063611281084438,66710.15625,0.006774946348331885,0,0,0.9927817941239444,0.032010426730203496,0.9927817941239444,7.91209574836208e-06,0.0003938389130106826,0.006816454867273655
2024-07-20,0.006774946348331885,0.02801343875569755,0.019521232363070285,-0.6650274311494477,67163.6484375,0.014645375370143716,0,0,0.9993952933431185,0.003999638668116642,0.9993952933431185,2.0612717379855605e-05,0.00039345309968643656,0.0001906408398532692
2024-07-21,0.014645375370143716,0.028123767011569434,0.03713046834405136,0.33687664740929213,68154.5234375,-0.00838776669011285,0,0,0.999106723485219,0.0055562897133956506,0.999106723485219,7.759576568631873e-07,0.0006394266526125802,0.00025307390456064707
2024-07-22,-0.00838776669011285,0.02798933275831468,0.027650495115428293,0.4701350696221227,67585.25,-0.024831503546284737,0,0,0.999343310209818,0.004261603744528435,0.999343310209818,2.2550959610605517e-07,0.0002514968868044588,0.00040496739380450805
2024-07-23,-0.024831503546284737,0.027654205614024534,0.03480412127779235,-0.18050153599509441,65927.671875,-0.008462196557576013,0,0,0.9995591664446943,0.0030014000276778613,0.9995591664446943,2.469662994024352e-06,0.000253138061105831,0.00018522583128215828
2024-07-24,-0.008462196557576013,0.02416566646735524,0.030089094490640303,-0.2593760546505605,65372.1328125,0.006177613679945953,0,0,0.9885263491674926,0.045843713369380604,0.9885263491674926,5.486207366557395e-07,0.01130460693443626,0.0001684952774143074
2024-07-25,0.006177613679945953,0.023990045482028537,0.040119496620042674,0.332732540662042,65777.2265625,0.03193999219319689,0,0,0.9771609222391292,0.07996110033731423,0.9771609222391292,2.410224592283611e-07,0.022453502546868974,0.00038533419153141695
2024-07-26,0.03193999219319689,0.02415818843249405,0.036279798415782175,-0.22850750116936805,67912.0625,-0.001454798896138238,0,0,0.9867676291976034,0.05311390460411037,0.9867676291976034,3.7316722325747714e-06,0.012353703669945532,0.0008749354601227208
2024-07-27,-0.001454798896138238,0.02117696391012709,0.03971621547983222,0.1291525464019439,67813.3359375,0.006504525639670648,0,0,0.857280963105801,0.29911831538449685,0.857280963105801,2.4223173284072715e-06,0.1419506026531944,0.000766011923748699
2024-07-28,0.006504525639670648,0.02114730195664784,0.01781566168018294,-0.6537393381148535,68255.8671875,-0.021262245664086656,0,0,0.5254843833227382,0.5020050996486985,0.5254843833227382,1.0911054718782835e-06,0.47399456615370916,0.0005199594180590186
2024-07-29,-0.021262245664086656,0.02194609078674498,0.05170532409347934,0.8154414537880714,66819.9140625,-0.009305346230673276,0,0,0.9279066777365768,0.209291662100095,0.9279066777365768,2.2775364838498419e-07,0.06090468279459177,0.011188411715212263
2024-07-30,-0.009305346230673276,0.022102207911249897,0.02514282376238091,-0.26202207485840967,66201.015625,-0.024183450577486682,0,0,0.8343544539515514,0.32559363389045837,0.8343544539515514,2.3178429946919464e-05,0.1653173075903294,0.00030506002810009675
2024-07-31,-0.024183450577486682,0.0229873746998269,0.03525519195131482,-0.0027988378750390466,64619.25,0.011359846111043197,0,0,0.9564529910519755,0.13090424708111983,0.9564529910519755,1.2958964075019152e-06,0.0431187181487705,0.00042699490290858886
2024-08-01,0.011359846111043197,0.023005161662025906,0.051169349825957236,0.2695880654770311,65357.5,-0.06221701386487153,0,0,0.9380533324384013,0.17193555355461074,0.9380533324384013,2.4450581516943362e-06,0.06071496197890253,0.0012292605246079472
2024-08-02,-0.06221701386487153,0.027219676974485713,0.07063947625331402,0.04963917206212682,61415.06640625,-0.012039486792085179,0,0,0.9145550725911689,0.21125424163670634,0.9145550725911689,0.00013257660974471593,7.0570884994466245e-09,0.08531234374199659
2024-08-03,-0.012039486792085179,0.026769330941905686,0.03809888230438009,-0.3046266566903493,60680.09375,-0.04315788272420938,0,0,0.9978409561406728,0.012679564836446057,0.9978409561406728,0.000548219412223027,0.0011701649698626143,0.000440659477197818
2024-08-04,-0.04315788272420938,0.023674387542548053,0.06628327593069634,0.00018537079148174985,58116.9765625,-0.07363198582120066,0,0,0.9794639829266659,0.07287592174234878,0.9794639829266659,0.00014916180665801553,2.645700336416838e-06,0.02038420956626775
2024-08-05,-0.07363198582120066,0.02801623049064765,0.16942661574136475,1.2330925520546392,53991.45703125,0.03713846509911699,3,3,0.9999999999345164,1.1559711609223855e-09,3.4667524245728954e-13,6.51055716192032e-11,1.1344457689384707e-42,0.9999999999345164
2024-08-06,0.03713846509911699,0.02982802305817332,0.05508489670636402,-0.7933321946568995,56034.31640625,-0.018131945621423673,3,3,0.86088954638154,0.358795261085809,0.05638523385319037,0.08271126076358234,1.3959001792216443e-05,0.86088954638154
2024-08-07,-0.018131945621423673,0.029913610557728378,0.056451359867906864,-0.1689312035906304,55027.4609375,0.11461585743295792,0,0,0.6508953577295535,0.5950159322054123,0.6508953577295535,0.2772467494721339,6.16383741595536e-05,0.07179625442417317
2024-08-08,0.11461585743295792,0.039213168146155955,0.12813193233612666,0.08427061674862518,61710.13671875,-0.013541633552667406,3,3,0.9991757833966951,0.0048162228444359,1.0591809041980565e-13,0.0008242166032118157,2.2954001890214399e-23,0.9991757833966951
2024-08-09,-0.013541633552667406,0.03918534358849129,0.03554533310824957,-0.30395264295850016,60880.11328125,0.0010785754296191252,1,1,0.9141569795984669,0.23431594172736217,0.010563789625238351,0.9141569795984669,2.0871745647844773e-08,0.07527920990463835
2024-08-10,0.0010785754296191252,0.038945673776593276,0.019311340094120496,-0.7527455928986662,60945.8125,-0.03721354652343721,1,1,0.986720030098988,0.05743792863053215,0.005611741458644608,0.986720030098988,4.89424195027618e-10,0.007668227953021403
2024-08-11,-0.03721354652343721,0.03958285214315981,0.05841052546708437,0.3684187585452955,58719.484375,0.01075659964060797,1,1,0.9928807165364605,0.032009200804524324,0.0006074200404425742,0.9928807165364605,1.1175391608280986e-12,0.006511863422073212
2024-08-12,0.01075659964060797,0.03954041907146696,0.05039942727609446,0.4880471673360304,59354.515625,0.02092453927711503,1,1,0.9933698547434104,0.03176794995666301,0.0021454077291293804,0.9933698547434104,4.8210734655878944e-11,0.004484737479333777
2024-08-13,0.02092453927711503,0.039958628396699836,0.05058845844067649,-0.20097957790071241,60609.56640625,-0.0313783013916643,1,1,0.9983699581448825,0.009399297957360601,0.0004275526913862893,0.9983699581448825,1.8228156598885626e-11,0.0012024891455296258
2024-08-14,-0.0313783013916643,0.04034650889245851,0.05473326966262171,-0.01214165400997496,58737.26953125,-0.02024486209713598,1,1,0.9980801836577091,0.010455524825218008,0.00016686113064866924,0.9980801836577091,1.8571634672304212e-13,0.0017529552113905555
2024-08-15,-0.02024486209713598,0.03946469083912811,0.0638820091908016,0.17472973924998317,57560.09765625,0.022911430101342656,1,1,0.9971992712965043,0.014803891705009375,0.0004677294183009624,0.9971992712965043,1.2107800806292287e-12,0.00233299928387473
2024-08-16,0.022911430101342656,0.04005777724271192,0.046479012151775856,-0.19532498330921938,58894.10546875,0.009881840637262366,1,1,0.9985052104746224,0.008750815076993497,0.0004480400458690584,0.9985052104746224,4.002540679069046e-12,0.0010467494755127531
2024-08-17,0.009881840637262366,0.040124990648781424,0.014792386253624163,-0.770013550760447,59478.97265625,-0.01687023792647201,1,1,0.9945320419826427,0.026780135342222375,0.001477516593401272,0.9945320419826427,3.522163116271003e-13,0.00399044142368154
2024-08-18,-0.01687023792647201,0.04005410275453745,0.031073755192645953,0.26654627751026466,58483.96484375,0.017113663556006083,1,1,0.9968321108193969,0.016604635054296917,0.0006634992368357508,0.9968321108193969,1.2777678581337698e-12,0.00250438994238134
2024-08-19,0.017113663556006083,0.040396528678713066,0.02938053057833832,0.37881835074103243,59493.453125,-0.008112024604757306,1,1,0.9942724383629294,0.027248483694621035,0.0009024453856782724,0.9942724383629294,4.0730571940115407e-13,0.004825116250957749
2024-08-20,-0.008112024604757306,0.040161157241730625,0.04720070297257447,0.19890547629694086,59012.79296875,0.035987487774751865,1,1,0.9981166213876871,0.01072188312959202,0.000581938254804871,0.9981166213876871,6.7765530851072646e-12,0.0013014403508327945
2024-08-21,0.035987487774751865,0.04104214484130625,0.04921776590783807,0.03474626666942863,61175.19140625,-0.013052114105543453,1,1,0.998523935812023,0.008316437944410272,0.00012683850385727355,0.998523935812023,2.4193720075958493e-13,0.0013492256839722767
2024-08-22,-0.013052114105543453,0.03873551794824043,0.026379678310648948,-0.16957960499682367,60381.9140625,0.05966667778992524,1,1,0.9973178030043726,0.014565906138120617,0.0018846014906652427,0.9973178030043726,4.040700717723499e-12,0.0007975955008501297
2024-08-23,0.05966667778992524,0.0409030269743259,0.07137932326943523,0.4314739394275386,64094.35546875,0.0013196308130850045,1,1,0.9893288432842945,0.04271574166316215,2.1232795576140573e-05,0.9893288432842945,1.2054691673353889e-13,0.010649923919996845
2024-08-24,0.0013196308130850045,0.039460071913540146,0.013927783271176036,-0.6854025677959481,64178.9921875,0.0024052261605437084,1,1,0.9952528278790991,0.024068237071359702,0.0019999410084567777,0.9952528278790991,5.449911457114461e-12,0.002747231106936123
2024-08-25,0.0024052261605437084,0.034887378383092846,0.018076143331867786,-0.1294907986502434,64333.54296875,-0.022842512079134417,1,1,0.9285790891604319,0.19064076772398098,0.06999682259080925,0.9285790891604319,3.260776212222196e-09,0.0014240849880626343
2024-08-26,-0.022842512079134417,0.03489780697959027,0.026083511741518794,0.3854555340016007,62880.66015625,-0.05519287756090793,1,1,0.7939506341848522,0.39593517153511265,0.19598264323717815,0.7939506341848522,4.808583543966822e-08,0.010066674492066073
2024-08-27,-0.05519287756090793,0.03714502859839835,0.08560828692439824,0.34543790076357733,59504.1328125,-0.00804021450926693,1,1,0.8890734423373368,0.25994003497149043,0.0024873266512326253,0.8890734423373368,6.178814518694664e-14,0.10843923101137702
2024-08-28,-0.00804021450926693,0.02650746626593829,0.03974026462186137,0.029870743911575647,59027.625,0.006089656742738993,0,0,0.7393492975551401,0.4339568451469524,0.7393492975551401,0.25540645185536726,0.0007656527312982264,0.004478597858144942
2024-08-29,0.006089656742738993,0.02642960357109854,0.040375971807310666,-0.2233502383578363,59388.1796875,-0.004534788620027655,0,0,0.9839434987795634,0.06528503951029979,0.9839434987795634,0.013326006391596252,0.0024442281406692893,0.0002862666880582761
2024-08-30,-0.004534788620027655,0.026433484469132608,0.03600091869047491,0.002100688603832659,59119.4765625,-0.0025333050495830443,0,0,0.9976326921029613,0.012958255096631064,0.9976326921029613,0.0002522631640443004,0.0019868625230526618,0.00012818220984901885
2024-08-31,-0.0025333050495830443,0.025071267096082425,0.011256736255931423,-0.9568666117251828,58969.8984375,-0.028281771257721453,0,0,0.9950169905814902,0.023714806447413375,0.9950169905814902,1.4231546532568915e-06,0.004547635251220707,0.0004339510125300265
2024-09-01,-0.028281771257721453,0.025718483530759735,0.03217148512894944,0.6844631516942413,57325.48828125,0.030696731082648924,0,0,0.9979444462399509,0.011198756816140472,0.9979444462399509,1.1219610159349514e-07,0.0002455425189797281,0.0018098990449108136
2024-09-02,0.030696731082648924,0.026258869328950524,0.03835134223387021,0.0947466377627356,59112.48046875,-0.028857442236703133,0,0,0.9975480310769017,0.013289891519965838,0.9975480310769017,1.102380750951493e-05,0.0019915478329800076,0.00044939728258615563
2024-09-03,-0.028857442236703133,0.02611228529599205,0.04161323413643894,-0.013760737470933931,57431.0234375,0.009367548966836616,0,0,0.9994086147321748,0.0039032188504607374,0.9994086147321748,2.557822043507102e-06,0.0002809982174937224,0.0003078292281966158
2024-09-04,0.009367548966836616,0.025808838702500378,0.048962064763191315,0.28969748715439936,57971.5390625,-0.031738730145491646,0,0,0.9959682721788173,0.019900887740249586,0.9959682721788173,1.280553335655875e-06,0.003621051111913117,0.00040939615588165797
2024-09-05,-0.031738730145491646,0.02618540519934404,0.04608451574154288,-0.13815934950089864,56160.48828125,-0.04017885990554018,0,0,0.9992960533335578,0.00447474525416733,0.9992960533335578,3.6928067405505485e-06,0.00015229683798655017,0.0005479570217351736
2024-09-06,-0.04017885990554018,0.027320026891713183,0.08114015318791032,0.46421116641703036,53948.75390625,0.003532917856170691,0,0,0.949279098604631,0.14487918792429302,0.949279098604631,2.4605924725952606e-05,2.4662298865694762e-08,0.050696270808394804
2024-09-07,0.003532917856170691,0.02722949880443016,0.020282241539536037,-0.951504802397772,54139.6875,0.012880905395702242,0,0,0.9980923224402094,0.011150672776956532,0.9980923224402094,8.342568361029822e-05,0.0009337765324976045,0.0008904753437544814
2024-09-08,0.012880905395702242,0.02707391475512367,0.030033816873478083,-0.0425032523069106,54841.56640625,0.03894551366544674,0,0,0.9986320889275156,0.007819081795462497,0.9986320889275156,4.626792780837112e-06,0.0012368718451881376,0.0001264124344581485
2024-09-09,0.03894551366544674,0.028700174429823096,0.06037740218007795,0.6392099213233711,57019.53515625,0.010973955159393974,0,0,0.9930172041317765,0.03145537464134531,0.9930172041317765,2.1154765578815647e-06,0.000565870855473867,0.006414809536282712
2024-09-10,0.010973955159393974,0.027490091527864628,0.02793752841665611,-0.1820021091610219,57648.7109375,-0.005314110423381013,0,0,0.9990304004818756,0.0058972208326294635,0.9990304004818756,2.527368769963611e-05,0.0008234107462111442,0.00012091508421123005
2024-09-11,-0.005314110423381013,0.027394995002285632,0.042271475216507634,0.24986860546018635,57343.171875,0.013576697629400721,0,0,0.9991152024902213,0.005461516882799482,0.9991152024902213,7.810573666445278e-07,0.0006938033159990115,0.0001902131365105394
2024-09-12,0.013576697629400721,0.023552002615822593,0.0207176969345483,-0.0907263593851598,58127.01171875,0.0411907229072504,0,0,0.982202373288884,0.06530658135950916,0.982202373288884,3.152284794430871e-07,0.01757598119570748,0.00022133028682703212
2024-09-13,0.0411907229072504,0.025694902521372933,0.049493904168853686,-0.04056808137536036,60571.30078125,-0.009391286288541528,0,0,0.9939223130556089,0.029824634734157012,0.9939223130556089,8.584874666580415e-06,0.003000259293528226,0.0030688427761213512
2024-09-14,-0.009391286288541528,0.025702280407161198,0.01897904417142521,-0.6819367326467505,60005.12109375,-0.013798343779418605,0,0,0.9958862616420432,0.01987079314003464,0.9958862616420432,6.097117577080514e-06,0.003908421347676268,0.00019921989261423203
2024-09-15,-0.013798343779418605,0.02542176335546373,0.028481389042932764,0.09805744817558142,59182.8359375,-0.016874951656180977,0,0,0.9970288670886033,0.015046293817996815,0.9970288670886033,3.648532265974705e-07,0.0028188124020870065,0.00015195565600016053
2024-09-16,-0.016874951656180977,0.022567309658327036,0.02928507361275701,0.5696917409803123,58192.5078125,0.035717088660707746,0,0,0.9825828628605393,0.06693331015684874,0.9825828628605393,3.560099305736693e-08,0.015972464961602387,0.0014446365768698243
2024-09-17,0.035717088660707746,0.023939889044752617,0.06115252646773564,0.17281180405197827,60308.5390625,0.02199433056839477,0,0,0.9739284807498049,0.10060701013344985,0.9739284807498049,0.00010238884447888509,0.013308798929222168,0.012660331476487648
2024-09-18,0.02199433056839477,0.024375485741104902,0.039672752760399325,0.07377241001323374,61649.6796875,0.020721119053916288,0,0,0.9813429392525951,0.06894772306287338,0.9813429392525951,6.383941528647744e-05,0.018068278553458172,0.0005249427787477881
2024-09-19,0.020721119053916288,0.024678608641414888,0.03594785175497899,0.04109371627494588,62940.45703125,0.0040040116474054175,0,0,0.9848772151514051,0.05767486167557438,0.9848772151514051,3.3671568783974158e-06,0.014805525058805787,0.00031389263294562774
2024-09-20,0.0040040116474054175,0.024642898016091014,0.027770899183935716,-0.19404187012387847,63192.9765625,0.0031893030164782386,0,0,0.9860432579470351,0.053574689878442563,0.9860432579470351,8.195601683488646e-07,0.013816203192339595,0.00013971930039177575
2024-09-21,0.0031893030164782386,0.02348716860501856,0.011992362598025432,-0.8925707521317127,63394.83984375,0.003996604788029707,0,0,0.9790813977657906,0.07508543974089824,0.9790813977657906,1.4342672749789385e-07,0.020381737932472173,0.0005367208749855473
2024-09-22,0.003996604788029707,0.02269713150265007,0.024394764475665073,0.3370315714847143,63648.7109375,-0.005023067643079772,0,0,0.9258584412610402,0.19290083386453644,0.9258584412610402,2.7343960235091885e-07,0.07360226520829377,0.0005390200911123726
2024-09-23,-0.005023067643079772,0.021491598055718472,0.03324628283645838,0.4419590351024218,63329.80078125,0.015234244172186632,0,0,0.7488414727814796,0.41080842714164956,0.7488414727814796,2.388567869476547e-07,0.2502712731842793,0.0008870151775170612
2024-09-24,0.015234244172186632,0.02159573274923557,0.030446919636500244,-0.0476772085016872,64301.96875,-0.01818596455888868,0,2,0.6116036636178149,0.48378440243712373,0.38807064347884795,1.4949199918344779e-06,0.6116036636178149,0.0003241979833971803
2024-09-25,-0.01818596455888868,0.0205642484728947,0.02944308396503604,-0.1771337456747797,63143.14453125,0.03176403065562404,2,2,0.8556696854015844,0.29914919018625447,0.14406142431530664,4.024129979840382e-07,0.8556696854015844,0.00026848787007237426
2024-09-26,0.03176403065562404,0.018249148743313116,0.047890127619949756,0.385477068695744,65181.01953125,0.009309629648678252,2,2,0.9971040411422363,0.015549113604952154,0.002062775263183955,7.912855156859598e-08,0.9971040411422363,0.0008331044660799242
2024-09-27,0.009309629648678252,0.01819609449618847,0.02474063984904773,-0.1399109611882079,65790.6640625,0.0014730503557602514,2,2,0.9999181525888747,0.0006542661835163923,5.024437993997432e-05,4.3961582323221684e-08,0.9999181525888747,3.1559069598483796e-05
2024-09-28,0.0014730503557602514,0.018271282378274554,0.012103878536604511,-0.743409901540105,65887.6484375,-0.0038372626776130244,2,2,0.9998897116403975,0.0008585583086051782,4.59962090741262e-05,1.5302693454069096e-09,0.9998897116403975,6.429062021246675e-05
2024-09-29,-0.0038372626776130244,0.017067179431651047,0.009435899291527914,-0.03033168358715863,65635.3046875,-0.03576247704956806,2,2,0.9999647201555301,0.00030160641255646235,1.011000043300463e-05,4.844053984067287e-10,0.9999647201555301,2.5169359695063698e-05
2024-09-30,-0.03576247704956806,0.019522551298007954,0.04360428394350185,0.9201356156783822,63329.5,-0.04015297041725014,2,2,0.6247028265752426,0.5345797883734803,0.020444143331649685,1.6009578293098116e-08,0.6247028265752426,0.3548530140834196
2024-10-01,-0.04015297041725014,0.02187552281897411,0.06446245905266595,0.3024655759251398,60837.0078125,-0.0033625289659382266,3,3,0.6419357707862574,0.5522957488515223,0.3264396164452165,0.029995806022059306,0.0016288067464320446,0.6419357707862574
2024-10-02,-0.0033625289659382266,0.021770393597182157,0.038935013048904225,-0.20866374560179177,60632.78515625,0.0020860853737759526,0,0,0.8800131100859008,0.3238663267871678,0.8800131100859008,0.01106596490176049,0.09308579950885722,0.015835125503464956
2024-10-03,0.0020860853737759526,0.019736834922037403,0.02617264676178269,-0.12129655266778382,60759.40234375,0.021300283559387175,2,2,0.7595068798243966,0.40033573400092864,0.24006407477690958,7.036310086320477e-05,0.7595068798243966,0.0003586822978505658
2024-10-04,0.021300283559387175,0.020144479764493725,0.03232048235809893,-0.19918799700705542,62067.4765625,0.0003620026165009027,2,2,0.9744911890492299,0.08660818832044571,0.025282599066986457,6.895092024037115e-07,0.9744911890492299,0.0002255223745302709
2024-10-05,0.0003620026165009027,0.019817670573663373,0.010975067862420114,-0.7991126716410871,62089.94921875,0.011672701783517451,2,2,0.9979574359643585,0.01092959876319344,0.001921251839037509,2.899527699845312e-08,0.9979574359643585,0.00012128320134929586
2024-10-06,0.011672701783517451,0.01937973373115737,0.017931242387287077,0.1048492809963055,62818.953125,-0.00931261159307203,2,2,0.9997942680806309,0.0014960680136545312,0.0001483466408060457,5.166386923383623e-09,0.9997942680806309,5.738011224410769e-05
2024-10-07,-0.00931261159307203,0.018049662922329734,0.036813611852690574,0.8407705203820142,62236.66015625,-0.0016835665376192953,2,2,0.998667124296949,0.007560792869080893,8.841933170492513e-05,2.280364228988292e-10,0.998667124296949,0.001244456143402218
2024-10-08,-0.0016835665376192953,0.017404753644636624,0.0214179948627493,-0.19679487884948055,62131.96875,-0.025261155468464205,2,2,0.9999622138108943,0.00032359694218094524,1.6074999585162955e-05,3.305747028572779e-08,0.9999622138108943,2.1678131953168716e-05
2024-10-09,-0.025261155468464205,0.01761347941938629,0.03621899207287012,-0.016611402271933504,60582.1015625,-0.005090366975952731,2,2,0.9989879671716877,0.006198492367883091,0.00028588452296654174,1.6779738261283586e-08,0.9989879671716877,0.0007261315256855991
2024-10-10,-0.005090366975952731,0.01757011773639203,0.03884753295340484,0.09579409357135031,60274.5,0.03537847936044716,2,2,0.9998075357875025,0.0014115494575326424,5.69359839199716e-05,1.0395588155741972e-07,0.9998075357875025,0.00013542427259472615
2024-10-11,0.03537847936044716,0.019476481255234764,0.05372313663322833,-0.0041353158208881115,62445.08984375,0.01190629833225701,2,2,0.9919884921926273,0.03472889351959254,0.0003616956657545148,2.269645237663245e-06,0.9919884921926273,0.007647542496313282
2024-10-12,0.01190629833225701,0.019657503748071587,0.0159118138411986,-0.5939964661843377,63193.0234375,-0.005421094129359056,2,2,0.9996012942375506,0.0027245309399956574,0.00027251340908613015,1.6317743576374544e-06,0.9996012942375506,0.00012456057890256647
2024-10-13,-0.005421094129359056,0.019662674714481847,0.01968160004454954,0.08213959132497242,62851.375,0.049580549288290116,2,2,0.9997912229485006,0.001511203206609762,0.00015702676143082258,7.890502668763663e-09,0.9997912229485006,5.17423995016728e-05
2024-10-14,0.049580549288290116,0.02240653742066171,0.06117451771394612,0.8773211137976374,66046.125,0.014952642422039789,2,2,0.9288224793828483,0.18989938315779276,0.001322293652640032,1.3165260131074762e-07,0.9288224793828483,0.06985509531188994
2024-10-15,0.014952642422039789,0.022110083532315836,0.04582985579510333,0.1115309738998201,67041.109375,0.008490108547449185,2,2,0.9937301473921903,0.03031246529955455,0.004877500009601217,0.0002472118852502269,0.9937301473921903,0.0011451407129830311
2024-10-16,0.008490108547449185,0.021105897660461097,0.023909148010706194,-0.24632870732255657,67612.71875,-0.0031535287872272158,2,2,0.9985998987794333,0.007874263885921107,0.0013187689475663677,1.1861012950919928e-06,0.9985998987794333,8.01461716253642e-05
2024-10-17,-0.0031535287872272158,0.021057413037788457,0.018765925686716364,-0.15255858679011872,67399.8359375,0.01500489704966544,2,2,0.9991978901185048,0.0048646978735603,0.0007376757954093613,2.385702421659544e-08,0.9991978901185048,6.441022907441439e-05
2024-10-18,0.01500489704966544,0.02128256084749945,0.026190608048661707,0.11689904455772099,68418.7890625,-0.000819623721527923,2,2,0.9992389860244238,0.004721920805117179,0.000647636748040031,1.7785653258965077e-08,0.9992389860244238,0.00011335944199626836
2024-10-19,-0.000819623721527923,0.021250531858213788,0.009411080369764686,-0.936805695495101,68362.734375,0.009303330181939204,2,2,0.9985934127098063,0.008242727454365599,0.0010608359927125881,3.296287646040474e-08,0.9985934127098063,0.00034571833462195
2024-10-20,0.009303330181939204,0.01933456998023051,0.018163161280665852,0.272922645738419,69001.703125,-0.023963262921302485,2,2,0.999814108822382,0.0013771172017456822,0.00010839174979356479,7.272916120600636e-09,0.999814108822382,7.749215486351075e-05
2024-10-21,-0.023963262921302485,0.017640686725020557,0.039082184624180324,0.6811369258266574,67367.8515625,-9.56779931777652e-05,2,2,0.9946592418120447,0.025095901185745353,0.00043962408159499194,5.101591219558981e-09,0.9946592418120447,0.004901129004869945
2024-10-22,-9.56779931777652e-05,0.017573214830908936,0.018114392282301855,-0.1645712258988649,67361.40625,-0.013890438213698968,2,2,0.9999584172043114,0.0003538406450782829,2.043555099935007e-05,1.025021010117473e-07,0.9999584172043114,2.1044742670675287e-05
2024-10-23,-0.013890438213698968,0.01808095988042194,0.03333785705608432,0.014218761433654706,66432.1953125,0.02569154796745315,2,2,0.9997794354295414,0.001608205859767116,9.967297765251593e-05,3.6132898933390057e-09,0.9997794354295414,0.00012088797943116632
2024-10-24,0.02569154796745315,0.018321247485856788,0.034401747240422643,-0.02668415020363656,68161.0546875,-0.02253213347279499,2,2,0.9998106838873447,0.0013828179786377914,4.567750194055871e-05,2.6387506201863472e-08,0.9998106838873447,0.00014361222313179542
2024-10-25,-0.02253213347279499,0.019294748947673166,0.04802291943158853,0.2777025973936799,66642.4140625,0.00557070573324996,2,2,0.989938115738651,0.04537109511443836,0.003674735464164149,7.767040834100867e-07,0.989938115738651,0.006386372093034177
2024-10-26,0.00557070573324996,0.019207392260142953,0.014285346229447576,-0.7500477509612956,67014.6953125,0.013555484057566741,2,2,0.9995910517891278,0.002778300837083549,0.0002887226350156949,7.20062882382885e-07,0.9995910517891278,0.00011950551304613101
2024-10-27,0.013555484057566741,0.019101638749900028,0.02022817842540785,-0.15823831788890866,67929.296875,0.028709215102556977,2,2,0.9998678622248894,0.0010078849305989919,8.709041047265169e-05,1.0827369677501914e-08,0.9998678622248894,4.503653736667851e-05
2024-10-28,0.028709215102556977,0.019790708476286306,0.03829521781660275,0.8417327252494203,69907.7578125,0.03944659057776213,2,2,0.9990248205568965,0.005760832473592177,6.956144408508226e-05,3.013692192718607e-10,0.9990248205568965,0.0009056176976475826
2024-10-29,0.03944659057776213,0.019718166757501952,0.052905264517190874,0.4113257477023323,72720.4921875,-0.005252363418187159,2,2,0.9962600660373359,0.0183428545738598,0.00019982252845938815,1.687887701013749e-06,0.9962600660373359,0.003538423546423573
2024-10-30,-0.005252363418187159,0.01972434845561332,0.020646558152790966,-0.36482617752887736,72339.5390625,-0.029806220896924952,2,2,0.999773068468189,0.0016225026785595198,0.00018030159597445371,5.411100658104913e-07,0.999773068468189,4.608882583531495e-05
2024-10-31,-0.029806220896924952,0.020526800907496374,0.04374854799041874,-0.000460802436993612,70215.1875,-0.010490161236778449,2,2,0.9788405641250335,0.08420129658602882,0.012797815537967185,1.2111047304951413e-06,0.9788405641250335,0.008360409232193179
2024-11-01,-0.010490161236778449,0.020789045753675177,0.04000019789164443,0.20736357194674854,69482.46875,-0.00278436278553029,2,2,0.9929988449135095,0.031327104585761184,0.006549270744182895,7.747934834598272e-06,0.9929988449135095,0.0004441364074231403
2024-11-02,-0.00278436278553029,0.02072946464425042,0.012031195755746375,-1.0112431449489883,69289.2734375,-0.00794258611024876,2,2,0.9981148493962774,0.010573552124156272,0.0015055194655154893,8.455033450378316e-08,0.9981148493962774,0.0003795465877591565
2024-11-03,-0.00794258611024876,0.018012951051458333,0.027336372892724888,0.6510025795807494,68741.1171875,-0.013615611362265724,2,2,0.9996561779253393,0.002341759348743615,6.083890570669359e-05,1.2875970391715445e-09,0.9996561779253393,0.0002829818813373723
2024-11-04,-0.013615611362265724,0.01806437923306065,0.03877706505613619,0.16649139949917874,67811.5078125,0.022572112490931908,2,2,0.9995606626409707,0.0029747690478729443,0.00015949318493139574,7.013825530769864e-08,0.9995606626409707,0.00027977403592784484
2024-11-05,0.022572112490931908,0.01865409134362871,0.04417446945401364,0.11159048181691127,69359.5625,0.08666903126846402,2,2,0.9996264659214608,0.0025296924781318753,7.273673825215182e-05,1.3327194483229726e-07,0.9996264659214608,0.00030066406834157623
2024-11-06,0.08666903126846402,0.026636520613827465,0.09437086195317772,0.9460343371953306,75639.078125,0.0035076496874788744,3,3,0.9999897330032589,0.00010008820197121449,2.264800354633128e-06,5.273868639266979e-06,2.7283277587149245e-06,0.9999897330032589
2024-11-07,0.0035076496874788744,0.026550573401142558,0.032444501350477606,-0.6251641391679982,75904.859375,0.008404323339316332,0,0,0.89571738099944,0.31112543839353624,0.89571738099944,0.046522437249402714,0.009149861558325341,0.04861032019288999
2024-11-08,0.008404323339316332,0.026520754138521157,0.020954965394856674,-0.1399867795718889,76545.4765625,0.0030444063813357424,0,0,0.9973156763591239,0.015023882700250547,0.9973156763591239,0.0007974361778654641,0.0016944034558389104,0.00019248400715020952
2024-11-09,0.0030444063813357424,0.026512337719088102,0.015094994299273634,-0.6429209407383218,76778.8671875,0.04700704537184314,0,0,0.9986032919234256,0.008011564702755353,0.9986032919234256,9.444369332126529e-06,0.001238515620565319,0.0001487480865567859
2024-11-10,0.04700704537184314,0.027126226993470372,0.06100082945851426,1.0460309327310502,80474.1875,0.09734014312496264,0,0,0.9383481575605672,0.17381114447289464,0.9383481575605672,3.052221585550644e-07,0.0021902314550535104,0.059461305762303206
2024-11-11,0.09734014312496264,0.033442107437640374,0.10508561458332416,0.3567499924278696,88701.484375,-0.008442066269106777,3,3,0.9955277142019915,0.020681021273298787,1.4740796970901374e-06,0.004470811718126894,1.7803209041167628e-13,0.9955277142019915
2024-11-12,-0.008442066269106777,0.03322650720340931,0.05459302007471081,0.12499504321146486,87955.8125,0.02944485048776148,1,1,0.47898737840755884,0.678216906623878,0.42581186491214873,0.47898737840755884,2.1806075250267305e-05,0.0951789506052556
2024-11-13,0.02944485048776148,0.033306326718331086,0.07923484142380365,-0.07867965359803987,90584.1640625,-0.03749692231881138,1,1,0.924301602859145,0.23068707913295114,0.03231880529063004,0.924301602859145,4.403623626062975e-07,0.04337915148807344
2024-11-14,-0.03749692231881138,0.0343278689457389,0.058250787625956355,-0.3437473213960632,87250.4296875,0.04280211829142622,1,1,0.9643356870808548,0.1270495954871594,0.024434864819796925,0.9643356870808548,7.265388601207326e-09,0.011229440834082827
2024-11-15,0.04280211829142622,0.034881876550075616,0.05209236535071701,-0.1131509106746134,91066.0078125,-0.00558881224411838,1,1,0.9824282200133428,0.06943652512518234,0.01469871604861411,0.9824282200133428,1.6693739076705355e-08,0.002873047244148316
2024-11-16,-0.00558881224411838,0.03519451411269376,0.018438017216948474,-0.5680870983254394,90558.4765625,-0.007900350440318173,1,1,0.9211382219949642,0.2051148457823791,0.07711864553325476,0.9211382219949642,3.259634183370956e-08,0.0017430998753680523
2024-11-17,-0.007900350440318173,0.03536146806100813,0.029955473215452614,0.0444910590674382,89845.8515625,0.007725465406075372,1,1,0.8834021109475738,0.265016691515462,0.11526196988226961,0.8834021109475738,1.2347809857415178e-07,0.0013357956921212111
2024-11-18,0.007725465406075372,0.034798302721825415,0.035377754507587844,0.48838165719237664,90542.640625,0.019697543183651734,1,1,0.563502118296946,0.5206660147631661,0.42928950511277236,0.563502118296946,7.528775603746062e-07,0.007207623712811903
2024-11-19,0.019697543183651734,0.034633342910440484,0.03872358768037746,-0.013524773267599054,92343.7890625,0.021381444998432572,1,1,0.5064474786933462,0.5066764198046441,0.49220146895538597,0.5064474786933462,2.338591146204791e-06,0.0013487137600109332
2024-11-20,0.021381444998432572,0.033228010027110934,0.03479479655217961,-0.038159209186560204,94339.4921875,0.04320463738221239,1,0,0.7653736399115123,0.3969763538781121,0.7653736399115123,0.23380207501217998,6.663423679725453e-06,0.0008176216524195304
2024-11-21,0.04320463738221239,0.03324910466354785,0.049557187333571,0.3907478483835892,98504.7265625,0.004991722095061175,0,0,0.8461290515715879,0.32833988024071986,0.8461290515715879,0.14774417683274227,7.527962580502501e-06,0.0061192436332001415
2024-11-22,0.004991722095061175,0.03304485688067358,0.024574680226435268,-0.30090823747776235,98997.6640625,-0.012404002529793906,0,0,0.963822334053347,0.11395158468587128,0.963822334053347,0.03574893531125234,8.68365059126796e-06,0.0004200469847768531
2024-11-23,-0.012404002529793906,0.033242533179110745,0.01822293522300202,-0.569192764528962,97777.28125,0.0024162403264788948,0,0,0.9906238111189364,0.04007149401564998,0.9906238111189364,0.008714344177804619,8.053496060810151e-06,0.000653791207283449
2024-11-24,0.0024162403264788948,0.03263754918513238,0.02917039202618827,0.15212101158135138,98013.8203125,-0.05140963729329047,0,0,0.9985241637173917,0.00868321964415872,0.9985241637173917,0.0010475494967151669,1.1662564676048736e-05,0.0004166242210572322
2024-11-25,-0.05140963729329047,0.0361459633734736,0.06758283521133591,0.4476405207868327,93102.296875,-0.012069852534281012,0,0,0.7782569204994723,0.403779852166466,0.7782569204994723,0.006876143657683085,9.250231937007779e-10,0.2148669349178498
2024-11-26,-0.012069852534281012,0.03234484941491514,0.04588707726037468,0.12471732789038381,91985.3203125,0.04232881330495687,0,0,0.9866206292280745,0.05598041211071423,0.9866206292280745,0.010848099169785413,1.8017278923249762e-05,0.0025132543234313853
2024-11-27,0.04232881330495687,0.0331043866794829,0.05817390967373008,-0.25349038579641575,95962.53125,-0.003236310003132818,0,0,0.9328662614108779,0.2085890822363323,0.9328662614108779,0.04449017089297663,1.0566476818620883e-05,0.022633001219366847
2024-11-28,-0.003236310003132818,0.03326774949440617,0.020625202760383536,-0.30832630641680736,95652.46875,0.018736162907207532,0,0,0.9867336148101836,0.052607740344480694,0.9867336148101836,0.012689292944092745,6.1500612891954e-06,0.000570942184282056
2024-11-29,0.018736162907207532,0.033251762301834686,0.033708574898347304,0.05053219536256411,97461.5234375,-0.010442730465097628,0,0,0.9960973820096174,0.019647857326619445,0.9960973820096174,0.0033151970680135273,8.679036231764504e-06,0.0005787418859442349
2024-11-30,-0.010442730465097628,0.032535501296964184,0.014050163626700916,-0.552523918815584,96449.0546875,0.008576311620290235,0,0,0.9990144641350827,0.006155326215521449,0.9990144641350827,0.0005179928161340246,8.885600755708837e-06,0.0004586574479711097
2024-12-01,0.008576311620290235,0.025051986563491894,0.021771608680599363,0.1455542864864983,97279.7890625,-0.014647119798360834,0,0,0.9949511877639605,0.023516928797310543,0.9949511877639605,3.6942867148003845e-06,0.004847541364258462,0.0001975765849832699
2024-12-02,-0.014647119798360834,0.02525977122591783,0.03828010964928901,0.6862830534768389,95865.3046875,0.0014266034685602644,0,0,0.9976003917041754,0.0133387506295269,0.9976003917041754,5.42280628065579e-08,0.0014306036445933773,0.0009689504229567867
2024-12-03,0.0014266034685602644,0.024559394816383067,0.027787296787010904,-0.08037282322311796,96002.1640625,0.028408310872006196,0,0,0.9894636576060455,0.04270670585540061,0.9894636576060455,1.9268360208250932e-06,0.010396785992280128,0.0001376295655937864
2024-12-04,0.028408310872006196,0.02323914497239382,0.04603495293446515,0.1406928765577173,98768.53125,-0.022266865312221884,0,0,0.9604475027628934,0.12486656619835912,0.9604475027628934,1.421256805800902e-06,0.03799284520766445,0.0015582307728214354
2024-12-05,-0.022266865312221884,0.022384235118136437,0.1232140758592482,0.6590175727950586,96593.5703125,0.03386480176780916,3,3,0.9999362983521213,0.0005023205532395937,5.882219446573913e-05,4.879453545683109e-06,1.3852730109107941e-15,0.9999362983521213
2024-12-06,0.03386480176780916,0.023311726965930722,0.05529392015591112,-0.45644692935520476,99920.7109375,2.62704848226063e-05,3,3,0.7296840438732319,0.5634893053658777,0.10716108796068535,0.15987468907411231,0.0032801790921309294,0.7296840438732319
2024-12-07,2.62704848226063e-05,0.023149123226024693,0.015336757781571137,-0.760751875088165,99923.3359375,0.013051327819741106,0,0,0.9007584075924804,0.295013153945512,0.9007584075924804,0.011858532775434038,0.06543728844538041,0.021945771186911274
2024-12-08,0.013051327819741106,0.02320886201119897,0.025963848401901187,-0.0011723004625996414,101236.015625,-0.03829250346621322,0,0,0.9083875557443624,0.22343105931836849,0.9083875557443624,0.00016471272965836895,0.09110032676478222,0.00034740476127436895
2024-12-09,-0.03829250346621322,0.024912392568618963,0.07098840963010693,0.9195677400710228,97432.71875,-0.007802793553987951,0,0,0.9678221602002374,0.10262510303392414,0.9678221602002374,1.0988890370019271e-06,2.1997649777743495e-06,0.03217454114569595
2024-12-10,-0.007802793553987951,0.024612368532874046,0.04084697063426228,-0.05433063538017442,96675.4296875,0.04547294957076326,0,0,0.9940838435679195,0.027538287834371997,0.9940838435679195,0.00013158654399097333,0.005443488789883506,0.00034108109798726275
2024-12-11,0.04547294957076326,0.024820352480535997,0.06094640771673034,-0.2050351510864357,101173.03125,-0.011232138149604486,0,0,0.944983130969688,0.16105203957095182,0.944983130969688,0.0003270491154625079,0.001894828436500692,0.05279499147852407
2024-12-12,-0.011232138149604486,0.02495932865320853,0.03183591992943034,-0.16955236898755743,100043.0,0.014057223472297039,0,0,0.9942534168678807,0.02680362569865372,0.9942534168678807,0.00016250343130802983,0.005327612946523186,0.00025646675406728085
2024-12-13,0.014057223472297039,0.024939226798263315,0.02617329847225468,-0.23649004295493342,101459.2578125,-0.0008508417934171539,0,0,0.992830275082797,0.03127128777686891,0.992830275082797,3.3478308429273984e-06,0.00700414756554219,0.0001622295208266123
2024-12-14,-0.0008508417934171539,0.024946009538577497,0.019579461364053224,-0.3418049396705862,101372.96875,0.02845237769652882,0,0,0.992625660468655,0.03185634011979514,0.992625660468655,3.54099914802626e-07,0.007255944750709231,0.00011804068049815697
2024-12-15,0.02845237769652882,0.022245443628592182,0.03663044682441123,0.2352844512947017,104298.6953125,0.016460567443030164,0,0,0.9098033174813441,0.223589500947094,0.9098033174813441,3.6857992350351717e-07,0.08885803026891186,0.001338283669818932
2024-12-16,0.016460567443030164,0.021960387466948977,0.04204098438203204,0.5764012437661953,106029.71875,0.0010452246330361938,0,0,0.6494812723481205,0.47525667666125737,0.6494812723481205,7.840254079527451e-07,0.348759017629161,0.0017589259973890632
2024-12-17,0.0010452246330361938,0.0203568962800023,0.028044978958850057,-0.28294636131913936,106140.6015625,-0.059179154653770175,2,2,0.8661469194807285,0.2849423774411614,0.1336746814935378,1.4622793147842306e-06,0.8661469194807285,0.0001769367462430115
2024-12-18,-0.059179154653770175,0.02489221176582979,0.06426400845836147,0.31372707835863534,100041.5390625,-0.025825905125142587,0,0,0.8592891966116367,0.29323510355599053,0.8592891966116367,1.9152513938483577e-05,6.243339022757279e-06,0.140685407535497
2024-12-19,-0.025825905125142587,0.025328774772678662,0.07344752021060928,0.03512898075790404,97490.953125,0.002714273553183173,0,0,0.9295940570353536,0.20634626085997756,0.9295940570353536,0.011473975111318886,6.886550045073781e-06,0.05892508130328144
2024-12-20,0.002714273553183173,0.02521346120223263,0.06059718723904137,0.08298752799085665,97755.9296875,-0.00544879117211963,0,0,0.992552274551408,0.03739285002696995,0.992552274551408,0.0028253883033625975,0.0015998281316608302,0.0030225090134176295
2024-12-21,-0.00544879117211963,0.02517708982949152,0.03168513025356445,-0.7132603756291542,97224.7265625,-0.022044180382015402,0,0,0.9932597442914978,0.030727107944309755,0.9932597442914978,6.486259451234927e-05,0.006160162317019663,0.0005152307970907388
2024-12-22,-0.022044180382015402,0.025455931301380512,0.03320624783545018,-0.18208506966729665,95104.9375,-0.004412175449120982,0,0,0.9978963127159239,0.0113321256628776,0.9978963127159239,3.189795553781544e-06,0.0019193466750475794,0.0001811508133113316
2024-12-23,-0.004412175449120982,0.02546738088772941,0.04238290624157631,0.4134218609133845,94686.2421875,0.041273994068279446,0,0,0.9967588108379084,0.01648676300598569,0.9967588108379084,2.306446984406068e-07,0.0029233536113615717,0.00031760490590389425
2024-12-24,0.041273994068279446,0.026386952228026245,0.06035957290820503,-0.3254670559543967,98676.09375,0.006294761562737073,0,0,0.9665643915870148,0.10840258111475563,0.9665643915870148,7.237485580348e-05,0.0006676904995897671,0.032695543057400064
2024-12-25,0.006294761562737073,0.025889289037863274,0.01898586634128219,-0.33508089105539435,99299.1953125,-0.035921593296803764,0,0,0.9974733367014152,0.013390306184785934,0.9974733367014152,7.40913164275802e-05,0.0022918496696536497,0.0001607223125632191
2024-12-26,-0.035921593296803764,0.02598346275567132,0.049550205654524865,0.33380717647979086,95795.515625,-0.01716880486495554,0,0,0.9990715582710071,0.005459547463174106,0.9990715582710071,1.8920931544764446e-06,3.363068779468143e-05,0.0008929189482396729
2024-12-27,-0.01716880486495554,0.02619276084958904,0.04230985517255226,0.10797022578249126,94164.859375,0.010553910906912645,0,0,0.9990569727866426,0.00579957195814909,0.9990569727866426,3.1275684139935553e-06,0.0007237480856802131,0.00021615155936572302
2024-12-28,0.010553910906912645,0.026118219097081362,0.0158842681251587,-0.7767666013140087,95163.9296875,-0.017316317368601404,0,0,0.9984833286298778,0.008697726895982555,0.9984833286298778,3.808981908098557e-07,0.001257117348329815,0.0002591731233998431
2024-12-29,-0.017316317368601404,0.025028773204100588,0.02451705744524936,0.20646561884314443,93530.2265625,-0.00952898919172895,0,0,0.9971849595931159,0.014544385661406981,0.9971849595931159,2.5929682879771957e-07,0.0025762108670167546,0.00023857024317722726
